source_code,dest_code,n_pixels,n_baseline,delta_alt_median_transition,delta_alt_median_baseline,delta_alt_cliffs_delta,delta_alt_pvalue,delta_lat_signed_median_transition,delta_lat_signed_median_baseline,delta_lat_signed_cliffs_delta,delta_lat_signed_pvalue,delta_lat_poleward_median_transition,delta_lat_poleward_median_baseline,delta_lat_poleward_cliffs_delta,delta_lat_poleward_pvalue,distance_km_median_transition,distance_km_median_baseline,distance_km_cliffs_delta,distance_km_pvalue,age_from,age_to
20.0,21.0,79614,187758,30.30664,30.30664,0.05555885228118318,0.0,1.6814976,1.9567299,0.12787624951390253,0.0,0.13159567,-2.7478967,0.30164431445080675,0.0,380.19995,388.94025,-0.13537452150318763,0.0,6.0,0.0
20.0,56.0,2644,187758,30.08091,30.30664,0.0027242272575447313,0.8095114,3.2310133,1.9567299,-0.1688947536178116,0.0,-3.40451,-2.7478967,-0.3576048917959689,0.0,448.79236,388.94025,0.3689374494825226,0.0,6.0,0.0
20.0,94.0,1951,187758,87.94278,30.30664,0.10703028313887519,3.6350665e-16,-3.938878,1.9567299,-0.9922599856433187,0.0,-3.5560787,-2.7478967,-0.2921736765215335,0.0,439.78122,388.94025,0.4008948501486933,0.0,6.0,0.0
20.0,98.0,5,187758,36.73323,30.30664,0.3449791753214244,0.18130238,4.630655,1.9567299,1.0,0.000107540276,4.630655,-2.7478967,1.0,0.000107540276,523.6499,388.94025,0.9509240618242631,0.00023064077,6.0,0.0
20.0,99.0,10646,187758,-2089.6455,30.30664,-0.9050992347148521,0.0,-3.173838,1.9567299,-0.5752982332030332,0.0,-1.9493096,-2.7478967,-0.0008367300546480161,0.8843475,401.84082,388.94025,-0.10572701308606469,0.0,6.0,0.0
20.0,105.0,11569,187758,30.30664,30.30664,0.05977793514835095,2.943318e-27,2.8630104,1.9567299,0.2540772545952481,0.0,2.9074318,-2.7478967,0.6904438914072848,0.0,514.047,388.94025,0.8222346322874712,0.0,6.0,0.0
21.0,20.0,69602,381025,30.085793,30.306656,-0.08359562658621067,0.0,2.7194114,2.8425026,-0.10746734121258783,0.0,-2.5312958,0.24367227,-0.08849242177030003,0.0,408.21375,404.6848,0.16387102684621824,0.0,6.0,0.0
21.0,56.0,758,381025,21.823456,30.306656,-0.11098566064076221,1.2307794e-07,3.917502,2.8425026,0.49886227591559296,0.0,3.917502,0.24367227,0.754485888033926,0.0,568.49915,404.6848,0.8395044785287014,0.0,6.0,0.0
21.0,94.0,53175,381025,30.30664,30.306656,-0.024981648670119316,8.8068046e-21,4.1076827,2.8425026,0.5216730564473806,0.0,4.045473,0.24367227,0.6632757960203539,0.0,477.30124,404.6848,0.5216498819299031,0.0,6.0,0.0
21.0,98.0,1689,381025,31.860306,30.306656,0.1419273252102038,6.5345644e-24,4.562334,2.8425026,0.8238309700987672,0.0,4.562334,0.24367227,0.870785508954629,0.0,523.80316,404.6848,0.9551924712753053,0.0,6.0,0.0
21.0,99.0,27715,381025,-1200.286,30.306656,-0.9267693252612725,0.0,-0.14872211,2.8425026,-0.33561668336650397,0.0,1.2644572,0.24367227,0.16183183052947747,0.0,441.74258,404.6848,0.2961329925808167,0.0,6.0,0.0
21.0,105.0,17798,381025,30.306656,30.306656,0.07163660892194668,0.0,2.6846523,2.8425026,0.03436306508740827,8.418114e-15,2.7122498,0.24367227,0.4970353457867205,0.0,453.88654,404.6848,0.42717698685654004,0.0,6.0,0.0
21.0,106.0,174,381025,-2292.8804,30.306656,-0.9788930795411952,0.0,-4.5851917,2.8425026,-0.8868251321488393,0.0,-4.5851917,0.24367227,-0.87687265218516,0.0,582.23065,404.6848,0.9937583062021906,0.0,6.0,0.0
56.0,20.0,4097,2108,30.437485,30.701836,0.05386155186444097,0.0005009392,-3.1225681,-3.776908,0.200289446760461,2.6286313e-38,-3.3205318,-3.776908,0.349554262641383,0.0,387.3549,457.2353,-0.45556810439813644,0.0,6.0,0.0
56.0,21.0,2629,2108,35.462143,30.701836,0.1946494471603044,9.261516e-31,-3.8811245,-3.776908,-0.3274345480962235,0.0,-3.8811245,-3.776908,-0.1579445579628187,8.268347e-21,460.67728,457.2353,0.031181905515982544,0.06473054,6.0,0.0
56.0,94.0,8,2108,-37.19403,30.701836,0.007945920303605414,0.9692448,-3.9912965,-3.776908,-1.0,1.0172847e-06,-3.9912965,-3.776908,-1.0,1.0172847e-06,463.6823,457.2353,0.5349857685009487,0.008922291,6.0,0.0
56.0,99.0,32,2108,-1231.8096,30.701836,-0.8992528462998103,2.2737088e-18,-3.853198,-3.776908,-0.48307044592030357,2.6486196e-06,-3.853198,-3.776908,-0.48307044592030357,2.6486196e-06,453.07205,457.2353,-0.319467504743833,0.0018978511,6.0,0.0
56.0,105.0,204,2108,30.502998,30.701836,0.10500613907802214,0.013140812,3.3612826,-3.776908,0.5576840793243294,1.293513e-39,3.3612826,-3.776908,0.8149905123339658,0.0,552.4046,457.2353,0.8149905123339658,0.0,6.0,0.0
94.0,20.0,280,73083,516.81555,30.30664,0.7426388978480436,0.0,2.4221659,3.9895556,-0.4937362802762417,0.0,2.4154515,3.9158323,-0.5627920602993466,0.0,275.00555,474.37936,-0.8486405867301561,0.0,6.0,0.0
94.0,21.0,19610,73083,38.568512,30.30664,0.08796390805943655,0.0,2.8979945,3.9895556,-0.3696740720697974,0.0,2.4087992,3.9158323,-0.42186365919846514,0.0,400.08133,474.37936,-0.4136461130238689,0.0,6.0,0.0
94.0,98.0,472,73083,22.404198,30.30664,-0.1532040596053199,9.076254e-09,4.5276413,3.9895556,0.2599944989409533,1.8082194e-22,4.5276413,3.9158323,0.26999392610723305,4.1892553e-24,523.1323,474.37936,0.7368652938602198,0.0,6.0,0.0
94.0,99.0,14945,73083,-1558.1166,30.30664,-0.9338791144339172,0.0,-0.5234715,3.9895556,-0.5940018499935409,0.0,1.4213974,3.9158323,-0.6105208280559773,0.0,387.96725,474.37936,-0.44025398291516626,0.0,6.0,0.0
94.0,105.0,5861,73083,30.306671,30.30664,0.0027129744055358618,0.7292273,4.0964346,3.9895556,-0.10369919850228693,5.86982e-40,-4.136182,3.9158323,-0.8665994685621576,0.0,480.61798,474.37936,0.09059769027165254,6.6695067e-31,6.0,0.0
94.0,106.0,300,73083,-1491.7191,30.30664,-0.8385941098933176,0.0,-4.38673,3.9895556,-0.4655423285853071,3.6e-44,-4.38673,3.9158323,-0.4563096296904433,1.732e-42,583.0471,474.37936,0.8905286227075151,0.0,6.0,0.0
98.0,20.0,8,31913,723.9034,30.306671,0.7925375238930843,0.000103391496,3.5673656,1.856065,0.44902547551154703,0.027846837,-3.5673656,1.856065,-0.8253376366997776,5.2833984e-05,468.503,580.71704,-1.0,9.668429e-07,6.0,0.0
98.0,99.0,832,31913,-367.9889,30.306671,-0.8879339020269049,0.0,2.849009,1.856065,-0.07967130889509699,8.515024e-05,2.8260112,1.856065,-0.09350798083250378,3.9909496e-06,528.88586,580.71704,-0.5610136121281657,0.0,6.0,0.0
98.0,105.0,18889,31913,29.383545,30.306671,-0.1541671881941018,0.0,2.8133397,1.856065,0.01005730451747322,0.05776224,1.0849336,1.856065,-0.07788428548918791,0.0,568.4074,580.71704,-0.5113623947998132,0.0,6.0,0.0
98.0,106.0,2626,31913,-326.09787,30.306671,-0.8668846296202912,0.0,3.7199302,1.856065,0.4769314632038566,0.0,3.7199302,1.856065,0.4769314632038566,0.0,580.5134,580.71704,-0.044412444734731826,0.00015120352,6.0,0.0
99.0,20.0,15007,3021913,1266.9613,-8.55957,0.8902326943172778,0.0,1.2523762,0.87326765,-0.04015426308153636,1.9139029e-17,0.99397403,-0.55293894,0.1202223019356774,0.0,363.0561,484.1412,-0.3758421693948282,0.0,6.0,0.0
99.0,21.0,37403,3021913,313.25995,-8.55957,0.7681383033692073,0.0,2.7981637,0.87326765,0.2542238646928412,0.0,1.7879052,-0.55293894,0.3105754216016128,0.0,428.00082,484.1412,-0.24400286276968675,0.0,6.0,0.0
99.0,56.0,376,3021913,400.93988,-8.55957,0.8087751301203026,0.0,3.448454,0.87326765,0.5249680496877873,0.0,-3.4414005,-0.55293894,-0.5815296504691889,0.0,398.7041,484.1412,-0.23634281690143422,2.0672165e-15,6.0,0.0
99.0,94.0,22518,3021913,449.61224,-8.55957,0.7895041235440987,0.0,1.5607817,0.87326765,-0.09041799218635649,0.0,2.1900215,-0.55293894,0.20874639577942178,0.0,444.4293,484.1412,-0.17721929904129197,0.0,6.0,0.0
99.0,98.0,3990,3021913,384.82056,-8.55957,0.7927434104802111,0.0,-4.256624,0.87326765,-0.5730267741478208,0.0,-4.256624,-0.55293894,-0.45060802366300046,0.0,572.18945,484.1412,0.4095650095873187,0.0,6.0,0.0
99.0,105.0,15696,3021913,240.67798,-8.55957,0.7378769267748604,0.0,-1.4230312,0.87326765,-0.346691153208902,0.0,-0.2634473,-0.55293894,-0.013482358386896154,0.0035221595,494.83838,484.1412,0.1295120248909587,0.0,6.0,0.0
99.0,106.0,24708,3021913,85.36489,-8.55957,0.321086870598996,0.0,-1.5002506,0.87326765,-0.08894713185009295,0.0,-1.5002506,-0.55293894,0.03378669613898899,5.1285944e-20,567.78107,484.1412,0.4378849978582384,0.0,6.0,0.0
105.0,20.0,10515,382504,27.683838,30.30664,-0.13199419996306538,0.0,-2.329615,-0.50245774,-0.21978589660091907,0.0,-2.353468,-0.16786253,-0.2970277297017181,0.0,439.52173,480.6407,-0.429974836385837,0.0,6.0,0.0
105.0,21.0,3437,382504,-137.4371,30.30664,-0.2901640158331653,0.0,-1.1906223,-0.50245774,-0.1719401052121633,0.0,-1.1505499,-0.16786253,-0.19291755180132986,0.0,369.76797,480.6407,-0.8830305750726172,0.0,6.0,0.0
105.0,56.0,227,382504,30.049118,30.30664,0.023610129993400397,0.53734434,3.6811602,-0.50245774,0.776468365053981,0.0,3.6811602,-0.16786253,0.7095453368211013,0.0,563.2661,480.6407,0.646458357269432,0.0,6.0,0.0
105.0,94.0,173,382504,22.793396,30.30664,0.05756418702002475,0.18918385,-4.24415,-0.50245774,-0.7381574097256787,0.0,4.2107105,-0.16786253,0.34570055196974625,3.439952e-15,480.80536,480.6407,0.08927068230288793,0.042026084,6.0,0.0
105.0,98.0,29385,382504,34.401062,30.30664,0.17522678204668818,0.0,-3.605823,-0.50245774,-0.3778228924051755,0.0,-3.605823,-0.16786253,-0.41407037712477224,0.0,559.76605,480.6407,0.6829118874653044,0.0,6.0,0.0
105.0,99.0,7153,382504,-556.9392,30.30664,-0.8858913188314737,0.0,-4.4643307,-0.50245774,-0.37975436293676956,0.0,-4.4643307,-0.16786253,-0.4520544103051829,0.0,524.98303,480.6407,0.3759388220083806,0.0,6.0,0.0
105.0,106.0,1537,382504,-490.08655,30.30664,-0.8730956088946662,0.0,-4.446174,-0.50245774,-0.7265221279752292,0.0,-4.446174,-0.16786253,-0.7504676287735097,0.0,578.49,480.6407,0.7457938618382085,0.0,6.0,0.0
106.0,98.0,5600,88061,239.07542,13.998535,0.5218752261013875,0.0,2.1143723,4.234247,-0.47244300420001073,0.0,2.1143723,4.234247,-0.47244300420001073,0.0,582.432,576.96246,0.3906668186176141,0.0,6.0,0.0
106.0,99.0,12661,88061,64.97106,13.998535,0.19371019231441,0.0,3.198975,4.234247,-0.48256104283450696,0.0,1.735082,4.234247,-0.6553521683964643,0.0,527.0735,576.96246,-0.5282359996378676,0.0,6.0,0.0
106.0,105.0,2392,88061,311.13733,13.998535,0.6061349319692844,0.0,1.7350814,4.234247,-0.5853855618249421,0.0,-2.5796254,4.234247,-0.7205749822475975,0.0,527.4548,576.96246,-0.46712677009882064,0.0,6.0,0.0
20.0,21.0,84102,149840,11.790283,26.862732,-0.3023714971998447,0.0,1.041501,1.5666072,0.12266725673270695,0.0,0.63804126,-1.8457243,0.3627052264784163,0.0,316.2799,260.62134,0.4078551104515844,0.0,11.0,6.0
20.0,56.0,5459,149840,26.82727,26.862732,-0.10491680226142419,8.16632e-40,-2.461637,1.5666072,-0.6667744647841742,0.0,-2.461637,-1.8457243,-0.40288887006737695,0.0,304.97812,260.62134,0.2318024223090207,0.0,11.0,6.0
20.0,94.0,156,149840,7.2305517,26.862732,-0.5183369097978014,3.140011e-29,3.183829,1.5666072,0.9327928422796281,0.0,3.183829,-1.8457243,0.078980570728435,0.08768945,354.0479,260.62134,0.8848101650307336,0.0,11.0,6.0
20.0,99.0,8658,149840,-755.36633,26.862732,-0.9165112710661296,0.0,0.840454,1.5666072,-0.0060213453833315445,0.34540096,0.51925504,-1.8457243,0.46809795467363546,0.0,242.32251,260.62134,-0.13485003700566967,0.0,11.0,6.0
20.0,105.0,11627,149840,26.862732,26.862732,-0.022054162896889662,7.0382455e-05,1.5226403,1.5666072,-0.11410805108201538,0.0,1.5214137,-1.8457243,0.3930915662409389,0.0,348.73514,260.62134,0.7423297777771247,0.0,11.0,6.0
21.0,20.0,119183,406907,26.862732,26.862732,0.014793296711940629,6.7911112e-15,0.43606937,2.103545,-0.22497933230533818,0.0,-1.8703845,0.2413303,-0.37791129838326576,0.0,265.95483,268.85028,0.017479720386900377,3.848682e-20,11.0,6.0
21.0,56.0,1662,406907,26.901802,26.862732,-0.0938119522942642,3.6512324e-11,-2.092253,2.103545,-0.4850315690658723,0.0,1.7598798,0.2413303,0.27992587158875515,0.0,272.729,268.85028,0.2671914166178828,0.0,11.0,6.0
21.0,94.0,24989,406907,27.301376,26.862732,0.0575747474725643,0.0,2.6095626,2.103545,0.4019434514170406,0.0,2.520097,0.2413303,0.4969639456869235,0.0,304.74808,268.85028,0.4804088787946219,0.0,11.0,6.0
21.0,98.0,466,406907,17.734856,26.862732,-0.13679318652717842,3.1027503e-07,2.7439065,2.103545,0.6488410882257991,0.0,2.7439065,0.2413303,0.7596712659010325,0.0,384.1352,268.85028,0.9838643730119772,0.0,11.0,6.0
21.0,99.0,19761,406907,-697.28766,26.862732,-0.9351725812551105,0.0,1.1450019,2.103545,-0.21809119346048667,0.0,0.951041,0.2413303,0.1618807788856509,0.0,268.64368,268.85028,0.058106187737437365,2.05e-43,11.0,6.0
21.0,105.0,15773,406907,103.989624,26.862732,0.36522914762578784,0.0,-0.58194894,2.103545,-0.6378433654962223,0.0,-0.7345248,0.2413303,-0.20223471825374228,0.0,264.74615,268.85028,0.11105624985552764,0.0,11.0,6.0
21.0,106.0,54,406907,-117.018326,26.862732,-0.813750143471677,3.484111e-25,2.7643087,2.103545,0.6971571172555673,7.135573e-19,2.7643087,0.2413303,0.8020469050667598,1.8315707e-24,383.79944,268.85028,0.9940231132985251,1.1047188e-36,11.0,6.0
56.0,20.0,7051,975,26.862732,43.03469,-0.001291688031157645,0.9476967,2.1040843,2.2635841,-0.2960850070366451,0.0,1.8621073,-2.2899873,0.6726859619839338,0.0,352.61697,265.20407,0.5016375200462564,0.0,11.0,6.0
56.0,21.0,525,975,17.522354,43.03469,-0.015267399267399284,0.6253569,0.8729789,2.2635841,-0.6307692307692307,0.0,0.74581355,-2.2899873,1.0,0.0,352.92743,265.20407,0.33333333333333326,1.5368e-26,11.0,6.0
56.0,99.0,7,975,-5.9428997,43.03469,-0.5375824175824175,0.01417462,2.413913,2.2635841,1.0,1.1694672e-17,-2.413913,-2.2899873,-0.6307692307692307,0.002513799,272.19595,265.20407,0.6307692307692307,0.0040008714,11.0,6.0
56.0,105.0,5215,975,26.791656,43.03469,-0.2664524915800084,1.7301e-40,2.200989,2.2635841,0.07002305971433498,0.00050941115,2.200989,-2.2899873,1.0,0.0,366.37112,265.20407,1.0,0.0,11.0,6.0
94.0,20.0,1904,69493,-225.3154,27.034561,-0.2999819853689393,0.0,-2.637495,2.4950976,-0.8749270224544713,0.0,-2.637495,2.4342585,-0.8362789124398842,0.0,293.67828,301.7613,-0.4297584851361004,0.0,11.0,6.0
94.0,21.0,29332,69493,26.90609,27.034561,-0.055300778670325235,4.04e-43,2.4331799,2.4950976,-0.12750745832202925,0.0,2.1092162,2.4342585,-0.23130052308555005,0.0,301.86096,301.7613,-0.05234947007201751,9.1729e-39,11.0,6.0
94.0,98.0,477,69493,26.862732,27.034561,-0.12345988062505187,3.1701638e-06,2.8323815,2.4950976,0.2023733382977113,2.3603681e-14,2.8323815,2.4342585,0.15091733143205133,1.2744865e-08,385.72797,301.7613,0.8427210185204543,0.0,11.0,6.0
94.0,99.0,13232,69493,-889.87164,27.034561,-0.9161381840656191,0.0,-0.16833697,2.4950976,-0.510581353996125,0.0,-0.15395793,2.4342585,-0.5856332954537486,0.0,282.19128,301.7613,-0.31812224208432016,0.0,11.0,6.0
94.0,105.0,7661,69493,27.28151,27.034561,-0.07138356392863943,8.790275e-25,2.3759675,2.4950976,-0.2244608601776329,0.0,-2.3759675,2.4342585,-0.7792472434744714,0.0,322.86386,301.7613,0.28991191131775196,0.0,11.0,6.0
94.0,106.0,405,69493,-314.07672,27.034561,-0.8551817191641826,0.0,2.3688507,2.4950976,-0.1505641655354576,1.6684635e-07,-2.3645089,2.4342585,-0.8173855684549807,0.0,317.31064,301.7613,0.20368624035851912,1.4497975e-12,11.0,6.0
98.0,94.0,205,38529,29.952713,26.862732,-0.024263130274376765,0.5482651,2.27778,1.4430486,-0.13477121129538794,0.0008581768,-2.3218782,1.424488,-0.997555468196588,0.0,321.04782,386.67212,-0.9134437221503726,0.0,11.0,6.0
98.0,99.0,538,38529,-176.64569,26.862732,-0.8068099334436543,0.0,3.1221845,1.4430486,0.4654514568806907,0.0,3.1221845,1.424488,0.4673233631481757,0.0,377.02045,386.67212,-0.3869568241987569,0.0,11.0,6.0
98.0,105.0,15604,38529,26.862732,26.862732,0.007831526895826224,0.15271549,2.2422228,1.4430486,0.37903156225938184,0.0,2.2422228,1.424488,0.381053769217631,0.0,380.23718,386.67212,-0.4886980982089023,0.0,11.0,6.0
98.0,106.0,2842,38529,-241.24417,26.862732,-0.8958641953695132,0.0,2.4168754,1.4430486,0.15020154718995848,7.4944e-41,2.4168754,1.424488,0.11812144974140404,6.592238e-26,387.31232,386.67212,0.1249350932623221,8.702605e-29,11.0,6.0
99.0,20.0,16023,3153716,884.35706,7.5825195,0.8592923806000672,0.0,-0.014332389,0.67799085,-0.17436020809865616,0.0,0.021583147,-0.40230703,0.10256627564900378,0.0,248.63391,324.06558,-0.3318959313254193,0.0,11.0,6.0
99.0,21.0,29626,3153716,273.5226,7.5825195,0.7128733382861625,0.0,2.0109959,0.67799085,0.23073231406247285,0.0,1.0997343,-0.40230703,0.24301839858605212,0.0,301.55136,324.06558,-0.13695444898923637,0.0,11.0,6.0
99.0,56.0,434,3153716,69.56978,7.5825195,0.5565498051649616,0.0,2.3559487,0.67799085,0.1496870105857655,6.633634e-08,-2.223042,-0.40230703,-0.22168024176736967,1.2605685e-15,271.3689,324.06558,-0.15041122025236286,5.73258e-08,11.0,6.0
99.0,94.0,15797,3153716,470.98193,7.5825195,0.7830396667837929,0.0,1.4354885,0.67799085,0.10764068805085558,0.0,1.3147866,-0.40230703,0.30005734898267766,0.0,215.7766,324.06558,-0.35184123383548094,0.0,11.0,6.0
99.0,98.0,606,3153716,268.00458,7.5825195,0.7260034683292385,0.0,2.6056135,0.67799085,0.28784084465047677,1.2839614e-34,2.6056135,-0.40230703,0.28321786150691186,1.4370668e-33,381.69318,324.06558,0.3020785476069767,5.925956e-38,11.0,6.0
99.0,105.0,13346,3153716,251.0278,7.5825195,0.7190338505809772,0.0,-1.587908,0.67799085,-0.39527329523971355,0.0,-1.9520676,-0.40230703,-0.2641840360624099,0.0,344.89832,324.06558,0.1559718041318472,0.0,11.0,6.0
99.0,106.0,13374,3153716,-46.171204,7.5825195,-0.14042084962166357,0.0,2.595529,0.67799085,0.36327748841862095,0.0,1.8965592,-0.40230703,0.18833643076105266,0.0,354.44077,324.06558,0.2446664230040636,0.0,11.0,6.0
105.0,20.0,6069,379589,23.064102,26.862732,-0.21544723649668318,0.0,-1.612481,-0.6300905,-0.2718502515465122,0.0,-1.6119426,0.16886854,-0.4529618034494065,0.0,310.10065,325.5716,-0.519718940785102,0.0,11.0,6.0
105.0,21.0,12065,379589,-49.611618,26.862732,-0.37659927835858087,0.0,-2.5715294,-0.6300905,-0.14475378209055323,0.0,-2.5610254,0.16886854,-0.25110951109108337,0.0,320.727,325.5716,-0.30629979767514315,0.0,11.0,6.0
105.0,56.0,635,379589,19.07434,26.862732,-0.43611470533100216,0.0,-2.5918508,-0.6300905,-0.5960706734550836,0.0,-2.5918508,0.16886854,-0.7087208558332352,0.0,314.2553,325.5716,-0.5170901482484069,0.0,11.0,6.0
105.0,94.0,3694,379589,-216.41357,26.862732,-0.3921267911168784,0.0,-2.865868,-0.6300905,-0.5993442037927087,0.0,-2.845233,0.16886854,-0.6410956367316399,0.0,333.41583,325.5716,0.12885894981821044,1.5725e-41,11.0,6.0
105.0,98.0,11574,379589,26.562958,26.862732,-0.12103669685178398,0.0,2.177627,-0.6300905,0.3552334597550719,0.0,1.2315371,0.16886854,0.13128915746527947,0.0,355.34265,325.5716,0.6004971254042171,0.0,11.0,6.0
105.0,99.0,9516,379589,-620.7196,26.862732,-0.9222603934344683,0.0,-2.7999868,-0.6300905,-0.5394880737864407,0.0,-2.7729,0.16886854,-0.5318127815774321,0.0,352.02573,325.5716,0.40379056979008543,0.0,11.0,6.0
105.0,106.0,700,379589,-247.08635,26.862732,-0.8810747564188786,0.0,2.159103,-0.6300905,0.32562908830340187,0.0,-2.168488,0.16886854,-0.2152295132743196,6.5894056e-23,353.98462,325.5716,0.2799523356653042,1.3135467e-37,11.0,6.0
106.0,21.0,52,98070,78.247635,43.46804,0.2452282906244363,0.002198116,3.055147,2.896162,0.17883419221748986,0.025546787,3.055147,2.896162,0.24774337012024383,0.0019782684,349.45404,382.8382,-0.844979645622044,5.029164e-26,11.0,6.0
106.0,94.0,1242,98070,120.12775,43.46804,0.32659346317913185,0.0,-2.4830709,2.896162,-0.7894547947693217,0.0,2.579627,2.896162,-0.2968213575140305,0.0,320.8937,382.8382,-0.9660073311859303,0.0,11.0,6.0
106.0,98.0,4415,98070,215.00214,43.46804,0.5120315613422866,0.0,2.3031075,2.896162,-0.3097775562120153,0.0,2.3031075,2.896162,-0.30984639326082863,0.0,387.53366,382.8382,0.23462320867487696,0.0,11.0,6.0
106.0,99.0,16625,98070,28.903625,43.46804,-0.09425327098719571,0.0,1.7506409,2.896162,-0.40786503057889445,0.0,2.3642125,2.896162,-0.21904911192021048,0.0,353.4709,382.8382,-0.4888915448609287,0.0,11.0,6.0
106.0,105.0,1408,98070,190.8212,43.46804,0.4714459378505149,0.0,3.1291904,2.896162,0.0050460173971282885,0.74471074,3.1291904,2.896162,0.030275054286363234,0.050740957,384.19135,382.8382,-0.05628626815725313,0.0002810388,11.0,6.0
20.0,21.0,61498,169403,0.68878174,0.68878174,0.03453946954314002,4.6532835e-37,0.21601187,0.10274166,0.1269340609791818,0.0,-0.32215786,-0.26578638,-0.10058366743104663,0.0,158.23361,75.62629,0.3190807774045592,0.0,15.0,11.0
20.0,56.0,7867,169403,0.68878174,0.68878174,-0.030706450537905883,3.9270603e-06,0.36483765,0.10274166,0.2736538041880796,0.0,0.3417581,-0.26578638,0.2281630334267708,0.0,49.30235,75.62629,-0.6339107182237784,0.0,15.0,11.0
20.0,94.0,3649,169403,-58.68872,0.68878174,-0.1486903016680471,0.0,-0.04110513,0.10274166,0.2605328560311764,0.0,-0.06049012,-0.26578638,-0.16070939477888257,0.0,27.91709,75.62629,-0.23861404006160325,0.0,15.0,11.0
20.0,99.0,12382,169403,-1098.499,0.68878174,-0.8899575495090971,0.0,0.04787679,0.10274166,0.19523846011765977,0.0,-0.022453208,-0.26578638,0.18661042802213013,0.0,72.28086,75.62629,-0.11918036080020078,0.0,15.0,11.0
20.0,105.0,4890,169403,0.688797,0.68878174,-0.07660946144482106,5.4481954e-20,-0.09018822,0.10274166,-0.027462947680804817,0.0010406469,-0.10001841,-0.26578638,0.06866909629844442,2.4107108e-16,83.46142,75.62629,-0.04996950737636119,2.4198954e-09,15.0,11.0
21.0,20.0,74476,459733,0.680336,0.688797,-0.0754781591191932,0.0,0.52689564,-0.4848314,0.29925075188307715,0.0,0.018438153,-0.52986944,0.30447562911707626,0.0,83.033005,96.881424,-0.11872259892892778,0.0,15.0,11.0
21.0,56.0,1614,459733,-2.725586,0.688797,-0.20779397165906854,0.0,0.5601857,-0.4848314,0.5059428654255438,0.0,0.55936694,-0.52986944,0.5017334303122027,0.0,66.979004,96.881424,-0.6618575569364138,0.0,15.0,11.0
21.0,94.0,28385,459733,0.9187927,0.688797,-0.011979271771297095,0.0006854457,0.14420524,-0.4848314,0.22046164972686455,0.0,-0.318239,-0.52986944,0.0672266956172971,0.0,112.55432,96.881424,0.06295309399437854,0.0,15.0,11.0
21.0,98.0,76,459733,-2.2793198,0.688797,-0.026600050578556633,0.6876799,0.11065985,-0.4848314,0.16516932539905604,0.01263863,-0.11065985,-0.52986944,0.27048119577873986,4.4299195e-05,118.258316,96.881424,0.312575422782583,2.3655246e-06,15.0,11.0
21.0,99.0,35889,459733,-704.109,0.688797,-0.8961660830868867,0.0,0.14086972,-0.4848314,0.20271458244529228,0.0,0.044563364,-0.52986944,0.2854710817006336,0.0,93.44906,96.881424,-0.09116786314315595,0.0,15.0,11.0
21.0,105.0,4239,459733,3.4568481,0.688797,0.11143423988499479,5.7579862e-36,0.026602035,-0.4848314,0.2529007853557421,0.0,-0.0862925,-0.52986944,0.25064154505217084,0.0,73.92983,96.881424,-0.15324909757267968,0.0,15.0,11.0
56.0,20.0,3593,2739,1.6339417,0.68878174,0.11403456093432252,5.8787094e-15,-0.5840178,0.28803268,-0.14119590981896868,5.389258e-22,-0.60536796,0.22858877,-0.4993837658657808,0.0,97.51028,37.54941,0.2598565199237859,0.0,15.0,11.0
56.0,21.0,787,2739,33.616943,0.68878174,0.37526147097341656,0.0,0.6404258,0.28803268,0.5186883609289881,0.0,-0.6404258,0.22858877,-0.8052424553243586,0.0,197.71024,37.54941,0.4098848901439187,0.0,15.0,11.0
56.0,99.0,21,2739,-39.698822,0.68878174,-0.6164745562335924,5.7984107e-07,0.51080173,0.28803268,0.4017281246196909,0.0014944882,-0.50885296,0.22858877,-0.11601383890540518,0.35913327,197.83528,37.54941,0.8251708131226203,6.877396e-11,15.0,11.0
56.0,105.0,772,2739,954.3916,0.68878174,0.2613998149924237,2.464996e-29,-0.1326555,0.28803268,-0.6139726120686231,0.0,-0.1326555,0.22858877,0.025162354552453747,0.28489947,68.50694,37.54941,0.21405830576190765,9.2486224e-20,15.0,11.0
94.0,20.0,224,71218,11.180162,0.7427368,0.22303087000477406,7.710552e-09,-0.38390344,-0.57269573,0.2469866165455763,1.6315968e-10,-0.38390344,-0.57381976,0.23374633419320157,1.4498378e-09,46.01919,70.220345,-0.2841436554964034,1.9202203e-13,15.0,11.0
94.0,21.0,37768,71218,2.0081863,0.7427368,0.0862506313496747,0.0,-0.60081583,-0.57269573,-0.06829599545926124,0.0,-0.6057208,-0.57381976,-0.16986004108890806,0.0,70.84779,70.220345,0.0822173509616071,0.0,15.0,11.0
94.0,98.0,168,71218,-157.57817,0.7427368,-0.5495138000157799,6.5169166e-35,0.44329673,-0.57269573,0.6654021054067392,0.0,0.44329673,-0.57381976,0.6300824831603566,3e-45,100.266754,70.220345,0.6098556879012662,1.432e-42,15.0,11.0
94.0,99.0,14093,71218,-921.3721,0.7427368,-0.915833163187001,0.0,0.07262558,-0.57269573,0.3847947428861338,0.0,0.09516903,-0.57381976,0.33210753381576286,0.0,112.03223,70.220345,0.4081495097188177,0.0,15.0,11.0
94.0,105.0,1923,71218,0.97720337,0.7427368,0.012925588775074548,0.3324958,0.03862562,-0.57269573,0.5781999698084472,0.0,0.029078783,-0.57381976,0.5237754681351847,0.0,75.67537,70.220345,0.161554372534642,9.55483e-34,15.0,11.0
94.0,106.0,247,71218,-1007.985,0.7427368,-0.8893186831378093,0.0,0.46288595,-0.57269573,0.6984369597687343,0.0,0.46288595,-0.57381976,0.6820471852234964,0.0,99.64439,70.220345,0.5832336318560234,0.0,15.0,11.0
98.0,20.0,7,45079,11.133133,0.688797,0.27636244941420296,0.2051819,-0.58080256,0.31382835,-0.6844206836886355,0.0017120104,-0.58080256,0.31382835,-0.6844206836886355,0.0017120104,98.279854,64.866776,0.683089686993944,0.0017479573,15.0,11.0
98.0,21.0,125,45079,-3.7671509,0.688797,-0.08691603629184319,0.09265379,0.12231026,0.31382835,-0.32245595510104486,4.4998943e-10,0.12231026,0.31382835,-0.32245595510104486,4.4998943e-10,14.042856,64.866776,-0.9420604716164955,0.0,15.0,11.0
98.0,94.0,227,45079,10.221642,0.688797,0.047533390475633874,0.21576017,-0.5798378,0.31382835,-0.5855940813840959,0.0,-0.5798378,0.31382835,-0.5855940813840959,0.0,98.780235,64.866776,0.2163615260649121,1.7819577e-08,15.0,11.0
98.0,99.0,970,45079,-238.31592,0.688797,-0.8567045299397644,0.0,0.47837603,0.31382835,0.1156226308773396,6.7824635e-10,0.26186273,0.31382835,-0.19159386396802136,1.5184302e-24,101.866165,64.866776,0.36584920905178375,0.0,15.0,11.0
98.0,105.0,25618,45079,0.26637268,0.688797,-0.04576172345600038,3.9561556e-24,0.27555317,0.31382835,-0.00856219294207683,0.05803988,0.21831736,0.31382835,-0.15884714883246642,0.0,96.381256,64.866776,0.2733087419048592,0.0,15.0,11.0
98.0,106.0,3388,45079,-185.40854,0.688797,-0.7997355973232667,0.0,0.18165542,0.31382835,-0.15200316181119577,0.0,0.18165542,0.31382835,-0.15200316181119577,0.0,52.662315,64.866776,-0.12594500568895017,1.77812e-34,15.0,11.0
99.0,20.0,6773,3172497,607.256,-19.57373,0.8364355795294156,0.0,0.5374631,0.780886,-0.3462671373997024,0.0,0.4946414,0.22994062,0.031911430899766335,5.520836e-06,88.78784,199.89267,-0.5289215097751692,0.0,15.0,11.0
99.0,21.0,20212,3172497,447.09296,-19.57373,0.8190418888766307,0.0,0.05896257,0.780886,-0.27152722583210354,0.0,-0.26393592,0.22994062,-0.19716903340807312,0.0,96.58722,199.89267,-0.4302553467205573,0.0,15.0,11.0
99.0,56.0,77,3172497,4897.449,-19.57373,0.8443098749831901,1.0807298e-37,0.61408484,0.780886,-0.06968479566562402,0.28955302,-0.61408484,0.22994062,-0.37356737913712434,1.3654675e-08,301.8022,199.89267,0.2732734237047716,3.276507e-05,15.0,11.0
99.0,94.0,14140,3172497,562.0503,-19.57373,0.8199365969642858,0.0,0.080211386,0.780886,-0.24792108679750957,0.0,-0.025634363,0.22994062,-0.08046141926838568,0.0,114.97752,199.89267,-0.3859119234622991,0.0,15.0,11.0
99.0,98.0,340,3172497,173.41882,-19.57373,0.7379833595170135,0.0,0.10976376,0.780886,-0.4730647017345717,0.0,-0.14367023,0.22994062,-0.21654687607455025,4.6594425e-12,112.08363,199.89267,-0.46037885188562455,0.0,15.0,11.0
99.0,105.0,9239,3172497,416.73224,-19.57373,0.8121790470457155,0.0,0.21849486,0.780886,-0.3048023782148538,0.0,0.08648221,0.22994062,-0.027416533721452807,5.169145e-06,107.09506,199.89267,-0.4209144189438816,0.0,15.0,11.0
99.0,106.0,16370,3172497,4.82856,-19.57373,0.14223436735364237,0.0,-0.026042305,0.780886,-0.2506928851192376,0.0,-0.6772704,0.22994062,-0.2626671504088859,0.0,112.04112,199.89267,-0.4254957003088804,0.0,15.0,11.0
105.0,20.0,10135,395083,0.68878174,0.68878174,0.020646904690610812,0.00036311988,-0.4165172,-0.3660475,0.13135311524862137,0.0,-0.46222067,-0.397961,0.06198460960238794,1.37262e-26,81.96164,106.90208,-0.4601133658486586,0.0,15.0,11.0
105.0,21.0,12543,395083,0.688797,0.68878174,-0.10897397541265963,0.0,-0.8786344,-0.3660475,-0.5337297966295897,0.0,-0.8457403,-0.397961,-0.5073791809367636,0.0,107.698524,106.90208,0.06668830279540594,3.7436877e-37,15.0,11.0
105.0,56.0,1860,395083,15.897888,0.68878174,0.25875455624282995,0.0,0.63473463,-0.3660475,0.7743812563245525,0.0,-0.63473463,-0.397961,-0.08137299664730857,1.325716e-09,198.15353,106.90208,0.6607438156659011,0.0,15.0,11.0
105.0,94.0,9253,395083,0.688797,0.68878174,0.03218112139639939,1.06913426e-07,-0.6239811,-0.3660475,0.1527798998312444,0.0,0.6234034,-0.397961,0.19813548699063777,0.0,121.337494,106.90208,0.7995050355019282,0.0,15.0,11.0
105.0,98.0,11288,395083,0.68878174,0.68878174,0.02495310430181652,5.620007e-06,-0.20294204,-0.3660475,0.03062517497041095,2.7468818e-08,-0.20294204,-0.397961,0.06817481379223356,3.7907408e-35,54.795902,106.90208,-0.5310874110919175,0.0,15.0,11.0
105.0,99.0,11682,395083,-379.56506,0.68878174,-0.8435900227445896,0.0,0.17701375,-0.3660475,0.3232835246597685,0.0,0.11034398,-0.397961,0.3187821720516224,0.0,106.241776,106.90208,0.04976822016238791,4.226178e-20,15.0,11.0
105.0,106.0,702,395083,-121.22998,0.68878174,-0.6447245031631097,0.0,0.88588464,-0.3660475,0.6111953373452856,0.0,-0.9499959,-0.397961,-0.4164002957927273,0.0,122.50344,106.90208,0.4565843040100348,0.0,15.0,11.0
106.0,94.0,17,111446,35.57103,9.686768,0.17115226472118916,0.22164366,-0.58119136,-0.019616345,-0.6022605514039509,1.7029812e-05,-0.58119136,-0.019616345,-0.6022605514039509,1.7029812e-05,99.33891,72.28665,0.50580339093267,0.00030400473,15.0,11.0
106.0,98.0,4141,111446,268.79468,9.686768,0.5750304433680549,0.0,0.13842899,-0.019616345,0.12426645872002973,3.997e-42,0.13842899,-0.019616345,0.12426645872002973,3.997e-42,53.676685,72.28665,-0.1916416384191194,0.0,15.0,11.0
106.0,99.0,13080,111446,-35.064133,9.686768,-0.1122839507138329,0.0,-0.027166165,-0.019616345,0.28234336457623144,0.0,-0.11388709,-0.019616345,-0.17698385254915083,0.0,81.18023,72.28665,0.19069179826864224,0.0,15.0,11.0
106.0,105.0,1425,111446,289.39758,9.686768,0.6177515095816997,0.0,0.38086918,-0.019616345,0.5943746936207954,0.0,0.3580632,-0.019616345,0.11718171116465492,2.6739509e-14,106.14207,72.28665,0.6246005381884263,0.0,15.0,11.0
20.0,21.0,93248,147237,2.723465,2.7551575,-0.07738444938307665,0.0,-0.91917425,0.15954055,-0.25623278883863,0.0,-0.9103758,-0.28570744,-0.25327777065290535,0.0,141.0444,121.67976,0.09070441173172594,0.0,20.0,15.0
20.0,56.0,4215,147237,2.7551575,2.7551575,-0.08675575230583243,4.42198e-22,0.09481123,0.15954055,-0.113490594819042,2.6141738e-36,-0.8392189,-0.28570744,-0.34179545149692125,0.0,145.44763,121.67976,0.11565019916768016,1.2255306e-37,20.0,15.0
20.0,94.0,1094,147237,-45.480686,2.7551575,-0.10676388509619583,9.312704e-10,-0.80617565,0.15954055,-0.49953980473894033,0.0,-0.80617565,-0.28570744,-0.21119790713125908,1.835976e-33,158.79346,121.67976,-0.158506123998445,1.4689496e-19,20.0,15.0
20.0,99.0,8461,147237,-362.38113,2.7551575,-0.8585642255155791,0.0,0.8058881,0.15954055,0.22193857540688522,0.0,0.25858364,-0.28570744,0.20469098871576485,0.0,147.36818,121.67976,0.22138072143630994,0.0,20.0,15.0
20.0,105.0,11534,147237,2.7551575,2.7551575,0.020103824969668782,0.0002977256,0.5549612,0.15954055,0.10812701726980856,0.0,0.5130949,-0.28570744,0.12252850679859995,0.0,112.51349,121.67976,-0.2758933755487307,0.0,20.0,15.0
21.0,20.0,82075,404476,2.7551575,2.7551575,0.008008051885390888,0.00028537455,0.011436028,-0.51571393,0.1223486555230704,0.0,-0.5524619,-0.6849102,0.11671050762256674,0.0,159.66107,137.76083,-0.04357285168124947,0.0,20.0,15.0
21.0,56.0,1742,404476,61.038723,2.7551575,0.2681235848581127,0.0,-0.18532445,-0.51571393,0.18390348055772554,3.64368e-40,-0.59674084,-0.6849102,0.0811519825074749,4.799916e-09,182.87222,137.76083,0.2969799232466994,0.0,20.0,15.0
21.0,94.0,64631,404476,2.7551422,2.7551575,-0.027739583844957116,6.95331e-30,-0.92113566,-0.51571393,-0.377103573294545,0.0,-0.9241213,-0.6849102,-0.2604825147966048,0.0,107.759094,137.76083,-0.29470146032981037,0.0,20.0,15.0
21.0,98.0,937,404476,-16.28534,2.7551575,-0.0073183979487253525,0.69790655,0.6459544,-0.51571393,0.33179156139279575,0.0,0.6459544,-0.6849102,0.4085295627309278,0.0,148.69969,137.76083,0.0661741695275122,0.0004576132,20.0,15.0
21.0,99.0,21284,404476,-720.34607,2.7551575,-0.9041267197693591,0.0,-0.79393303,-0.51571393,-0.04278694944726191,5.763827e-26,-0.86589754,-0.6849102,0.0031994484769368725,0.43069836,140.18167,137.76083,-0.01405748763611081,0.0005356594,20.0,15.0
21.0,105.0,11514,404476,3.8171768,2.7551575,0.15983704960907286,0.0,0.36618006,-0.51571393,0.21697514994805833,0.0,-0.24184659,-0.6849102,0.3018746488303612,0.0,113.85306,137.76083,-0.25959385395437906,0.0,20.0,15.0
21.0,106.0,41,404476,-88.524216,2.7551575,-0.713517085279141,2.2854992e-15,-0.77255344,-0.51571393,-0.020263736592408987,0.82219446,-0.77255344,-0.6849102,0.027353547944838796,0.7616238,145.93274,137.76083,0.05608117120639555,0.5339835,20.0,15.0
56.0,20.0,1649,1369,2.7172852,2.7551575,0.18042056610886203,1.0659872e-17,0.17904317,0.32039052,-0.5559989209211507,0.0,0.17904317,0.30463168,-0.4062638843914965,0.0,33.74166,48.246742,-0.5801147385072123,0.0,20.0,15.0
56.0,21.0,333,1369,-1059.1212,2.7551575,-0.3720586912697943,1.12254375e-26,0.23825346,0.32039052,0.01427358695437575,0.68589646,0.23825346,0.30463168,0.14048306889797035,6.862018e-05,445.7227,48.246742,0.9761777847972151,0.0,20.0,15.0
56.0,99.0,10,1369,-153.11621,2.7551575,-0.6620891161431701,0.00020869928,-1.1635582,0.32039052,-0.4,0.029128548,-1.1635582,0.30463168,-0.8956902848794741,1.0295345e-06,154.45279,48.246742,0.6298027757487217,0.0005916855,20.0,15.0
56.0,105.0,556,1369,-51.471375,2.7551575,-0.4219970991796774,0.0,0.8209628,0.32039052,0.845878155036234,0.0,-0.8332032,0.30463168,-0.5599660519940513,0.0,300.59268,48.246742,0.945630639389146,0.0,20.0,15.0
94.0,20.0,12412,37801,10.482254,8.019745,-0.0015052409533471423,0.8010044,-0.7141553,-0.8643937,0.294806418909181,0.0,-0.74212766,-0.8785659,0.08285865095227951,9.2e-44,110.46466,106.69676,-0.07412190071855762,2.3105468e-35,20.0,15.0
94.0,21.0,44206,37801,3.7757301,8.019745,0.005440273081324332,0.17846464,-0.44144335,-0.8643937,0.16925711550800515,0.0,-0.79755193,-0.8785659,0.042041464070834866,2.627456e-25,144.26672,106.69676,0.32836731516638307,0.0,20.0,15.0
94.0,56.0,41,37801,-1399.2913,8.019745,-0.9828201731661506,1.2041991e-27,-1.04555,-0.8643937,-0.8476204978446176,5.7032823e-21,-1.04555,-0.8785659,-0.7296212966362357,6.0955434e-16,166.98961,106.69676,0.651883644838406,4.984558e-13,20.0,15.0
94.0,98.0,1738,37801,296.33664,8.019745,0.6291202803951612,0.0,-0.33307207,-0.8643937,0.5954560538686804,0.0,-0.33307207,-0.8785659,0.6646541032867628,0.0,115.779144,106.69676,0.4859013355903634,0.0,20.0,15.0
94.0,99.0,12469,37801,-1030.717,8.019745,-0.9286382945240823,0.0,-0.40556812,-0.8643937,0.29822941716069074,0.0,-0.85934645,-0.8785659,-0.04781583572623982,1.0627892e-15,152.57277,106.69676,0.3277810406807904,0.0,20.0,15.0
94.0,105.0,5102,37801,66.71323,8.019745,0.12544257979523477,0.0,1.0371915,-0.8643937,0.7868937032076135,0.0,-0.9281813,-0.8785659,0.02549852794790719,0.0030658192,176.09888,106.69676,0.637778586951322,0.0,20.0,15.0
94.0,106.0,58,37801,-987.21375,8.019745,-0.9575015804179601,1.5798945e-36,-0.23630978,-0.8643937,0.0525547125646193,0.48849913,-0.23630978,-0.8785659,0.1386252325016033,0.06767554,108.42624,106.69676,0.4476085744858054,3.640428e-09,20.0,15.0
98.0,21.0,343,52682,-245.60425,0.9397812,-0.32981961298568685,5.193235e-26,-1.4680035,0.5718168,-0.9994879890487653,0.0,-1.4680035,0.5439348,-0.9625684133958269,0.0,183.03665,113.39615,0.9762899416411557,0.0,20.0,15.0
98.0,94.0,554,52682,-124.39575,0.9397812,-0.11992560224777582,1.1469173e-06,-1.5751321,0.5718168,-1.0,0.0,-1.5751321,0.5439348,-0.9720881997934065,0.0,189.26819,113.39615,0.9874071758389038,0.0,20.0,15.0
98.0,99.0,1263,52682,-389.83765,0.9397812,-0.754615143617197,0.0,0.83687466,0.5718168,0.03822459698810432,0.020062156,-1.0786356,0.5439348,-0.5046890795166132,0.0,160.158,113.39615,0.5863048290790471,0.0,20.0,15.0
98.0,105.0,9464,52682,-1.9478378,0.9397812,0.029431391054504097,4.9574405e-06,-0.2721665,0.5718168,-0.29163767112796557,0.0,-0.31999102,0.5439348,-0.5605341486068518,0.0,81.07347,113.39615,0.03338795231716629,2.2218009e-07,20.0,15.0
98.0,106.0,5582,52682,-201.37328,0.9397812,-0.65998076028761,0.0,0.4409089,0.5718168,-0.10663811836086179,2.46816e-39,0.22229385,0.5439348,-0.24169176276672633,0.0,103.24925,113.39615,0.09045179862800712,8.950219e-29,20.0,15.0
99.0,20.0,12887,3059626,1355.0736,-23.336914,0.9199024039925936,0.0,-0.003960997,1.1677153,-0.0833305614888229,0.0,-0.8110871,0.35961103,-0.3837443413660614,0.0,203.06165,320.597,-0.2653060973915353,0.0,20.0,15.0
99.0,21.0,43789,3059626,914.24817,-23.336914,0.8949271321132397,0.0,-0.39051503,1.1677153,-0.2675426106307398,0.0,-0.9047518,0.35961103,-0.31327612423053297,0.0,144.63696,320.597,-0.36088046645429084,0.0,20.0,15.0
99.0,56.0,306,3059626,1921.0118,-23.336914,0.9587901039927607,0.0,3.3830266,1.1677153,0.741005790151916,0.0,-3.3830266,0.35961103,-0.840316170216353,0.0,396.5591,320.597,0.2251860290806016,8.949296e-12,20.0,15.0
99.0,94.0,14128,3059626,1039.6497,-23.336914,0.8793529816930103,0.0,-0.572078,1.1677153,-0.40604620177046646,0.0,-0.34641623,0.35961103,-0.14833748046015227,0.0,161.69586,320.597,-0.3836398718480739,0.0,20.0,15.0
99.0,98.0,487,3059626,220.12741,-23.336914,0.6862577247718287,0.0,0.6354847,1.1677153,-0.20557867340957536,3.927626e-15,-0.10575327,0.35961103,-0.13229029478178456,4.278424e-07,167.7728,320.597,-0.423720361811853,0.0,20.0,15.0
99.0,105.0,8867,3059626,265.4362,-23.336914,0.7920324973447697,0.0,0.4965177,1.1677153,-0.28451736599874,0.0,0.050970133,0.35961103,0.024657243085349112,5.925982e-05,174.4651,320.597,-0.3230565617799809,0.0,20.0,15.0
99.0,106.0,7111,3059626,-11.616333,-23.336914,0.0846140998702738,5.226083e-35,-0.6034624,1.1677153,-0.5106535015315714,0.0,-0.6966632,0.35961103,-0.2087444305074324,0.0,145.13768,320.597,-0.5058132848359032,0.0,20.0,15.0
105.0,20.0,4984,397077,2.5348854,2.7551422,-0.040291226896565946,9.0199353e-07,-0.7203564,-0.723395,0.07653676987362035,1.396465e-20,-0.68720305,-0.6348467,0.03730863455244959,5.7969287e-06,149.68604,161.38889,-0.23774993135936362,0.0,20.0,15.0
105.0,21.0,21063,397077,2.7551422,2.7551422,-0.02509602582266679,7.016949e-10,-1.3438,-0.723395,-0.41784122345616337,0.0,-1.270515,-0.6348467,-0.16497480384197227,0.0,159.42722,161.38889,0.05796483915981976,0.0,20.0,15.0
105.0,56.0,251,397077,-1005.095,2.7551422,-0.4859930475816572,8.3562e-41,1.0435736,-0.723395,0.7168058174753444,0.0,1.0435736,-0.6348467,0.6734043083578267,0.0,126.8016,161.38889,-0.816469578536791,0.0,20.0,15.0
105.0,94.0,5538,397077,2.9693604,2.7551422,0.1351449234602915,0.0,-1.5908794,-0.723395,-0.5715427294270323,0.0,1.0407444,-0.6348467,0.4570813798575597,0.0,181.80923,161.38889,0.5506426060550147,0.0,20.0,15.0
105.0,98.0,15784,397077,2.7551575,2.7551422,0.051083590633281606,7.6866844e-28,0.23964629,-0.723395,0.3048844077424211,0.0,0.2166749,-0.6348467,0.22403529411422318,0.0,123.42546,161.38889,-0.49597894115685237,0.0,20.0,15.0
105.0,99.0,10784,397077,-289.34534,2.7551422,-0.7883573171447384,0.0,0.14268515,-0.723395,0.3221259160757144,0.0,-0.06097486,-0.6348467,0.1691350852923017,0.0,164.0734,161.38889,0.1725353070418163,0.0,20.0,15.0
105.0,106.0,804,397077,-134.6101,2.7551422,-0.6871580648975473,0.0,-0.86790395,-0.723395,0.0184822512149323,0.36452457,-0.87700015,-0.6348467,-0.14078081112555874,4.948351e-12,150.55263,161.38889,-0.09484302184982929,3.2677283e-06,20.0,15.0
106.0,20.0,16,110512,1886.3176,-8.488831,0.9859517518459533,8.4710286e-12,-1.412997,0.0037015374,-0.9999592804401332,4.2869267e-12,-1.412997,-0.027904704,-0.9577557188359636,3.244758e-11,202.4776,108.26311,1.0,4.2783836e-12,20.0,15.0
106.0,21.0,16,110512,1358.177,-8.488831,0.9681075358332127,1.9903874e-11,-1.510253,0.0037015374,-1.0,4.2783836e-12,-1.510253,-0.027904704,-0.9577964383958303,3.2385542e-11,209.16025,108.26311,1.0,4.2783836e-12,20.0,15.0
106.0,94.0,522,110512,1373.638,-8.488831,0.9389031173327964,0.0,-1.1670508,0.0037015374,-0.906367980981036,0.0,-1.1670508,-0.027904704,-0.8671554955353751,0.0,155.47992,108.26311,0.7091448296109173,0.0,20.0,15.0
106.0,98.0,3047,110512,202.66827,-8.488831,0.607875529640858,0.0,0.40467334,0.0037015374,0.23643377741287752,0.0,0.25512773,-0.027904704,0.12069649058719034,5.0412036e-30,98.18567,108.26311,0.03233854996683627,0.0022878728,20.0,15.0
106.0,99.0,22070,110512,-38.654053,-8.488831,-0.11592447295937502,0.0,1.3221041,0.0037015374,0.5619396863101065,0.0,-1.3354231,-0.027904704,-0.6794605886485011,0.0,182.81026,108.26311,0.6132462505614598,0.0,20.0,15.0
106.0,105.0,804,110512,128.66776,-8.488831,0.5034987871018441,0.0,1.3494974,0.0037015374,0.6963956819349035,0.0,-1.3494974,-0.027904704,-0.603648533339528,0.0,183.60722,108.26311,0.744013684473247,0.0,20.0,15.0
20.0,21.0,107865,125058,44.77121,44.77121,0.012682179474656996,1.1471031e-07,1.2898418,0.9571042,-0.01798918408056227,6.4659466e-14,-1.1942555,-1.0465847,-0.15404344193500163,0.0,286.2498,286.66486,0.03273535964585683,2.172e-42,33.0,20.0
20.0,56.0,783,125058,46.7482,44.77121,0.16511880760634856,1.0792837e-15,1.037883,0.9571042,0.05887206522635813,0.0044492497,1.0142192,-1.0465847,0.43277594802652697,0.0,272.07858,286.66486,-0.41877705909209084,0.0,33.0,20.0
20.0,94.0,6624,125058,44.98179,44.77121,0.07113335281994382,9.732693e-23,1.1351639,0.9571042,0.11461615506057354,0.0,-1.1854972,-1.0465847,-0.02156159686832848,0.0030559276,332.76782,286.66486,0.2356139468677838,0.0,33.0,20.0
20.0,99.0,8362,125058,-570.7104,44.77121,-0.8758615342351993,0.0,0.9212358,0.9571042,0.09385373481370984,0.0,-1.0834577,-1.0465847,-0.15495961273156056,0.0,243.78815,286.66486,-0.016092363805715104,0.013601249,33.0,20.0
20.0,105.0,4982,125058,44.77121,44.77121,0.02401308113388656,0.0038236857,-0.24649665,0.9571042,-0.703939023035985,0.0,-0.25568822,-1.0465847,0.005012428147430414,0.5478838,107.73213,286.66486,-0.7492539230564581,0.0,33.0,20.0
21.0,20.0,91031,366611,44.77121,44.77121,0.022799108785990008,1.1594126e-26,1.1658996,2.4096127,-0.3735927783596452,0.0,-1.0426651,-1.1368551,0.04411182978470052,0.0,291.7541,339.1961,-0.3411786168220571,0.0,33.0,20.0
21.0,56.0,815,366611,46.64363,44.77121,0.0758304003308834,0.00017334404,1.0984104,2.4096127,-0.38867619048846225,0.0,1.0622529,-1.1368551,0.08103305968163754,6.2706735e-05,270.35416,339.1961,-0.5463648979302095,0.0,33.0,20.0
21.0,94.0,58516,366611,44.77121,44.77121,-0.07316042966185243,0.0,1.8020409,2.4096127,-0.08129796648798104,0.0,1.3658895,-1.1368551,0.2633161773155299,0.0,274.8355,339.1961,-0.23902757403672392,0.0,33.0,20.0
21.0,98.0,63,366611,-11.289276,44.77121,-0.16829156703574,0.020374581,0.015920019,2.4096127,-0.7161406279299632,7.243775e-23,-0.015920019,-1.1368551,0.24897264705944755,0.00062046,9.651708,339.1961,-1.0,5.35e-43,33.0,20.0
21.0,99.0,36001,366611,-848.1534,44.77121,-0.9279287080499504,0.0,1.2159219,2.4096127,-0.18005242733817783,0.0,-1.087354,-1.1368551,-0.04369803490012625,9.64e-43,291.9691,339.1961,-0.14065384273143156,0.0,33.0,20.0
21.0,105.0,5303,366611,177.0207,44.77121,0.46605349363825277,0.0,-0.74196213,2.4096127,-0.6891644031139428,0.0,-0.7811043,-1.1368551,0.08214302486499303,8.096072e-25,115.807846,339.1961,-0.8357683821018905,0.0,33.0,20.0
56.0,20.0,2543,343,44.77121,44.814743,0.1043635475649729,0.0016057342,1.4747716,0.98109543,0.24380996710801628,2.133016e-13,-1.4747716,0.9754488,-0.8869657632166962,0.0,297.3747,273.78662,0.9619512318156858,0.0,33.0,20.0
56.0,21.0,215,343,60.27472,44.814743,0.2980947860871923,2.9513108e-09,1.5062127,0.98109543,0.7574072818496169,0.0,-1.5062127,0.9754488,-0.8892128279883382,0.0,297.1155,273.78662,0.992270662417791,0.0,33.0,20.0
56.0,105.0,14,343,-9.86792,44.814743,-0.2451062057476051,0.119231276,-0.0577605,0.98109543,-1.0,2.265108e-10,-0.0577605,0.9754488,-0.8892128279883382,1.7062717e-08,273.39478,273.78662,-0.16368179925031234,0.29973707,33.0,20.0
94.0,20.0,5423,18039,52.987137,46.844437,0.1027661837485987,1.3345173e-30,2.7146282,2.170424,0.17405913102593273,0.0,1.3554342,0.8223681,0.18430079634555807,0.0,424.45587,314.242,0.23807363840942197,0.0,33.0,20.0
94.0,21.0,39891,18039,45.50798,46.844437,-0.016047237786663948,0.0019332063,2.4201672,2.170424,0.0691278614761841,1.27532e-40,2.069703,0.8223681,0.15086848537924147,0.0,334.23163,314.242,0.04031544887697458,7.108254e-15,33.0,20.0
94.0,56.0,53,18039,-279.7013,46.844437,-0.6044628671421564,2.574983e-14,5.770813,2.170424,0.5786111224422557,3.2143296e-13,5.770813,0.8223681,0.8970762509322046,1.3922848e-29,777.3112,314.242,0.583679804867232,1.9981777e-13,33.0,20.0
94.0,98.0,355,18039,87.89633,46.844437,0.1712905293616569,3.011379e-08,0.03911267,2.170424,-0.8750263318365763,0.0,-0.03911267,0.8223681,-0.22717773462661883,2.1089833e-13,10.182731,314.242,-0.9927396743675089,0.0,33.0,20.0
94.0,99.0,11842,18039,-1024.607,46.844437,-0.8731857870408744,0.0,2.1088715,2.170424,-0.15838931952864344,0.0,-0.77463114,0.8223681,-0.2016381515854495,0.0,359.94302,314.242,0.04291292846059047,3.291213e-10,33.0,20.0
94.0,105.0,2084,18039,32.72551,46.844437,-0.20740203647056454,0.0,-0.1437682,2.170424,-0.8644855000133534,0.0,0.1437682,0.8223681,-0.22613081126529122,0.0,42.13396,314.242,-0.9025317985056689,0.0,33.0,20.0
94.0,106.0,221,18039,-932.9241,46.844437,-0.813064152857346,0.0,0.93229914,2.170424,-0.7276980820088401,0.0,0.93229914,0.8223681,-0.07205679800352127,0.06517496,126.09438,314.242,-0.8429666843006568,0.0,33.0,20.0
98.0,20.0,47,39584,60.28621,33.851913,0.4138089320421747,9.0295504e-07,1.1221368,0.67110324,0.4291278229759714,3.533403e-07,1.1221368,0.67110324,0.4291278229759714,3.533403e-07,262.03708,226.27902,1.0,1.7535487e-32,33.0,20.0
98.0,21.0,55,39584,-534.12585,33.851913,-0.38996472403909754,5.538908e-07,0.90368825,0.67110324,0.2727915778643346,0.00046249197,0.90368825,0.67110324,0.2727915778643346,0.00046249197,124.84278,226.27902,-0.038180715808039944,0.62407184,33.0,20.0
98.0,99.0,1069,39584,-792.9617,33.851913,-0.8781286086241722,0.0,0.7195718,0.67110324,-0.05630169761780701,0.0016543615,0.7195718,0.67110324,-0.023967196164715432,0.1804743,134.00891,226.27902,-0.6651186842696315,0.0,33.0,20.0
98.0,105.0,3586,39584,9.681755,33.851913,-0.05932370101368789,3.79521e-09,0.8589138,0.67110324,-0.0028397396504235006,0.7779104,0.8589138,0.67110324,0.021142145462841544,0.035746343,190.21982,226.27902,-0.33601706069954074,0.0,33.0,20.0
98.0,106.0,12117,39584,-842.77167,33.851913,-0.8955288899912728,0.0,0.9487145,0.67110324,0.3183986843547575,0.0,0.9487145,0.67110324,0.3183986843547575,0.0,199.71768,226.27902,-0.4989734244644759,0.0,33.0,20.0
99.0,20.0,29436,2778238,804.70764,-17.102795,0.8102840190536293,0.0,1.1149663,2.8297863,-0.37903431453402603,0.0,-1.1484716,-0.6625985,-0.14508369794262732,0.0,359.5361,764.25287,-0.23709588363276046,0.0,33.0,20.0
99.0,21.0,59702,2778238,351.84125,-17.102795,0.7272870533620617,0.0,2.243817,2.8297863,-0.091176407435411,0.0,0.85485065,-0.6625985,0.1737414772657233,0.0,333.63205,764.25287,-0.27760987555193395,0.0,33.0,20.0
99.0,56.0,444,2778238,6610.8086,-17.102795,0.953359730062626,0.0,-6.4423,2.8297863,-0.7187636495628648,0.0,-6.4423,-0.6625985,-0.6589520956276071,0.0,816.55084,764.25287,0.041824495652695415,0.12692827,33.0,20.0
99.0,94.0,22447,2778238,273.59662,-17.102795,0.6949201448035724,0.0,2.2606175,2.8297863,-0.13477547395451595,0.0,0.19749145,-0.6625985,0.12672077373189583,0.0,311.2937,764.25287,-0.37550777565566484,0.0,33.0,20.0
99.0,98.0,3671,2778238,727.13324,-17.102795,0.8325740137219884,0.0,-0.019398745,2.8297863,-0.4912441259769401,0.0,-0.013998294,-0.6625985,0.28779237215825537,0.0,130.1494,764.25287,-0.5174074040698691,0.0,33.0,20.0
99.0,105.0,20465,2778238,379.50778,-17.102795,0.7011934363198458,0.0,-0.14743486,2.8297863,-0.7126395637085043,0.0,-0.18935873,-0.6625985,0.15388009317645812,0.0,133.49309,764.25287,-0.6874548103863556,0.0,33.0,20.0
99.0,106.0,20389,2778238,67.21547,-17.102795,0.15584044724370938,0.0,0.10219399,2.8297863,-0.7534925773878381,0.0,-0.03461703,-0.6625985,0.1989383879010369,0.0,39.02957,764.25287,-0.8889222833619781,0.0,33.0,20.0
105.0,20.0,15320,425179,44.77121,44.77121,0.08479400600417986,0.0,0.16174248,-0.1576948,0.08535388078018946,0.0,0.16038585,-0.22889388,0.11587667895881193,0.0,268.8214,129.38174,0.6438658561726209,0.0,33.0,20.0
105.0,21.0,15449,425179,44.774323,44.77121,0.12628048731157504,0.0,-1.2313867,-0.1576948,-0.4151884909798099,0.0,-1.2325037,-0.22889388,-0.531641191908936,0.0,137.30872,129.38174,0.5132671344349233,0.0,33.0,20.0
105.0,56.0,1540,425179,44.77121,44.77121,0.27269008136313433,0.0,0.92214954,-0.1576948,0.32997615244280776,0.0,0.92214954,-0.22889388,0.33018503620003226,0.0,274.278,129.38174,0.9377990486084959,0.0,33.0,20.0
105.0,94.0,7571,425179,69.635376,44.77121,0.012081027040774739,0.069289036,-1.2340213,-0.1576948,-0.6382435564772918,0.0,-1.2340213,-0.22889388,-0.4553675470027253,0.0,137.31598,129.38174,0.300424755970347,0.0,33.0,20.0
105.0,98.0,22733,425179,-38.61389,44.77121,-0.274901083067991,0.0,-0.045136556,-0.1576948,0.13555506313839594,0.0,0.052327223,-0.22889388,0.1646556147419691,0.0,134.75348,129.38174,0.2708093807729208,0.0,33.0,20.0
105.0,99.0,16879,425179,-929.1107,44.77121,-0.9273814629892669,0.0,-0.4553245,-0.1576948,-0.15457174840147525,0.0,-0.5221777,-0.22889388,-0.11070130689408386,0.0,135.56068,129.38174,0.10688153290966884,0.0,33.0,20.0
105.0,106.0,5467,425179,-1792.4585,44.77121,-0.963795782693434,0.0,-1.2146873,-0.1576948,-0.3434279236221345,0.0,-1.2146873,-0.22889388,-0.2725815834345203,0.0,136.5276,129.38174,0.17326226955566493,0.0,33.0,20.0
106.0,21.0,34,90208,181.33931,-39.95215,0.5428219487511217,4.225309e-08,1.1445104,0.8990031,0.4961031237610334,5.459407e-07,1.1445104,0.8990031,0.4961031237610334,5.459407e-07,259.82715,195.45355,0.9981885003025688,6.824414e-24,33.0,20.0
106.0,94.0,62,90208,145.90192,-39.95215,0.4017907717218414,4.306943e-08,0.14264223,0.8990031,-0.5195106435020426,1.4136739e-12,-0.14163972,0.8990031,-0.5637735799128036,1.516162e-14,17.304642,195.45355,-0.8536048229754317,2.655269e-31,33.0,20.0
106.0,98.0,4298,90208,219.85727,-39.95215,0.5551579614935942,0.0,0.29746073,0.8990031,-0.45159601207471534,0.0,0.29746073,0.8990031,-0.45010850833794014,0.0,223.08232,195.45355,0.4194582055621703,0.0,33.0,20.0
106.0,99.0,7189,90208,101.319916,-39.95215,0.28315072614239445,0.0,0.74093485,0.8990031,-0.15808709983242208,0.0,0.74093485,0.8990031,-0.11437529905691812,0.0,136.44162,195.45355,-0.5332232729652644,0.0,33.0,20.0
106.0,105.0,1506,90208,609.6349,-39.95215,0.7098597083229103,0.0,-0.22986726,0.8990031,-0.6769563875278124,0.0,0.23041248,0.8990031,-0.49850588040412547,0.0,61.606842,195.45355,-0.7383025174341065,0.0,33.0,20.0
20.0,21.0,97097,171613,37.883347,37.88333,0.07793415334081177,0.0,0.9153655,0.3501581,0.16271618552217415,0.0,0.5346013,0.422061,0.10242908707122811,0.0,246.9945,149.79155,0.2803561039820386,0.0,40.0,33.0
20.0,56.0,690,171613,37.88333,37.88333,-0.3137502167203474,0.0,-1.0787702,0.3501581,-0.6272028562411702,0.0,-1.0787702,0.422061,-0.04989658649723927,0.023475917,242.15048,149.79155,0.02298073428949543,0.2967349,40.0,33.0
20.0,94.0,530,171613,196.92615,37.88333,0.1627098224185637,7.424998e-11,0.6154617,0.3501581,0.021026785915523538,0.40251166,0.6187328,0.422061,0.4028146809918631,0.0,69.07928,149.79155,-0.8683726075640353,0.0,40.0,33.0
20.0,99.0,13574,171613,-1294.8391,37.88333,-0.9656217586605578,0.0,-0.37694073,0.3501581,-0.1328026535278405,0.0,0.6677663,0.422061,0.14665564611703452,0.0,151.45338,149.79155,-0.02557059188389732,6.7876186e-07,40.0,33.0
20.0,105.0,21195,171613,38.09717,37.88333,0.16024713417200087,0.0,0.52370983,0.3501581,0.05931608104112884,3e-45,0.5290442,0.422061,0.27106842367874995,0.0,85.70027,149.79155,-0.5867751979195959,0.0,40.0,33.0
21.0,20.0,65440,397387,55.746635,37.88333,0.18522631455508787,0.0,0.6898196,0.9122381,-0.35331310969070495,0.0,0.68248725,0.6692298,-0.01864086235632556,1.9603478e-14,90.2865,135.23523,-0.37535387026077927,0.0,40.0,33.0
21.0,56.0,1670,397387,-166.68115,37.88333,-0.09667925634386265,7.990423e-12,-0.7593564,0.9122381,-0.8813567699861622,0.0,0.7593564,0.6692298,0.17250392078468169,3.7611588e-34,89.2292,135.23523,-0.664691156356142,0.0,40.0,33.0
21.0,94.0,29189,397387,37.883347,37.88333,-0.006189227852312906,0.07672396,1.3434116,0.9122381,0.24244688536122183,0.0,1.103085,0.6692298,0.2635960526083676,0.0,219.95506,135.23523,0.14313436454227535,0.0,40.0,33.0
21.0,98.0,229,397387,-105.5614,37.88333,-0.12122401377390823,0.0014669928,-1.1975142,0.9122381,-0.9462349149531102,0.0,1.1975142,0.6692298,0.6767785888829696,0.0,188.5692,135.23523,0.11147774803972443,0.003488396,40.0,33.0
21.0,99.0,34449,397387,-683.5541,37.88333,-0.9337900515836121,0.0,1.2388982,0.9122381,0.13249187483773794,0.0,0.79112417,0.6692298,0.04150911907392829,1.6210287e-37,224.55464,135.23523,0.17369352746378852,0.0,40.0,33.0
21.0,105.0,18114,397387,77.46141,37.88333,0.2736794364569124,0.0,0.7394849,0.9122381,-0.4505622681502901,0.0,0.7962135,0.6692298,0.18512127419480495,0.0,97.45929,135.23523,-0.3908671473301184,0.0,40.0,33.0
21.0,106.0,345,397387,-1215.7413,37.88333,-0.9521687816968696,0.0,-1.2086008,0.9122381,-0.9463597107525198,0.0,1.2086008,0.6692298,0.6775885719841677,0.0,186.38753,135.23523,0.10875654634187693,0.0004699377,40.0,33.0
56.0,20.0,3723,616,37.88333,37.88333,0.18895920759337348,4.2394836e-14,2.6052253,-1.0174823,0.6917093113708745,0.0,-2.6052253,-1.0174823,-0.4348015669530577,0.0,291.45862,242.68115,0.26552389324347425,4.0200185e-26,40.0,33.0
56.0,21.0,1010,616,37.883347,37.88333,0.47829818696155324,0.0,0.71296704,-1.0174823,1.0,0.0,0.6568235,-1.0174823,0.11287128712871297,0.00013188066,95.12971,242.68115,-0.11287128712871286,0.00013188066,40.0,33.0
56.0,94.0,193,616,-1477.0427,37.88333,-0.6771583338940852,0.0,0.6344465,-1.0174823,1.0,0.0,0.63545907,-1.0174823,1.0,0.0,70.76495,242.68115,-1.0,0.0,40.0,33.0
56.0,99.0,716,616,-1824.1787,37.88333,-0.9838342523398389,0.0,0.64985734,-1.0174823,0.9664804469273742,0.0,0.64985734,-1.0174823,0.9664804469273742,0.0,74.030785,242.68115,-1.0,0.0,40.0,33.0
56.0,105.0,4716,616,39.503017,37.88333,0.21151468336582835,1.1752882e-17,0.8169523,-1.0174823,0.9344439487569258,0.0,0.8169523,-1.0174823,0.9344439487569258,0.0,98.661224,242.68115,-0.927924969432603,0.0,40.0,33.0
94.0,20.0,1608,22454,80.044815,37.832005,0.2751277127323213,0.0,0.6683749,-0.1704351,0.20428719500387071,9.33e-43,0.66434944,-0.7149789,0.27027655655985683,0.0,84.61878,266.70023,-0.5439466181163303,0.0,40.0,33.0
94.0,21.0,33451,22454,37.88333,37.832005,0.03835804049222946,1.3456058e-14,1.3792275,-0.1704351,0.35368470489161674,0.0,0.79784185,-0.7149789,0.3621945351471698,0.0,177.31395,266.70023,-0.14360014368837992,0.0,40.0,33.0
94.0,56.0,117,22454,348.94623,37.832005,0.565405893454348,4.2645368e-26,-0.7422475,-0.1704351,-0.3545969385463462,3.449588e-11,0.7422475,-0.7149789,0.5974242496911064,6.1563915e-29,86.11337,266.70023,-0.7308541146610088,1.841e-42,40.0,33.0
94.0,98.0,462,22454,37.88333,37.832005,0.0763816510676758,0.0048758737,-0.6127585,-0.1704351,-0.3049997937100458,2.6070333e-29,-0.5890883,-0.7149789,0.23233916998947723,1.109902e-17,243.08557,266.70023,-0.20405431093949844,5.494111e-14,40.0,33.0
94.0,99.0,19383,22454,-1000.913,37.832005,-0.8145615567963855,0.0,0.7111439,-0.1704351,0.1730636713374505,0.0,-1.0768539,-0.7149789,-0.14147173122392565,0.0,245.62502,266.70023,-0.013906539685064057,0.01402169,40.0,33.0
94.0,105.0,4450,22454,35.594772,37.832005,0.06534807241371365,5.261503e-12,0.52598536,-0.1704351,0.042535270610676745,7.131435e-06,-0.55842435,-0.7149789,0.10545414695512334,8.862646e-29,143.44383,266.70023,-0.5534643610957933,0.0,40.0,33.0
94.0,106.0,224,22454,-128.42142,37.832005,-0.5000743583707643,4.473284e-38,-0.5447429,-0.1704351,-0.18048486429398514,3.2330474e-06,-0.015173195,-0.7149789,0.32701499255621025,3.311017e-17,166.9336,266.70023,-0.49220867424194226,6.2190482e-37,40.0,33.0
98.0,20.0,37,37819,-425.8377,37.507637,-0.7780037633021583,2.5201237e-16,0.17593545,-0.7551237,0.6055350413741698,1.8118398e-10,0.17593545,-0.7551237,0.6055350413741698,1.8118398e-10,83.07816,240.97894,-1.0,6.2596384e-26,40.0,33.0
98.0,21.0,110,37819,-397.17694,37.507637,-0.771515520096921,1.7e-44,0.13844162,-0.7551237,0.567161768134824,7.988806e-25,0.13844162,-0.7551237,0.567161768134824,7.988806e-25,82.30517,240.97894,-1.0,0.0,40.0,33.0
98.0,94.0,484,37819,-530.8895,37.507637,-0.8138922475234911,0.0,0.14879353,-0.7551237,0.5744580700723476,0.0,0.14879353,-0.7551237,0.5744580700723476,0.0,83.415146,240.97894,-0.9990948622396499,0.0,40.0,33.0
98.0,99.0,778,37819,-3258.0928,37.507637,-0.9562302948742933,0.0,-1.8787947,-0.7551237,-0.7645230893110065,0.0,-1.8787947,-0.7551237,-0.7645230893110065,0.0,214.02992,240.97894,-0.5502725707912897,0.0,40.0,33.0
98.0,105.0,5834,37819,37.88333,37.507637,0.13206447689875667,0.0,-1.6126608,-0.7551237,-0.4578611465870812,0.0,-1.6126608,-0.7551237,-0.4578611465870812,0.0,238.05989,240.97894,-0.09981085774171283,1.0204035e-34,40.0,33.0
98.0,106.0,3640,37819,-587.577,37.507637,-0.8075799375800699,0.0,-0.45150226,-0.7551237,0.18796818216554323,0.0,-0.45150226,-0.7551237,0.18796818216554323,0.0,235.15634,240.97894,-0.29789630568273573,0.0,40.0,33.0
99.0,20.0,13992,3058588,333.99426,-10.969971,0.7794272113641143,0.0,0.7354203,0.8550221,-0.028907583034408213,3.4401857e-09,0.23322865,-0.45737612,-0.0201260728788194,3.8882634e-05,177.69687,245.80399,-0.2851843724712988,0.0,40.0,33.0
99.0,21.0,55308,3058588,566.323,-10.969971,0.8019390477883293,0.0,0.79326195,0.8550221,0.005307590882371649,0.032136757,0.6368978,-0.45737612,0.35727663131245513,0.0,143.1174,245.80399,-0.4262409623318226,0.0,40.0,33.0
99.0,56.0,14,3058588,4830.8325,-10.969971,0.9126929531815708,3.3198817e-09,-0.15307662,0.8550221,-0.7094858103524521,4.26603e-06,0.1417565,-0.45737612,0.22583196186326138,0.14331539,246.44424,245.80399,-0.024578988735978857,0.87344056,40.0,33.0
99.0,94.0,25064,3058588,227.04977,-10.969971,0.7185433715484837,0.0,1.255718,0.8550221,0.02537257982880492,4.235248e-12,0.5717075,-0.45737612,0.23039392711345896,0.0,207.66312,245.80399,-0.22183502869648286,0.0,40.0,33.0
99.0,98.0,959,3058588,826.2184,-10.969971,0.8513772355209459,0.0,0.21008818,0.8550221,-0.16273080383409944,2.6122351e-18,1.190634,-0.45737612,0.4925033039808444,0.0,199.4323,245.80399,0.03936414030727242,0.034766242,40.0,33.0
99.0,105.0,28805,3058588,754.9239,-10.969971,0.8190621741564965,0.0,0.34099153,0.8550221,-0.3350532134652683,0.0,0.14195506,-0.45737612,0.15724362002891423,0.0,139.1932,245.80399,-0.5780572330432387,0.0,40.0,33.0
99.0,106.0,10723,3058588,48.54895,-10.969971,0.17903381677341224,0.0,-0.30909467,0.8550221,-0.6503959724887483,0.0,-0.21390757,-0.45737612,0.15922465013765774,0.0,201.64853,245.80399,-0.3785788131451012,0.0,40.0,33.0
105.0,20.0,2277,420990,17.502022,37.88333,-0.19486853785881852,0.0,-1.753023,0.6339897,-0.7560984307197426,0.0,-1.753023,0.47365406,-0.681121502264832,0.0,239.62006,101.792816,0.28320752879975086,0.0,40.0,33.0
105.0,21.0,663,420990,-287.8074,37.88333,-0.5275770460901308,0.0,0.12792175,0.6339897,-0.3388187801381911,0.0,0.12811173,0.47365406,-0.10125867214452522,6.409768e-06,81.05996,101.792816,-0.9081456741501761,0.0,40.0,33.0
105.0,56.0,31,420990,16.674767,37.88333,-0.05390519581723263,0.6022458,-0.8484632,0.6339897,-0.7155020922265413,5.207989e-12,-0.8484632,0.47365406,-0.5973440484755979,8.393602e-09,241.82048,101.792816,0.733059861202741,1.5593704e-12,40.0,33.0
105.0,94.0,37,420990,-907.669,37.88333,-0.7605809472267108,9.459027e-16,0.08064645,0.6339897,-0.4916207164194052,2.2270659e-07,0.086415306,0.47365406,0.18154632934081372,0.05579642,81.88634,101.792816,-0.3112820937519861,0.0010402373,40.0,33.0
105.0,98.0,9660,420990,40.01706,37.88333,-0.005604170382766838,0.34436914,-1.7185192,0.6339897,-0.6929402317823554,0.0,-1.7185192,0.47365406,-0.5923175560201019,0.0,200.94528,101.792816,0.5049277213914141,0.0,40.0,33.0
105.0,99.0,16976,420990,-1929.6533,37.88333,-0.945144384878523,0.0,-0.077303,0.6339897,-0.443176952304808,0.0,-0.03672344,0.47365406,-0.17931388078466537,0.0,92.420135,101.792816,-0.3151566618564082,0.0,40.0,33.0
105.0,106.0,677,420990,-479.76733,37.88333,-0.9139053535025743,0.0,-0.319814,0.6339897,-0.6003541030790369,0.0,-0.319814,0.47365406,-0.48434872320197064,0.0,199.33502,101.792816,0.2316167458269831,1.8128938e-25,40.0,33.0
106.0,94.0,18,79097,35.496445,35.91394,0.02599620999813168,0.84852225,-0.5399833,-0.5956127,0.08432543445249374,0.5355322,-0.5399833,-0.5956127,0.08432543445249374,0.5355322,241.53838,228.417,0.4215906488938337,0.0019504938,40.0,33.0
106.0,98.0,6251,79097,439.1548,35.91394,0.658475562023279,0.0,-1.071713,-0.5956127,-0.13425673630085355,0.0,-1.071713,-0.5956127,-0.13425673630085355,0.0,237.91217,228.417,0.16751798289210895,0.0,40.0,33.0
106.0,99.0,906,79097,18.630749,35.91394,-0.1378281552806554,9.016225e-13,-0.5210656,-0.5956127,-0.06063432718666251,0.0016712854,-0.5210656,-0.5956127,-0.06063432718666251,0.0016712854,245.40013,228.417,0.39458274344511346,0.0,40.0,33.0
106.0,105.0,298,79097,394.63986,35.91394,0.6082693639353531,0.0,-0.66981727,-0.5956127,-0.11287936916807528,0.00075520703,-0.66981727,-0.5956127,-0.11287936916807528,0.00075520703,243.8873,228.417,0.523927548648321,0.0,40.0,33.0
20.0,21.0,57631,175918,37.88333,37.88333,-0.11046331205439808,0.0,2.775527,0.9918267,0.28784796980717964,0.0,1.1644568,-0.8199043,0.2729751537553433,0.0,346.86554,205.30504,0.21344220960768778,0.0,48.0,40.0
20.0,56.0,8655,175918,37.883324,37.88333,-0.0354946522698798,2.0735442e-08,1.5802832,0.9918267,0.03545786776123161,2.4331756e-08,1.5802832,-0.8199043,0.4282343700532867,0.0,223.48067,205.30504,-0.1481706095815123,0.0,48.0,40.0
20.0,94.0,683,175918,22.930147,37.88333,-0.08865839546533039,5.759624e-05,-2.8713384,0.9918267,-0.9650166355125159,0.0,1.4039325,-0.8199043,0.5367072060410416,0.0,382.05484,205.30504,0.46499120938434024,0.0,48.0,40.0
20.0,98.0,588,175918,405.9981,37.88333,0.8335464814969065,0.0,2.2750144,0.9918267,0.38633023440961556,0.0,2.2750144,-0.8199043,0.6144637154308057,0.0,258.328,205.30504,0.23444521113849204,8.340452e-23,48.0,40.0
20.0,99.0,16664,175918,-1944.987,37.88333,-0.9632264062692282,0.0,-0.38256183,0.9918267,-0.5087620097047245,0.0,-0.5897647,-0.8199043,-0.03173961477010978,1.1801541e-11,134.2582,205.30504,-0.3285460458061471,0.0,48.0,40.0
20.0,105.0,22222,175918,37.883324,37.88333,-0.15175848205121967,0.0,1.3380562,0.9918267,-0.025046141359445606,1.1051664e-09,1.0472207,-0.8199043,0.3235517928002982,0.0,245.72804,205.30504,0.175389517881809,0.0,48.0,40.0
21.0,20.0,100900,409470,37.88333,37.88333,-0.02213353700012466,8.92514e-28,0.48083603,0.9740051,-0.2508741110211772,0.0,-0.7741705,-0.56314903,-0.12751276913522314,0.0,198.6077,168.16756,0.016024886142673278,2.8537571e-15,48.0,40.0
21.0,56.0,869,409470,37.883324,37.88333,-0.08728945214003236,8.276059e-06,0.31528008,0.9740051,-0.2935139372816914,0.0,-0.28805566,-0.56314903,0.24855918747361616,7.863427e-37,116.24974,168.16756,-0.3902284192738077,0.0,48.0,40.0
21.0,94.0,24679,409470,37.88333,37.88333,-0.07096946820770156,0.0,3.2761657,0.9740051,0.12361575755023368,0.0,-0.333535,-0.56314903,0.016660831071396265,1.0694443e-05,421.36774,168.16756,0.23324605545777555,0.0,48.0,40.0
21.0,98.0,1817,409470,496.86548,37.88333,0.37288017146182995,0.0,2.2922711,0.9740051,0.2920563488254324,0.0,2.2922711,-0.56314903,0.627079272467588,0.0,258.98358,168.16756,0.34087966028383687,0.0,48.0,40.0
21.0,99.0,26998,409470,-1206.5554,37.88333,-0.9433480778200953,0.0,0.26576656,0.9740051,-0.43960702676888574,0.0,-0.27119893,-0.56314903,0.08026411571732983,0.0,195.19788,168.16756,-0.014326053387727189,7.846776e-05,48.0,40.0
21.0,105.0,9345,409470,38.430264,37.88333,0.10469465448314796,0.0,1.9583424,0.9740051,-0.1634040158634379,0.0,-1.1008927,-0.56314903,-0.17262208754029784,0.0,233.48685,168.16756,0.233531204642345,0.0,48.0,40.0
21.0,106.0,337,409470,-217.91191,37.88333,-0.8651396873384637,0.0,1.3551549,0.9740051,0.23242428386292802,1.4998751e-13,1.3551549,-0.56314903,0.6116116664960038,0.0,359.4226,168.16756,0.46366548666550855,0.0,48.0,40.0
56.0,20.0,10187,467,37.88333,37.88333,0.2546250217296302,1.7201125e-22,3.55565,-0.812768,0.6602555761857125,0.0,2.4629438,-0.812768,0.5638687170889378,0.0,417.10843,346.39117,0.48450716778259406,0.0,48.0,40.0
56.0,21.0,1002,467,13.718712,37.88333,0.12918702210140753,6.226826e-05,0.52542174,-0.812768,0.3110182205182783,7.1716074e-22,-0.5118967,-0.812768,0.3110182205182783,7.1716074e-22,152.50952,346.39117,0.09956532331482637,0.002092667,48.0,40.0
56.0,94.0,222,467,-195.20694,37.88333,0.012983004417693955,0.7815123,-3.2897887,-0.812768,-1.0,0.0,-0.48087353,-0.812768,-0.0859810560024693,0.067961596,412.15002,346.39117,0.9453286262708105,0.0,48.0,40.0
56.0,98.0,455,467,543.856,37.88333,0.8655622749841165,0.0,2.2726905,-0.812768,1.0,0.0,2.2726905,-0.812768,1.0,0.0,257.47986,346.39117,-0.6869426077134857,0.0,48.0,40.0
56.0,99.0,2086,467,-2929.8384,37.88333,-0.8284782202549473,0.0,-1.6903605,-0.812768,-0.6580034942853448,0.0,-1.6265141,-0.812768,-0.5541008579681819,0.0,367.82898,346.39117,0.27230173215543196,3.226059e-20,48.0,40.0
56.0,105.0,8559,467,37.88333,37.88333,0.12091108123910299,8.6996715e-06,0.29036638,-0.812768,0.3093686773730546,1.7344089e-29,0.31505698,-0.812768,0.31521048132211416,1.5099467e-30,347.87726,346.39117,0.08378222655541467,0.0022612084,48.0,40.0
94.0,20.0,2566,24994,52.23425,38.012596,0.22282668183310217,0.0,2.2966554,1.2914574,0.05097084562960741,2.0558158e-05,-0.83014536,0.07680495,-0.41743282612300836,0.0,259.03937,222.07202,0.5624895883039989,0.0,48.0,40.0
94.0,21.0,43078,24994,39.05835,38.012596,0.061327380254718955,1.03873e-40,1.6514645,1.2914574,0.19287785668216806,0.0,0.12209769,0.07680495,0.04311920417332682,5.848883e-21,246.75911,222.07202,0.14334941848507077,0.0,48.0,40.0
94.0,98.0,12,24994,764.2951,38.012596,0.5606612253607532,0.00077061506,2.3215575,1.2914574,0.5021671867914965,0.0025936195,2.3215575,0.07680495,0.6491157877890694,9.874212e-05,259.07736,222.07202,0.522618761836174,0.0017192606,48.0,40.0
94.0,99.0,15156,24994,-737.5799,38.012596,-0.80085178215271,0.0,0.7151912,1.2914574,-0.03101128277120635,1.8158893e-07,0.29054004,0.07680495,0.08616523230816875,0.0,221.09451,222.07202,-0.035512516141905204,2.3075821e-09,48.0,40.0
94.0,105.0,2197,24994,39.197342,38.012596,-0.022211539235506672,0.08383654,2.0001254,1.2914574,0.06240927954707298,1.1881472e-06,-1.9879534,0.07680495,-0.40349044717477756,0.0,226.09991,222.07202,0.21493668266455868,0.0,48.0,40.0
94.0,106.0,74,24994,-125.78366,38.012596,-0.6579103309118512,1.2658744e-22,1.5042372,1.2914574,0.15720854086061742,0.019343715,1.5042372,0.07680495,0.2441602200744395,0.00028074157,358.70703,222.07202,0.5791719742467922,6.9006575e-18,48.0,40.0
98.0,21.0,33,29133,42.96054,37.88333,0.1663312145239857,0.09760539,-1.2862389,0.08837782,-0.43319509584569826,1.6495085e-05,1.2862389,0.08837782,0.2760869949624969,0.006043368,177.18578,372.74948,-1.0,2.676807e-23,48.0,40.0
98.0,94.0,9,29133,12.31385,37.88333,-0.338146508159895,0.07849569,-1.3526603,0.08837782,-0.44396770367319227,0.021082247,1.3526603,0.08837782,0.31690293939289926,0.09968686,190.33516,372.74948,-1.0,2.0445484e-07,48.0,40.0
98.0,99.0,345,29133,-240.76572,37.88333,-0.8130270120491877,0.0,-1.1987371,0.08837782,-0.34220300003432536,7.0721496e-28,1.1085786,0.08837782,-0.1477150519581112,2.3099126e-06,356.22256,372.74948,-0.6173612572425214,0.0,48.0,40.0
98.0,105.0,6704,29133,38.435913,37.88333,0.058192134550072216,9.219957e-14,0.6861234,0.08837782,-0.12129897207498785,0.0,0.7649263,0.08837782,-0.07034558178453565,2.3693286e-19,370.97614,372.74948,-0.4713435417618499,0.0,48.0,40.0
98.0,106.0,3759,29133,-858.0119,37.88333,-0.8811890193954766,0.0,2.0453396,0.08837782,0.2409273933134739,0.0,2.0453396,0.08837782,0.2409273933134739,0.0,371.3835,372.74948,-0.24735325318664259,0.0,48.0,40.0
99.0,20.0,14961,3070743,300.88483,-21.236816,0.7092607263674413,0.0,2.2586656,0.93440986,0.31484364352348004,0.0,1.1216702,-0.31716874,0.3175508390124828,0.0,254.93718,239.87744,-0.04113868184242009,3.4884063e-18,48.0,40.0
99.0,21.0,40343,3070743,214.62517,-21.236816,0.6879269778644499,0.0,1.6320107,0.93440986,0.24218731592212017,0.0,0.8177197,-0.31716874,0.35335678677226645,0.0,258.01733,239.87744,-0.04815676103761679,0.0,48.0,40.0
99.0,56.0,541,3070743,423.78638,-21.236816,0.827114258594154,0.0,1.7742833,0.93440986,0.18314754102667052,1.610285e-13,1.7695577,-0.31716874,0.39547262497200175,0.0,224.84929,239.87744,-0.1891578976825241,2.54006e-14,48.0,40.0
99.0,94.0,28436,3070743,573.9321,-21.236816,0.7854988154194797,0.0,0.13223198,0.93440986,-0.16292231534730828,0.0,0.18740442,-0.31716874,0.2116450097119671,0.0,227.40967,239.87744,-0.12209686915308038,0.0,48.0,40.0
99.0,98.0,1579,3070743,926.90283,-21.236816,0.8946118324346675,0.0,2.3278816,0.93440986,0.7392793221944041,0.0,2.3278816,-0.31716874,0.9201110451059025,0.0,259.0838,239.87744,0.5688145163652094,0.0,48.0,40.0
99.0,105.0,22147,3070743,1208.1195,-21.236816,0.8216620587465837,0.0,-1.1614239,0.93440986,-0.4330786757197965,0.0,-0.76014537,-0.31716874,-0.006961266447837122,0.07379061,255.95041,239.87744,0.21088683079249293,0.0,48.0,40.0
99.0,106.0,11729,3070743,-41.571777,-21.236816,0.027613528089436512,2.3414229e-07,2.2584305,0.93440986,0.5267674177927211,0.0,2.2584305,-0.31716874,0.8472622234208995,0.0,361.45306,239.87744,0.45081766259384715,0.0,48.0,40.0
105.0,20.0,1202,371465,59.736565,37.88333,0.22598556513644885,4.375e-42,0.5010069,0.06320092,-0.007711123916360085,0.6438613,-0.53381073,0.21052265,-0.22888250199165316,7.48e-43,169.26291,243.16179,-0.8614125932503657,0.0,48.0,40.0
105.0,21.0,1010,371465,37.93263,37.88333,0.059365133476722454,0.0010596347,-1.0004703,0.06320092,-0.27080119617361975,0.0,0.9807039,0.21052265,0.17918112829413846,6.8744974e-23,170.26578,243.16179,-0.8236761935248886,0.0,48.0,40.0
105.0,56.0,613,371465,21.875084,37.88333,-0.13714677494157046,3.721923e-09,-1.4603904,0.06320092,-0.4706906205268242,0.0,-1.4603904,0.21052265,-0.5577955403376285,0.0,215.85469,243.16179,-0.5959309825878132,0.0,48.0,40.0
105.0,94.0,868,371465,21.871395,37.88333,-0.223888469747477,2.359234e-30,-1.4682729,0.06320092,-0.6142780072252219,0.0,1.4682729,0.21052265,0.5477706280792187,0.0,206.28807,243.16179,-0.6024764072456665,0.0,48.0,40.0
105.0,98.0,8634,371465,51.618614,37.88333,0.1740247335206495,0.0,3.2790766,0.06320092,0.7850181849046187,0.0,3.2790766,0.21052265,0.7918636216665813,0.0,439.56192,243.16179,0.9185439659978609,0.0,48.0,40.0
105.0,99.0,15289,371465,-884.5748,37.88333,-0.862494953793731,0.0,-1.7283692,0.06320092,-0.46950524397261106,0.0,-1.7345734,0.21052265,-0.42464774679515205,0.0,254.82964,243.16179,0.26103426540988783,0.0,48.0,40.0
105.0,106.0,858,371465,-556.74426,37.88333,-0.901390779411589,0.0,1.3470957,0.06320092,0.7418987479706525,0.0,1.3470957,0.21052265,0.7551688101201515,0.0,365.2782,243.16179,0.8745678932627905,0.0,48.0,40.0
106.0,21.0,637,61824,81.31126,74.55075,0.031169150651182642,0.17523384,-1.3030596,1.2639823,-0.7531558923736719,0.0,1.3030596,1.2639823,0.011916086907768353,0.60428697,182.66281,366.35828,-1.0,0.0,48.0,40.0
106.0,94.0,362,61824,109.45885,74.55075,0.137660248161239,6.0892817e-06,-1.3382783,1.2639823,-0.7633395066229711,0.0,1.3382783,1.2639823,0.025406643560619058,0.40382195,194.64618,366.35828,-1.0,0.0,48.0,40.0
106.0,98.0,5269,61824,394.3549,74.55075,0.5367619182937271,0.0,1.1733211,1.2639823,-0.025263636000168233,0.0022960939,1.1733211,1.2639823,-0.025263636000168233,0.0022960939,372.23642,366.35828,0.43494543568931454,0.0,48.0,40.0
106.0,99.0,3392,61824,-96.88352,74.55075,-0.25294481336551233,0.0,-1.3699694,1.2639823,-0.42528542489147525,0.0,1.2964709,1.2639823,-0.25630968422381006,0.0,345.7085,366.35828,-0.5152836427860341,0.0,48.0,40.0
106.0,105.0,1291,61824,175.64468,74.55075,0.33384604536422735,0.0,2.2555623,1.2639823,-0.17318337915942994,1.453791e-26,2.2555623,1.2639823,0.14252791813606858,1.6530228e-18,257.7243,366.35828,-0.93786018389776,0.0,48.0,40.0
20.0,21.0,100379,183144,-4.1327286,-4.132721,-0.03315592664122724,0.0,0.9951941,0.37350613,0.2094954268367224,0.0,-0.04130626,-0.088194795,0.13253086558941574,0.0,239.9608,291.13013,-0.1225725114557712,0.0,56.0,48.0
20.0,56.0,14049,183144,-4.132721,-4.132721,0.04865688723050399,5.0826336e-22,2.5481617,0.37350613,0.17363212188022548,0.0,-1.0899264,-0.088194795,-0.23678155598748263,0.0,355.3288,291.13013,0.3206730131257063,0.0,56.0,48.0
20.0,94.0,2720,183144,-302.67996,-4.132721,-0.20662626090109748,0.0,2.587574,0.37350613,0.2946637638560208,0.0,2.586686,-0.088194795,0.4686071780386247,0.0,323.26154,291.13013,0.3479491688154097,0.0,56.0,48.0
20.0,99.0,6822,183144,-493.69705,-4.132721,-0.8789233441407526,0.0,0.36056745,0.37350613,-0.18089715163489284,0.0,-1.2061405,-0.088194795,-0.21821606368495206,0.0,327.27298,291.13013,0.09068362026529986,3.6341918e-37,56.0,48.0
20.0,105.0,26821,183144,-4.1327286,-4.132721,-0.009766329468189783,0.009540297,2.205178,0.37350613,0.2946540935092965,0.0,2.205178,-0.088194795,0.3643624968079471,0.0,274.22665,291.13013,-0.15054602502953218,0.0,56.0,48.0
21.0,20.0,62199,385902,-4.132721,-4.1327286,0.015296558972292873,8.2173246e-10,2.013673,1.3143146,0.10726942980290088,0.0,0.5287818,0.7190528,0.019230231902209738,1.2699694e-14,282.72437,232.59607,0.16603092834388988,0.0,56.0,48.0
21.0,56.0,1058,385902,14.333435,-4.1327286,0.0315114529160605,0.07581681,0.30603635,1.3143146,-0.40089787823248146,0.0,0.44352257,0.7190528,0.027116194686253925,0.12711199,96.30046,232.59607,-0.3633556254460678,0.0,56.0,48.0
21.0,94.0,22338,385902,-4.005501,-4.1327286,0.040822337196043224,8.0004434e-25,1.6724702,1.3143146,0.042639523533670065,7.21182e-27,-0.39019734,0.7190528,-0.02662777809185113,2.0573016e-11,279.7276,232.59607,0.2504937438870858,0.0,56.0,48.0
21.0,98.0,181,385902,-4.132721,-4.1327286,0.04865975047453586,0.25624728,0.6902251,1.3143146,-0.4555988379496114,2.5645222e-26,0.7011935,0.7190528,-0.009609301373883827,0.8228595,520.8808,232.59607,0.7310641172431749,0.0,56.0,48.0
21.0,99.0,25166,385902,-384.01697,-4.1327286,-0.8543279004160873,0.0,1.0566483,1.3143146,-0.06928749389329358,0.0,0.16565399,0.7190528,-0.002261363729190724,0.5471673,284.90973,232.59607,0.24241546972822703,0.0,56.0,48.0
21.0,105.0,12859,385902,-2.7218323,-4.1327286,0.08152446577089889,0.0,0.6795224,1.3143146,-0.3559990014319566,0.0,0.71420294,0.7190528,0.05776694411389194,6.286219e-29,211.36794,232.59607,-0.11075822653665146,0.0,56.0,48.0
21.0,106.0,58,385902,-33.771576,-4.1327286,-0.6099157030934601,7.8373915e-16,-0.8256593,1.3143146,-0.8333613911983013,4.177959e-28,0.8256593,0.7190528,0.053346177401838224,0.48166353,178.14088,232.59607,-0.4325082355195057,1.1652143e-08,56.0,48.0
56.0,20.0,8029,2518,-4.132721,-4.132721,0.02369780277233713,0.0653334,1.0588415,-0.013721382,0.1963364337240172,0.0,-0.4105641,-0.18095836,0.12935386824033723,1.032598e-22,201.38176,514.5188,-0.5424201942303867,0.0,56.0,48.0
56.0,21.0,3494,2518,-4.1327286,-4.132721,-0.3038735869910656,0.0,1.8210516,-0.013721382,0.715419557321231,0.0,-0.071165875,-0.18095836,0.058511743494918944,0.000105943705,202.68225,514.5188,-0.1822384271141314,1.452661e-33,56.0,48.0
56.0,94.0,238,2518,-2.7315826,-4.132721,0.29522563592553785,2.1839679e-16,11.548873,-0.013721382,1.0,0.0,11.548873,-0.18095836,1.0,0.0,1284.3397,514.5188,1.0,0.0,56.0,48.0
56.0,99.0,848,2518,-955.5287,-4.132721,-0.9957401052047896,0.0,1.5407524,-0.013721382,0.4088599817165466,0.0,1.5407524,-0.18095836,0.98606729659658,0.0,251.91394,514.5188,-0.06334017713968854,0.005731742,56.0,48.0
56.0,105.0,3524,2518,-4.132721,-4.132721,0.13552715567099627,6.0757695e-23,0.098979056,-0.013721382,0.08609723948974879,1.1010763e-08,0.17550373,-0.18095836,0.49336243293463,0.0,516.9611,514.5188,0.5130889603932278,0.0,56.0,48.0
94.0,20.0,3166,42266,-4.173546,-4.132721,-0.08897673725939725,5.906373e-17,1.6606559,1.5591633,-0.15819699972549994,0.0,0.08912452,-0.08464071,-0.05181873284019367,1.1106282e-06,215.87277,224.91925,-0.17678190190879361,0.0,56.0,48.0
94.0,21.0,44463,42266,-4.132721,-4.132721,0.007786951001617082,0.046936613,2.4318619,1.5591633,0.2848535396364129,0.0,-0.7864437,-0.08464071,-0.23141807307184448,0.0,282.08347,224.91925,0.16356797557154268,0.0,56.0,48.0
94.0,56.0,330,42266,431.7445,-4.132721,0.6865154884863398,0.0,0.04431869,1.5591633,-0.7158998779734123,0.0,0.058282513,-0.08464071,0.07070687951774413,0.026686206,14.186024,224.91925,-0.9282390459270221,0.0,56.0,48.0
94.0,98.0,497,42266,-12.73216,-4.132721,-0.2960734167937641,5.8922608e-30,-0.89151156,1.5591633,-0.8766388136227576,0.0,0.89151156,-0.08464071,0.2109467956177895,5.5952207e-16,202.00742,224.91925,-0.32467354165212736,1.1798501e-35,56.0,48.0
94.0,99.0,22042,42266,-476.62296,-4.132721,-0.8454608363440906,0.0,0.09937343,1.5591633,-0.3602428998281729,0.0,-0.09839143,-0.08464071,0.06781156013770717,3e-45,215.65042,224.91925,-0.11170523265931531,0.0,56.0,48.0
94.0,105.0,7357,42266,-4.1327286,-4.132721,-0.08427957846292178,6.6561145e-31,0.97615826,1.5591633,-0.3778979239819814,0.0,-0.9479876,-0.08464071,-0.20211277879886413,0.0,213.05222,224.91925,-0.19425130770298116,0.0,56.0,48.0
94.0,106.0,384,42266,-30.86784,-4.132721,-0.5640148356046626,0.0,-0.92722845,1.5591633,-0.8861805539125223,0.0,0.92722845,-0.08464071,0.21842714396126128,1.5814093e-13,199.31389,224.91925,-0.33003983205571064,7.0609033e-29,56.0,48.0
98.0,99.0,298,23132,-267.98752,-2.6264572,-0.7238913060381795,0.0,2.498796,-0.7940486,0.6652233403391334,0.0,2.498796,-0.7940486,0.6652233403391334,0.0,284.8847,490.4159,-0.8910082143101685,0.0,56.0,48.0
98.0,105.0,15807,23132,40.786526,-2.6264572,0.2596592121323922,0.0,2.4647272,-0.7940486,0.4168316315468883,0.0,2.4647272,-0.7940486,0.4168316315468883,0.0,284.1799,490.4159,-0.652598219152716,0.0,56.0,48.0
98.0,106.0,6373,23132,-1197.595,-2.6264572,-0.8624245317311797,0.0,1.1157112,-0.7940486,0.25654764248240647,0.0,1.1157112,-0.7940486,0.25654764248240647,0.0,474.3222,490.4159,-0.07997937270972755,1.2212036e-22,56.0,48.0
99.0,20.0,18832,3082059,891.89307,-84.600586,0.8660452558299705,0.0,1.7168138,0.29509643,0.33767626696189,0.0,1.4681144,-0.08269666,0.47107374281700287,0.0,279.33966,199.06036,0.1837591324842751,0.0,56.0,48.0
99.0,21.0,49931,3082059,1073.9913,-84.600586,0.8801075366269224,0.0,1.7472304,0.29509643,0.2625352467053672,0.0,1.5641243,-0.08269666,0.4157132818382643,0.0,261.2649,199.06036,0.1598342996040676,0.0,56.0,48.0
99.0,56.0,2443,3082059,1494.541,-84.600586,0.9396678872836335,0.0,-0.08522801,0.29509643,-0.2751830904831172,0.0,-0.07794517,-0.08269666,0.04473147723170268,0.00012922776,252.8767,199.06036,-0.0662124073711563,1.4602699e-08,56.0,48.0
99.0,94.0,19887,3082059,1044.5305,-84.600586,0.8680662023900083,0.0,1.4215828,0.29509643,0.1359386047350053,0.0,1.3804543,-0.08269666,0.3238010546991066,0.0,311.12668,199.06036,0.3163171172427244,0.0,56.0,48.0
99.0,98.0,2348,3082059,2323.8584,-84.600586,0.9045493350646656,0.0,0.64857155,0.29509643,0.0009142667631028001,0.9388609,0.7380991,-0.08269666,0.2712897478418752,0.0,482.3232,199.06036,0.585947996451915,0.0,56.0,48.0
99.0,105.0,30314,3082059,583.6796,-84.600586,0.8587288235093946,0.0,0.58713406,0.29509643,0.08861789623344585,0.0,0.65716195,-0.08269666,0.4295709091720814,0.0,272.46655,199.06036,0.20186596996284445,0.0,56.0,48.0
99.0,106.0,7670,3082059,-19.225555,-84.600586,0.07243557248042354,5.085225e-28,2.1768482,0.29509643,0.20045118930135208,0.0,2.1768482,-0.08269666,0.7143770298906238,0.0,520.61255,199.06036,0.5089059997515935,0.0,56.0,48.0
105.0,20.0,6484,290747,-5.646059,-4.132721,-0.25323020185616585,0.0,-2.1832004,0.51811135,-0.887529167221788,0.0,-2.1832004,0.4399729,-0.8869228199649029,0.0,516.945,270.67892,0.8094313633235322,0.0,56.0,48.0
105.0,21.0,835,290747,-43.675903,-4.132721,-0.15271842513283307,2.0291779e-14,-2.120541,0.51811135,-0.6609919783541667,0.0,-2.120541,0.4399729,-0.5079428502451944,0.0,330.52573,270.67892,0.19270197854384952,5.921167e-22,56.0,48.0
105.0,56.0,2385,290747,-4.132721,-4.132721,0.12286412620122977,3.2979878e-25,-1.3488822,0.51811135,-0.7687194855896349,0.0,-1.3488822,0.4399729,-0.7766866723169716,0.0,514.0008,270.67892,0.7684223560652728,0.0,56.0,48.0
105.0,94.0,208,290747,790.1103,-4.132721,0.5321297051547063,1.86457e-40,-2.2490401,0.51811135,-0.8066899162396278,0.0,-2.2490401,0.4399729,-0.5921087617545362,0.0,344.8275,270.67892,0.2171983684731451,5.838972e-08,56.0,48.0
105.0,98.0,8338,290747,-4.132721,-4.132721,0.03755509904441379,4.4007735e-09,0.041183244,0.51811135,0.02697716359427682,2.5908377e-05,0.041183244,0.4399729,0.02634127704679523,3.998095e-05,467.18823,270.67892,0.6524194690164282,0.0,56.0,48.0
105.0,99.0,10249,290747,-872.1624,-4.132721,-0.8555034734560176,0.0,-0.3400574,0.51811135,-0.1696568109072789,0.0,0.6751741,0.4399729,-0.022299588281184834,0.00012151635,269.6264,270.67892,0.0252281588918144,1.37551e-05,56.0,48.0
105.0,106.0,1648,290747,-1163.4421,-4.132721,-0.9102347715581368,0.0,2.7690797,0.51811135,0.6417215325932621,0.0,2.7690797,0.4399729,0.6320866482656775,0.0,485.45972,270.67892,0.590634012919717,0.0,56.0,48.0
106.0,21.0,34,51912,456.57,11.116852,0.6616865192679013,2.3821126e-11,1.966527,0.6121315,0.5277041237206856,9.943727e-08,1.966527,0.6121315,0.5277041237206856,9.943727e-08,268.83514,467.76147,-1.0,5.748527e-24,56.0,48.0
106.0,98.0,6539,51912,364.3493,11.116852,0.5960123889827222,0.0,1.4673549,0.6121315,0.17899131934096912,0.0,1.4673549,0.6121315,0.17899131934096912,0.0,478.3439,467.76147,-0.06332641737445921,6.344657e-17,56.0,48.0
106.0,99.0,4859,51912,-393.15607,11.116852,-0.33124970206993953,0.0,2.5131059,0.6121315,0.7582083993457542,0.0,2.5131059,0.6121315,0.7582083993457542,0.0,284.7202,467.76147,-0.9244396718546379,0.0,56.0,48.0
106.0,105.0,9832,51912,314.59644,11.116852,0.5819966060107229,0.0,2.441906,0.6121315,0.7164229019793276,0.0,2.441906,0.6121315,0.7164229019793276,0.0,283.9682,467.76147,-0.9172551692442904,0.0,56.0,48.0
20.0,21.0,67737,120467,28.929092,28.929092,-0.06733915100346433,0.0,2.2175107,1.4335095,0.11248096185731526,0.0,-3.4441895,-0.41677234,-0.16004816284748669,0.0,493.76276,399.78156,0.3052691415085165,0.0,68.0,56.0
20.0,56.0,5265,120467,28.929077,28.929092,-0.18007167752851905,0.0,-0.830526,1.4335095,-0.3566021646796188,0.0,-0.90586513,-0.41677234,-0.1010215065931569,1.8537847e-35,125.56245,399.78156,-0.4867127659909085,0.0,68.0,56.0
20.0,94.0,6340,120467,28.245144,28.929092,-0.2920543078946788,0.0,0.19568056,1.4335095,0.06839579927107553,3.791832e-20,0.17432344,-0.41677234,0.03098876588033228,3.106233e-05,423.68707,399.78156,0.029953365764604944,5.664739e-05,68.0,56.0
20.0,99.0,11096,120467,-2202.7334,28.929092,-0.9767656322027095,0.0,0.10708704,1.4335095,-0.08274960754299321,0.0,0.6843989,-0.41677234,0.15650786509881875,0.0,458.6857,399.78156,0.24602339663734374,0.0,68.0,56.0
20.0,105.0,38323,120467,28.929092,28.929092,0.032715456704225154,3.6743053e-22,3.4750795,1.4335095,0.40949103693626676,0.0,3.2473173,-0.41677234,0.5531660955001443,0.0,461.11783,399.78156,0.3144308871104158,0.0,68.0,56.0
21.0,20.0,134222,300878,28.929077,28.929077,0.06368188412606668,0.0,-0.979483,3.909626,-0.3196110873784487,0.0,2.0947444,3.454646,-0.34005747468981873,0.0,390.06815,456.0512,-0.13486524337769634,0.0,68.0,56.0
21.0,56.0,4721,300878,27.925552,28.929077,-0.014224102629446511,0.09261399,4.5496554,3.909626,0.19063550912274008,0.0,-4.5496554,3.454646,-0.6798448994265134,0.0,511.74323,456.0512,0.36474825011849554,0.0,68.0,56.0
21.0,94.0,36299,300878,28.929092,28.929077,-0.031247200419807886,1.7939695e-22,1.1813861,3.909626,-0.1569046210476871,0.0,-1.3626823,3.454646,-0.5059983825465426,0.0,398.18002,456.0512,-0.1064629943704355,0.0,68.0,56.0
21.0,98.0,517,300878,157.7342,28.929077,0.7102304766001213,0.0,-3.9696667,3.909626,-0.8449571308152004,0.0,-3.9696667,3.454646,-0.7018267799939681,0.0,501.24774,456.0512,0.7166156770610856,0.0,68.0,56.0
21.0,99.0,47235,300878,-699.2241,28.929077,-0.8958296530823601,0.0,0.8319735,3.909626,-0.31452244229073867,0.0,-0.13344428,3.454646,-0.429010060984266,0.0,387.1849,456.0512,-0.07600547889611609,0.0,68.0,56.0
21.0,105.0,28199,300878,28.676414,28.929077,-0.03669700321514513,1.669803e-24,3.3138795,3.909626,-0.1832284806771437,0.0,-0.16296889,3.454646,-0.19132147968272006,0.0,428.0019,456.0512,-0.06343133435306969,0.0,68.0,56.0
21.0,106.0,389,300878,-2519.6248,28.929077,-0.9797904063840854,0.0,-1.3873912,3.909626,-0.6369624385160613,0.0,-1.3873912,3.454646,-0.5068427242696444,0.0,596.5817,456.0512,0.8480611097895481,0.0,68.0,56.0
56.0,20.0,19232,6837,28.929092,28.929077,0.18452755018998368,0.0,-3.1432018,-2.571966,-0.19157044886672958,0.0,-3.1970148,-2.5749092,-0.2833121772205994,0.0,590.0076,601.32117,-0.6987197973637131,0.0,68.0,56.0
56.0,21.0,8546,6837,28.929092,28.929077,0.08858833495050966,8.740683e-22,-2.3374233,-2.571966,0.023593728333747732,0.011786527,-2.723728,-2.5749092,-0.07013729243569833,7.0643015e-14,580.2954,601.32117,-0.693670550799413,0.0,68.0,56.0
56.0,94.0,1664,6837,-447.8985,28.929077,-0.44902295625611777,0.0,3.2232893,-2.571966,0.8843484370956674,0.0,-1.8660486,-2.5749092,0.14712350642994565,1.1457835e-20,368.34552,601.32117,-0.8210495283018868,0.0,68.0,56.0
56.0,99.0,2815,6837,-2021.6802,28.929077,-0.9922999684872121,0.0,3.1237235,-2.571966,0.8808081406390003,0.0,-1.007408,-2.5749092,0.310115449033846,0.0,351.78012,601.32117,-0.9424846157583164,0.0,68.0,56.0
56.0,105.0,6998,6837,28.929077,28.929077,0.0447344219161554,9.653123e-07,-2.025781,-2.571966,0.37889780498099235,0.0,-2.025781,-2.5749092,0.4029534880794834,0.0,435.44238,601.32117,-0.7865910036855011,0.0,68.0,56.0
94.0,20.0,27410,41427,28.929092,28.929077,0.13442276148986854,0.0,-2.3906624,1.2042261,-0.4853264028687905,0.0,2.4309983,-0.77328473,0.44140859742935645,0.0,362.25348,384.04663,0.027687486954697027,7.3092565e-10,68.0,56.0
94.0,21.0,67051,41427,28.929077,28.929077,0.010045600042109637,0.0053495443,2.5186539,1.2042261,0.11268416642434675,0.0,2.6867058,-0.77328473,0.30223783855945197,0.0,421.51886,384.04663,0.16710104728390163,0.0,68.0,56.0
94.0,56.0,414,41427,1109.4534,28.929077,0.7542895138634527,0.0,-2.8901534,1.2042261,-0.8766208739918387,0.0,2.8901534,-0.77328473,0.6605232718888905,0.0,337.0003,384.04663,-0.07282054493388002,0.010662038,68.0,56.0
94.0,98.0,3118,41427,-1.5679779,28.929077,-0.10127331564462183,3.4492006e-21,-1.4212693,1.2042261,-0.607850330727747,0.0,-1.4212693,-0.77328473,-0.22159070261431757,0.0,403.01398,384.04663,0.26014701347268154,0.0,68.0,56.0
94.0,99.0,28040,41427,-585.66943,28.929077,-0.8400041647258311,0.0,1.7408478,1.2042261,0.027105447194172516,1.2714292e-09,0.013163582,-0.77328473,-0.02355203248916582,1.327329e-07,398.19205,384.04663,0.23069920579751058,0.0,68.0,56.0
94.0,105.0,5751,41427,23.472336,28.929077,-0.03650523108870052,6.97781e-06,2.9512925,1.2042261,0.12600742380973484,0.0,-2.0937672,-0.77328473,-0.04815570208351738,3.081922e-09,424.7626,384.04663,0.3792153499794668,0.0,68.0,56.0
94.0,106.0,603,41427,-708.57965,28.929077,-0.8886489015163479,0.0,-1.0920385,1.2042261,-0.5113971984766826,0.0,-1.0920385,-0.77328473,-0.14628145070545284,6.540407e-10,444.9656,384.04663,0.39597015766029475,0.0,68.0,56.0
98.0,21.0,643,20081,-196.08545,28.929077,-0.14643191187665072,2.3620322e-10,-1.948728,-1.841165,-0.07070996987860134,0.002235839,1.948728,-1.841165,0.703700014939495,0.0,393.89413,523.04285,-0.8694247860705356,0.0,68.0,56.0
98.0,94.0,976,20081,-5.96525,28.929077,-0.1592056270465272,3.7959504e-17,-1.6649897,-1.841165,0.1511455449691046,1.3865075e-15,1.6649897,-1.841165,0.6611124535793969,0.0,394.7039,523.04285,-0.8553831878433329,0.0,68.0,56.0
98.0,99.0,2512,20081,-559.69836,28.929077,-0.7932875833764972,0.0,0.95409656,-1.841165,0.5269570659212355,0.0,2.0631747,-1.841165,0.7586794977157798,0.0,435.6435,523.04285,-0.5420285502948726,0.0,68.0,56.0
98.0,105.0,16616,20081,28.929077,28.929077,-0.04686300634092977,9.051223e-15,0.71662784,-1.841165,0.31815504153292307,0.0,2.059176,-1.841165,0.4973103394420628,0.0,478.2115,523.04285,-0.20626196091673688,0.0,68.0,56.0
98.0,106.0,2874,20081,-433.1195,28.929077,-0.8036856264487906,0.0,-2.1451626,-1.841165,-0.11344671685796393,6.694941e-23,-2.1451626,-1.841165,-0.11344671685796393,6.694941e-23,511.0172,523.04285,0.09000136087675803,5.442587e-15,68.0,56.0
99.0,20.0,22888,2922966,380.26172,-68.465576,0.7491568114376028,0.0,1.7547132,2.2242506,-0.09001441980692992,0.0,0.78594506,0.16715589,0.05918715517235662,0.0,456.9303,509.47107,-0.04970033843133259,1.7479413e-38,68.0,56.0
99.0,21.0,56128,2922966,587.5414,-68.465576,0.7669119349185443,0.0,2.506227,2.2242506,-0.006350235697791362,0.009847408,1.8055161,0.16715589,0.165660021653951,0.0,452.50098,509.47107,-0.12486964832815506,0.0,68.0,56.0
99.0,56.0,1076,2922966,1394.5161,-68.465576,0.8641281349124708,0.0,3.8582163,2.2242506,0.0853963832993827,1.2287255e-06,-0.09233827,0.16715589,0.005410055718038764,0.7586001,433.26038,509.47107,-0.168541579577542,1.0284359e-21,68.0,56.0
99.0,94.0,29111,2922966,452.05002,-68.465576,0.7580905173670467,0.0,1.2483052,2.2242506,-0.16767267270723363,0.0,0.44579583,0.16715589,0.01344560575444631,7.690017e-05,406.77716,509.47107,-0.1909005922656275,0.0,68.0,56.0
99.0,98.0,4568,2922966,186.72101,-68.465576,0.6496617310939015,0.0,1.0706471,2.2242506,-0.18614042051902147,0.0,1.0706471,0.16715589,0.1409513833340359,0.0,457.39606,509.47107,-0.12211549045173564,0.0,68.0,56.0
99.0,105.0,25962,2922966,299.81134,-68.465576,0.7124244030482927,0.0,2.4043875,2.2242506,-0.04257646421974692,2.7357374e-32,2.6513052,0.16715589,0.3204653390007979,0.0,436.74884,509.47107,-0.07790904887807315,0.0,68.0,56.0
99.0,106.0,9381,2922966,46.32718,-68.465576,0.15321331643221492,0.0,0.8870381,2.2242506,-0.22968086094888818,0.0,0.8870381,0.16715589,0.13559428597112655,0.0,456.77704,509.47107,-0.10454659628598595,0.0,68.0,56.0
105.0,20.0,5186,182352,30.287134,28.929077,0.2040876141332042,0.0,-3.3859086,2.9491324,-0.7421260934933216,0.0,-3.4060154,2.308247,-0.7489133007495392,0.0,578.79083,463.52222,0.5406296439723162,0.0,68.0,56.0
105.0,21.0,1885,182352,27.027702,28.929077,-0.07186447513178229,6.9862686e-08,2.6184137,2.9491324,-0.329295693943378,0.0,-2.6157477,2.308247,-0.2217957882024424,0.0,397.27716,463.52222,-0.8752494403222589,0.0,68.0,56.0
105.0,94.0,364,182352,214.46156,28.929077,0.4757137083982965,0.0,-3.6665254,2.9491324,-0.8809801017618865,0.0,3.6665254,2.308247,0.39339450472314375,1.451982e-38,417.94464,463.52222,-0.6628234476105627,0.0,68.0,56.0
105.0,98.0,11092,182352,32.488308,28.929077,0.08832037808109705,0.0,-1.2669296,2.9491324,-0.4741425437986556,0.0,-1.2669296,2.308247,-0.3647246035621384,0.0,474.15332,463.52222,0.19572999594575102,0.0,68.0,56.0
105.0,99.0,5016,182352,-713.06836,28.929077,-0.8439750257279715,0.0,0.47440207,2.9491324,-0.20733209314995038,0.0,3.0407166,2.308247,0.13680440476760225,0.0,420.13312,463.52222,-0.46289570247192835,0.0,68.0,56.0
105.0,106.0,2495,182352,-395.20676,28.929077,-0.8120632156653396,0.0,-3.8421648,2.9491324,-0.6695088232972042,0.0,-3.8421648,2.308247,-0.604871370801619,0.0,478.88086,463.52222,0.2747504331291344,0.0,68.0,56.0
106.0,21.0,206,55936,382.58905,81.80348,0.46847263724422916,3.0920514e-31,-2.1687875,-0.012982661,-0.6498130318144454,0.0,2.1687875,-0.012982661,0.6857834057230454,0.0,412.76025,511.3628,-0.9897382723112128,0.0,68.0,56.0
106.0,94.0,1572,55936,192.6854,81.80348,0.253648776537053,0.0,-1.496808,-0.012982661,-0.3221119597424319,0.0,1.496808,-0.012982661,0.34230872860513806,0.0,412.31622,511.3628,-0.9897382723112128,0.0,68.0,56.0
106.0,98.0,7321,55936,121.822464,81.80348,0.1963409940941343,0.0,0.96910834,-0.012982661,0.14878843133933084,0.0,0.96910834,-0.012982661,0.14878843133933084,0.0,472.56226,511.3628,-0.27050669866191646,0.0,68.0,56.0
106.0,99.0,20339,55936,13.878056,81.80348,-0.27151003044871125,0.0,-0.390692,-0.012982661,0.017562651655694594,0.00020315242,0.9384695,-0.012982661,0.3638516812159187,0.0,408.08923,511.3628,-0.8496808191542373,0.0,68.0,56.0
106.0,105.0,4983,55936,396.4199,81.80348,0.44334905942791303,0.0,3.736618,-0.012982661,0.5230117245603014,0.0,3.7367966,-0.012982661,0.6357852718981378,0.0,478.5715,511.3628,-0.4332514301485463,0.0,68.0,56.0
20.0,21.0,66937,112225,22.041214,22.041214,0.06263555521611375,0.0,-0.64580345,-0.6467199,0.05407743132007381,0.0,-0.32876053,-0.57343113,0.15137261616442044,0.0,312.60422,338.0228,-0.13545581209074897,0.0,94.0,68.0
20.0,56.0,19618,112225,22.041214,22.041214,0.05346754056159431,4.548045e-33,2.4569302,-0.6467199,0.684937870919776,0.0,2.4657917,-0.57343113,0.588915978413358,0.0,346.9439,338.0228,-0.1789642810335006,0.0,94.0,68.0
20.0,94.0,6588,112225,20.382507,22.041214,0.031078767324782097,2.15009e-05,-0.61920106,-0.6467199,0.1385786290254407,0.0,0.05637765,-0.57343113,0.2518768160664746,0.0,319.3285,338.0228,-0.18078721337715087,0.0,94.0,68.0
20.0,98.0,255,112225,-824.97253,22.041214,-0.6482884261746579,0.0,8.8610525,-0.6467199,1.0,0.0,-8.8610525,-0.57343113,-1.0,0.0,1035.233,338.0228,0.9955090220539096,0.0,94.0,68.0
20.0,99.0,68409,112225,-1572.2427,22.041214,-0.9127122443315524,0.0,-0.64850646,-0.6467199,0.05375841812848958,0.0,0.64708835,-0.57343113,0.41624085794221566,0.0,310.8698,338.0228,-0.0989590282298265,0.0,94.0,68.0
20.0,105.0,9603,112225,22.041214,22.041214,-0.05197357596004459,2.4020559e-17,-3.0838091,-0.6467199,-0.17857899208977335,0.0,-2.901334,-0.57343113,-0.03897107875924366,2.173291e-10,415.9314,338.0228,0.6080138634555963,0.0,94.0,68.0
20.0,106.0,539,112225,-1342.3501,22.041214,-0.9726459938559356,0.0,8.068183,-0.6467199,0.999981980276669,0.0,-8.068183,-0.57343113,-0.9999821786589441,0.0,1231.3955,338.0228,0.9984209101530808,0.0,94.0,68.0
21.0,20.0,73106,247358,22.041214,22.006622,0.12801275386505528,0.0,-0.6412076,-2.205236,0.24562225960805484,0.0,1.3602257,-2.1867688,0.5336686003465267,0.0,390.10522,327.01074,0.2733130337000691,0.0,94.0,68.0
21.0,56.0,4228,247358,22.022621,22.006622,-0.061178266069082055,8.33196e-12,-1.661419,-2.205236,0.15849829857181397,0.0,1.5729439,-2.1867688,0.522882026336634,0.0,302.02628,327.01074,-0.19578712373517548,0.0,94.0,68.0
21.0,94.0,31120,247358,22.041214,22.006622,0.06876986494559856,0.0,-0.6297386,-2.205236,0.2654203901899541,0.0,-0.40915614,-2.1867688,0.1491038322555751,0.0,310.89136,327.01074,0.08556775081321621,0.0,94.0,68.0
21.0,98.0,335,247358,214.73657,22.006622,0.2010765953703213,1.8793248e-10,9.0664215,-2.205236,0.9901440573231644,0.0,-9.0664215,-2.1867688,-0.43685218825382466,1.46e-43,1026.4352,327.01074,0.9833906092722218,0.0,94.0,68.0
21.0,99.0,119268,247358,-2799.895,22.006622,-0.900680582251367,0.0,-0.96856874,-2.205236,0.20958186646377963,0.0,0.6124269,-2.1867688,0.39660411010255237,0.0,342.48267,327.01074,0.11685337783885297,0.0,94.0,68.0
21.0,105.0,12869,247358,0.70949936,22.006622,-0.056156211818759516,5.3785407e-27,-2.8107486,-2.205236,-0.24874476545292823,0.0,-1.6832689,-2.1867688,0.21017739560571913,0.0,419.51184,327.01074,0.7962965047601529,0.0,94.0,68.0
21.0,106.0,1630,247358,-3027.37,22.006622,-0.9764041606420579,0.0,5.6128535,-2.205236,0.9601138153155926,0.0,5.5005274,-2.1867688,0.6873479867757801,0.0,651.1379,327.01074,0.9558974555991151,0.0,94.0,68.0
56.0,20.0,10614,15407,22.04123,22.04123,-0.040704648394020326,1.694542e-08,-0.6485065,1.2675247,-0.6496683377127772,0.0,0.3108093,1.2682378,-0.6286556541483319,0.0,336.9021,317.3511,0.17407658384279068,0.0,94.0,68.0
56.0,21.0,3971,15407,94.75743,22.04123,0.24140238707653916,0.0,-0.64843696,1.2675247,-0.2609072686171864,0.0,0.64849836,1.2682378,-0.10668908619097461,2.9624833e-25,529.64136,317.3511,0.2167447459388543,0.0,94.0,68.0
56.0,94.0,320,15407,1.8992214,22.04123,-0.2098725417018239,6.118375e-11,7.7654333,1.2675247,0.842645794119556,0.0,-7.7654333,1.2682378,-0.9382646686571039,0.0,1050.2507,317.3511,0.9828645258648667,0.0,94.0,68.0
56.0,98.0,126,15407,-822.17346,22.04123,-0.39177203518087533,1.2182901e-14,8.938185,1.2675247,1.0,0.0,-8.938185,1.2682378,-1.0,0.0,1035.0156,317.3511,1.0,0.0,94.0,68.0
56.0,99.0,11420,15407,-3402.9639,22.04123,-0.9758596775841764,0.0,-1.2327316,1.2675247,-0.10355402853821416,0.0,0.92272604,1.2682378,-0.08480762548285592,1.2444243e-32,988.0188,317.3511,0.9033967092766191,0.0,94.0,68.0
56.0,105.0,17346,15407,22.04123,22.04123,-0.12923604491680452,0.0,1.8171649,1.2675247,0.405896599624302,0.0,1.495239,1.2682378,0.17573669328767605,0.0,357.59705,317.3511,0.6387187528229672,0.0,94.0,68.0
56.0,106.0,1087,15407,-2597.5278,22.04123,-0.986881075156163,0.0,8.927431,1.2675247,1.0,0.0,-8.927431,1.2682378,-1.0,0.0,1236.0758,317.3511,1.0,0.0,94.0,68.0
94.0,20.0,4195,38284,27.06569,-1.4731045,0.1418733575016604,0.0,-1.1247932,-2.766168,0.24645712259757668,0.0,-0.45727038,-3.2965853,0.4316180844772317,0.0,340.34647,377.18826,0.039427855476708906,2.6808742e-05,94.0,68.0
94.0,21.0,65712,38284,22.04121,-1.4731045,0.05358463979444239,0.0,-0.64850783,-2.766168,0.21764255164145951,0.0,-1.548008,-3.2965853,0.22615161355941504,0.0,325.76923,377.18826,-0.23342628285337752,0.0,94.0,68.0
94.0,56.0,2174,38284,227.02252,-1.4731045,0.28784788060990363,0.0,-2.5890539,-2.766168,0.02083852180339707,0.10162338,-2.4730296,-3.2965853,0.2508615343402145,0.0,288.9391,377.18826,-0.5138644731088826,0.0,94.0,68.0
94.0,98.0,2692,38284,84.13707,-1.4731045,0.33825055699307116,0.0,-1.7762699,-2.766168,0.3103374746925418,0.0,-1.9835341,-3.2965853,0.28960449339052485,0.0,488.97446,377.18826,0.8582202683844198,0.0,94.0,68.0
94.0,99.0,45466,38284,-1707.7507,-1.4731045,-0.8061878794173165,0.0,-0.6140322,-2.766168,0.31322661077664615,0.0,0.32433248,-3.2965853,0.43181780368757994,0.0,339.56964,377.18826,0.037194763477956805,1.5784097e-20,94.0,68.0
94.0,105.0,3981,38284,24.47497,-1.4731045,0.28042396477826137,0.0,-2.0024583,-2.766168,0.0062004045388408535,0.51899624,-2.0152638,-3.2965853,0.12210584908972733,5.9080873e-37,431.43176,377.18826,0.8036656841237126,0.0,94.0,68.0
94.0,106.0,1464,38284,-817.0847,-1.4731045,-0.6773473759244256,0.0,2.996962,-2.766168,0.562145695129812,0.0,2.9793687,-3.2965853,0.6084178612189715,0.0,470.72168,377.18826,0.853721956782014,0.0,94.0,68.0
98.0,99.0,2143,12340,-1615.3507,20.159142,-0.9398107062986725,0.0,6.0662684,1.8286959,0.6091025698232759,0.0,6.0662684,1.8286959,0.6091025698232759,0.0,785.6572,423.71503,0.8223524104335778,0.0,94.0,68.0
98.0,105.0,8781,12340,16.804466,20.159142,-0.014502553306396604,0.07165742,3.3969793,1.8286959,0.45760636500238006,0.0,3.3969793,1.8286959,0.45760636500238006,0.0,456.6225,423.71503,0.6099910721487403,0.0,94.0,68.0
98.0,106.0,3553,12340,-198.96259,20.159142,-0.693875128238697,0.0,0.3514086,1.8286959,-0.37651914673882547,0.0,0.3514086,1.8286959,-0.37651914673882547,0.0,422.2596,423.71503,0.0832207676212171,3.7148514e-14,94.0,68.0
99.0,20.0,45086,2691991,336.4003,-129.7185,0.5601715936196645,0.0,-0.031478025,1.4401073,-0.18392681479257955,0.0,-0.05321105,0.34996718,-0.02478014246982052,1.5933751e-19,430.29858,818.9922,-0.14635001516691215,0.0,94.0,68.0
99.0,21.0,163462,2691991,724.1264,-129.7185,0.6678883115516154,0.0,-0.6477847,1.4401073,-0.3349965735271223,0.0,0.56977195,0.34996718,-0.05883094567670277,0.0,319.88684,818.9922,-0.36769595998058646,0.0,94.0,68.0
99.0,56.0,4782,2691991,2658.3389,-129.7185,0.7300873779941073,0.0,-0.6467878,1.4401073,-0.35782672043025343,0.0,-0.008296762,0.34996718,-0.04339062038345254,2.075015e-07,392.52625,818.9922,-0.35179411808919825,0.0,94.0,68.0
99.0,94.0,82096,2691991,2003.9535,-129.7185,0.7415540470685382,0.0,-0.60876477,1.4401073,-0.1822122604156663,0.0,-0.6189164,0.34996718,-0.1613176709920534,0.0,309.3556,818.9922,-0.31641457379680626,0.0,94.0,68.0
99.0,98.0,9100,2691991,1662.1604,-129.7185,0.6881373577571968,0.0,1.251503,1.4401073,-0.128034466715495,0.0,-2.5543091,0.34996718,-0.22404721072067657,0.0,467.071,818.9922,-0.1286823039400704,0.0,94.0,68.0
99.0,105.0,32845,2691991,413.21487,-129.7185,0.5801121126136954,0.0,-1.7316487,1.4401073,-0.3410874572082546,0.0,1.3041058,0.34996718,0.057370708845979834,0.0,472.7779,818.9922,-0.09130909994223502,0.0,94.0,68.0
99.0,106.0,18202,2691991,76.96304,-129.7185,0.19504169170092367,0.0,1.5241355,1.4401073,-0.09111588696844808,0.0,-2.469644,0.34996718,-0.14051279965899066,0.0,614.9523,818.9922,-0.0246995866805636,8.800497e-09,94.0,68.0
105.0,20.0,7775,116116,3.646576,22.04123,-0.08473539987011547,3.5623656e-36,-8.571109,-2.4489505,-0.7265619888482733,0.0,8.571109,-1.6914622,0.5193647133440902,0.0,1000.27576,406.4115,0.49681413608013014,0.0,94.0,68.0
105.0,21.0,11620,116116,22.04123,22.04123,-0.007598052134819899,0.17514463,-6.9932027,-2.4489505,-0.6116443930572366,0.0,6.9932027,-1.6914622,0.5596012851176362,0.0,987.99927,406.4115,0.38557046401873984,0.0,94.0,68.0
105.0,56.0,10,116116,136.63834,22.04123,0.6003909883220229,0.0009761325,-5.035456,-2.4489505,-0.8824899238692342,1.3424595e-06,5.035456,-1.6914622,0.7918013021461296,1.4466137e-05,984.1715,406.4115,0.7929742671121982,1.4049373e-05,94.0,68.0
105.0,94.0,8332,116116,21.552847,22.04123,-0.02878531631925274,1.051323e-05,-7.8608856,-2.4489505,-0.8276579314869579,0.0,7.8608856,-1.6914622,0.8607212994101103,0.0,1002.59937,406.4115,0.6603490714013915,0.0,94.0,68.0
105.0,98.0,10042,116116,22.04123,22.04123,0.02801630015693024,2.869372e-06,0.8345982,-2.4489505,0.14273137667982772,0.0,0.91435784,-1.6914622,-0.01240694728219538,0.03883215,417.0404,406.4115,0.22660176821578237,0.0,94.0,68.0
105.0,99.0,20604,116116,-1599.6289,22.04123,-0.8848365349429756,0.0,-3.7272096,-2.4489505,-0.25126005804891394,0.0,4.1961813,-1.6914622,0.388791529165176,0.0,727.9951,406.4115,0.38563514212576333,0.0,94.0,68.0
105.0,106.0,4967,116116,-349.34488,22.04123,-0.7556786534557062,0.0,-3.7077825,-2.4489505,-0.2760736691160245,0.0,-3.7075145,-1.6914622,-0.4432645657349392,0.0,419.0237,406.4115,0.22827481280686235,0.0,94.0,68.0
106.0,21.0,173,57201,66.25249,-27.78543,0.2967637798482241,1.4735326e-11,3.7061856,-0.59616214,0.8040155124819455,0.0,3.7061856,-0.59616214,0.8040155124819455,0.0,449.76117,440.7738,0.2576179748666425,4.6277377e-09,94.0,68.0
106.0,94.0,335,57201,251.10832,-27.78543,0.6268750128833465,0.0,-2.7072563,-0.59616214,-0.5360359789138432,0.0,-2.7072563,-0.59616214,-0.5360359789138432,0.0,483.1803,440.7738,0.9437833646056182,0.0,94.0,68.0
106.0,98.0,6911,57201,453.49774,-27.78543,0.688385778944385,0.0,1.15215,-0.59616214,0.241986218972998,0.0,1.15215,-0.59616214,0.241986218972998,0.0,465.69135,440.7738,0.3164071423337462,0.0,94.0,68.0
106.0,99.0,7679,57201,54.378807,-27.78543,0.3265674896849884,0.0,-1.3248556,-0.59616214,-0.08314804044223201,2.1593314e-32,-1.3248556,-0.59616214,-0.08314804044223201,2.1593314e-32,420.21536,440.7738,-0.1431678203617427,0.0,94.0,68.0
106.0,105.0,8560,57201,303.29745,-27.78543,0.639277808194648,0.0,2.6882987,-0.59616214,0.3080055949613325,0.0,2.6882987,-0.59616214,0.3080055949613325,0.0,454.92633,440.7738,0.3597471316510217,0.0,94.0,68.0
20.0,21.0,75300,155820,-28.929108,-28.929108,-0.06951229122784952,0.0,0.12999988,-0.15832719,0.1988091580965745,0.0,-0.14648378,-0.11355135,-0.0276432744186903,3.9245587e-27,268.0489,231.7427,0.20812453280192034,0.0,100.0,94.0
20.0,56.0,10408,155820,-28.929108,-28.929108,0.053569756945749614,4.5481883e-20,-0.1482411,-0.15832719,-0.024639329032266954,2.494173e-05,-0.14663139,-0.11355135,-0.012114742384416233,0.038207956,22.635376,231.7427,-0.35563523267993546,0.0,100.0,94.0
20.0,94.0,3283,155820,-114.66235,-28.929108,-0.27831455009144046,0.0,0.31025532,-0.15832719,0.24706691175369566,0.0,0.31026506,-0.11355135,0.213077931130498,0.0,38.63357,231.7427,-0.4204763550717099,0.0,100.0,94.0
20.0,98.0,61,155820,-946.3767,-28.929108,-0.9421095379073374,2.9114962e-37,2.912481,-0.15832719,0.6828888313754207,2.5562004e-20,2.912481,-0.11355135,0.9341848833563737,1.3555966e-36,336.2335,231.7427,0.18986009498138867,0.0102326255,100.0,94.0
20.0,99.0,24596,155820,-301.83606,-28.929108,-0.7466298059219454,0.0,-0.15415254,-0.15832719,0.048428156968086666,2.2740067e-34,0.039105996,-0.11355135,0.1867247159222023,0.0,174.85818,231.7427,-0.04513684694920195,4.452343e-30,100.0,94.0
20.0,105.0,2594,155820,36.93837,-28.929108,0.1741955533177033,0.0,0.4341014,-0.15832719,0.18866238222205856,0.0,4.115868,-0.11355135,0.7944053974858007,0.0,483.32077,231.7427,0.053960449194734306,2.3468e-06,100.0,94.0
20.0,106.0,114,155820,-2098.2373,-28.929108,-0.9905234785075897,0.0,2.9125085,-0.15832719,0.6835090871833671,1.3430323e-36,2.9125085,-0.11355135,0.9345302834804892,0.0,335.36957,231.7427,0.18986009498138867,0.00044838886,100.0,94.0
21.0,20.0,58439,321576,-28.628681,-28.929108,0.1690890919179866,0.0,-1.5193292,0.11754413,-0.3102636834961384,0.0,-0.46380275,0.18094535,-0.13354405223561594,0.0,557.4978,203.6214,0.3011550062288988,0.0,100.0,94.0
21.0,56.0,1254,321576,1047.7434,-28.929108,0.8415834387055237,0.0,-5.126218,0.11754413,-0.7199162793497209,0.0,5.126218,0.18094535,0.8890600802610142,0.0,604.6858,203.6214,0.356012817595035,0.0,100.0,94.0
21.0,94.0,46220,321576,-28.929108,-28.929108,-0.06282697144839466,0.0,-0.041031968,0.11754413,-0.1790872034551556,0.0,0.30937392,0.18094535,0.1853642266295441,0.0,206.99277,203.6214,-0.06388054221320016,0.0,100.0,94.0
21.0,98.0,1123,321576,-89.69299,-28.929108,-0.03806363853923256,0.027324153,2.9130373,0.11754413,0.8801595818244301,0.0,2.9130373,0.18094535,0.983626019746781,0.0,341.33023,203.6214,0.361255871599957,0.0,100.0,94.0
21.0,99.0,54649,321576,-327.5077,-28.929108,-0.7285268810122207,0.0,0.119537435,0.11754413,0.09107964489595322,0.0,0.08915814,0.18094535,-0.014687505990307104,3.8386414e-08,387.4209,203.6214,0.21350221574507966,0.0,100.0,94.0
21.0,105.0,3137,321576,560.316,-28.929108,0.4536137259492694,0.0,-4.487419,0.11754413,-0.23245774165359612,0.0,4.5592875,0.18094535,0.9613067134242719,0.0,571.5469,203.6214,0.35216531684736063,0.0,100.0,94.0
21.0,106.0,27,321576,-1312.2898,-28.929108,-0.8933599245935988,8.626552e-16,2.9101765,0.11754413,0.7339846625738609,3.9598224e-11,2.9101765,0.18094535,0.7963794515713813,7.660204e-13,330.96454,203.6214,0.2700312074145943,0.015091571,100.0,94.0
56.0,20.0,28500,30096,-28.929108,-28.929108,0.060097167426807374,1.6765421e-37,1.7072234,-0.18126342,0.20209927180391163,0.0,-0.4628441,-0.360158,-0.19708914864247273,0.0,657.23303,46.697155,0.42738890754264713,0.0,100.0,94.0
56.0,21.0,9262,30096,-28.929108,-28.929108,0.0946594126320428,0.0,0.3896656,-0.18126342,0.0453538922335448,3.820485e-11,-0.468683,-0.360158,0.015864876962926155,0.020750565,61.502617,46.697155,0.2804504208859442,0.0,100.0,94.0
56.0,94.0,1352,30096,133.84253,-28.929108,0.26139543795161213,0.0,0.33203688,-0.18126342,0.05280140041020598,0.0010032322,0.33643806,-0.360158,0.7982419767591833,0.0,37.927395,46.697155,-0.1439584159093268,2.996259e-19,100.0,94.0
56.0,99.0,5598,30096,-412.25922,-28.929108,-0.7598397465848952,0.0,-0.39947844,-0.18126342,-0.23578654533906407,0.0,-0.421066,-0.360158,0.0713972344588778,1.9640156e-17,548.98553,46.697155,0.21177849554760475,0.0,100.0,94.0
56.0,105.0,655,30096,273.96057,-28.929108,0.26888131008761773,1.35373e-35,4.1756296,-0.18126342,0.7972974014958747,0.0,4.1756296,-0.360158,0.9709358551363372,0.0,505.82236,46.697155,-0.035277747340824894,0.12185562,100.0,94.0
94.0,20.0,402,74916,-53.303066,-28.929108,-0.01738753373928048,0.5468997,0.43545845,-0.26630402,0.4117757493699743,0.0,0.91238093,0.22305769,0.42434498445887914,0.0,650.16077,197.63092,0.35234065802122916,2.9910575e-34,100.0,94.0
94.0,21.0,23604,74916,-28.929089,-28.929108,0.1340281310514877,0.0,-0.09410454,-0.26630402,0.07320642264565946,0.0,0.0014165712,0.22305769,-0.2424902746411235,0.0,202.75075,197.63092,0.22060446275210932,0.0,100.0,94.0
94.0,56.0,133,74916,213.57138,-28.929108,0.39092364902324683,5.9774908e-15,-4.678589,-0.26630402,-0.8961146258245325,0.0,4.678589,0.22305769,0.8961146258245325,0.0,638.23944,197.63092,0.5679457734517297,8.846173e-30,100.0,94.0
94.0,98.0,418,74916,-69.762634,-28.929108,-0.039479112938229255,0.16313274,6.0068474,-0.26630402,0.9797753707437817,0.0,6.0068474,0.22305769,0.9266258273061683,0.0,670.26215,197.63092,0.5733988893717263,0.0,100.0,94.0
94.0,99.0,30949,74916,-528.16565,-28.929108,-0.7455459358722294,0.0,-0.48406917,-0.26630402,-0.07092576727389976,0.0,0.22515495,0.22305769,-0.06356812350113883,0.0,203.29085,197.63092,0.2443831769924103,0.0,100.0,94.0
94.0,105.0,417,74916,385.5039,-28.929108,0.3278730851615359,5.9550727e-31,-4.7929864,-0.26630402,-0.4120471042675711,0.0,4.7929864,0.22305769,0.827054838589484,0.0,627.51025,197.63092,0.5010018574920618,0.0,100.0,94.0
94.0,106.0,574,74916,-164.49777,-28.929108,-0.5647321515777113,0.0,0.21052071,-0.26630402,0.4053635542190528,0.0,0.21052071,0.22305769,-0.2520445895919109,2.0268726e-25,56.8808,197.63092,-0.16239286723546165,1.9053063e-11,100.0,94.0
98.0,20.0,70,17472,-31.789295,-28.929108,-0.04624378597592882,0.49995548,6.597476,-0.12810737,0.9408081501831502,3.691e-42,-6.597476,-0.12810737,-1.0,0.0,880.8818,41.29814,1.0,0.0,100.0,94.0
98.0,21.0,1948,17472,-16.690006,-28.929108,0.13364034258862278,1.5458229e-22,-0.43575156,-0.12810737,-0.02661880011244744,0.0535959,-0.47206125,-0.12810737,-0.9305063813453829,0.0,61.8713,41.29814,0.8713351453260976,0.0,100.0,94.0
98.0,56.0,251,17472,-68.3667,-28.929108,-0.13094599623484082,0.0003211903,6.5169444,-0.12810737,1.0,0.0,-6.5169444,-0.12810737,-1.0,0.0,897.0503,41.29814,1.0,0.0,100.0,94.0
98.0,94.0,3486,17472,-28.875679,-28.929108,0.0385505916917277,0.00029503097,-0.5588249,-0.12810737,-0.6701760929116781,0.0,-0.5631928,-0.12810737,-0.7839863837873735,0.0,62.730274,41.29814,0.6209677800684685,0.0,100.0,94.0
98.0,99.0,3710,17472,-1823.8341,-28.929108,-0.9272277615690688,0.0,4.082349,-0.12810737,0.4968771289357543,0.0,-5.137762,-0.12810737,-0.3285609073092227,0.0,815.2932,41.29814,0.9265487853341627,0.0,100.0,94.0
98.0,105.0,4778,17472,4.622116,-28.929108,0.1502666779554338,0.0,0.49522418,-0.12810737,0.6260691267362468,0.0,0.49522418,-0.12810737,0.6260691267362468,0.0,62.554848,41.29814,0.6239139592791749,0.0,100.0,94.0
98.0,106.0,7147,17472,-52.343857,-28.929108,-0.6500789558081954,0.0,-0.38591594,-0.12810737,-0.34904031302869976,0.0,-0.38591594,-0.12810737,-0.34904031302869976,0.0,60.855026,41.29814,0.5775165948621594,0.0,100.0,94.0
99.0,20.0,13638,2874507,1905.3118,-132.38477,0.9123851444886109,0.0,0.44737402,3.4553573,-0.31960867404468674,0.0,0.48838127,-0.17752624,0.2217802922610237,0.0,630.405,681.9135,-0.09757568574866149,0.0,100.0,94.0
99.0,21.0,38982,2874507,1725.5195,-132.38477,0.8948680641384985,0.0,0.36713403,3.4553573,-0.27325266465583176,0.0,0.13817547,-0.17752624,0.0817639063831479,0.0,680.59796,681.9135,-0.0015789799353133072,0.59172064,100.0,94.0
99.0,56.0,4030,2874507,2151.9456,-132.38477,0.9211871503220099,0.0,-3.8802934,3.4553573,-0.7153081696941173,0.0,3.899269,-0.17752624,0.4380743791818591,0.0,643.6633,681.9135,-0.1019598090606576,3.937734e-29,100.0,94.0
99.0,94.0,35407,2874507,1099.0917,-132.38477,0.8922207647791085,0.0,-0.3074184,3.4553573,-0.5182535187667692,0.0,0.38976306,-0.17752624,0.2450758429284574,0.0,326.76923,681.9135,-0.17487924677236555,0.0,100.0,94.0
99.0,98.0,2429,2874507,5044.601,-132.38477,0.9825798222763973,0.0,13.638252,3.4553573,0.8864067192993561,0.0,13.638252,-0.17752624,0.9223907368772604,0.0,1538.0189,681.9135,0.8022528614595148,0.0,100.0,94.0
99.0,105.0,19392,2874507,1995.5813,-132.38477,0.9088180283758196,0.0,0.4703614,3.4553573,-0.20413888567238092,0.0,0.49290305,-0.17752624,0.28105744143870814,0.0,63.481888,681.9135,-0.507244072162153,0.0,100.0,94.0
99.0,106.0,10716,2874507,-20.015583,-132.38477,0.2493844416642388,0.0,0.36970776,3.4553573,-0.0033350760720861627,0.5506041,0.36970776,-0.17752624,0.32402524002969235,0.0,58.51077,681.9135,-0.34636569530525374,0.0,100.0,94.0
105.0,20.0,31688,156131,-28.929092,-28.929108,-0.019832275278271805,2.2093635e-08,1.3819402,-0.047133513,0.41740956931228523,0.0,-1.3819402,0.11916874,-0.6629448850905795,0.0,860.2231,60.316242,0.358637932792508,0.0,100.0,94.0
105.0,21.0,24915,156131,-28.929108,-28.929108,-0.023671624809555314,1.5958409e-09,4.8449683,-0.047133513,0.4699837744248616,0.0,-4.8449683,0.11916874,-0.7638140264418478,0.0,839.3417,60.316242,0.5800106208891902,0.0,100.0,94.0
105.0,56.0,16437,156131,-28.929108,-28.929108,-0.013353607864030836,0.004567052,-0.114287846,-0.047133513,0.2922507456436989,0.0,-0.32567865,0.11916874,-0.6910807942497711,0.0,54.888332,60.316242,0.013738588684819142,0.0037095682,100.0,94.0
105.0,94.0,5191,156131,-33.181046,-28.929108,-0.10859683904207695,6.217e-41,-0.27710614,-0.047133513,0.029402639168272238,0.00030657166,-0.5466847,0.11916874,-0.587068491443993,0.0,62.72465,60.316242,0.15271254891327635,0.0,100.0,94.0
105.0,98.0,5408,156131,-34.500755,-28.929108,-0.12589020934438344,0.0,-0.2966437,-0.047133513,-0.07658957203818262,8.743269e-22,-0.2966437,0.11916874,-0.28673614984935836,0.0,60.5343,60.316242,0.017610577896599366,0.027436554,100.0,94.0
105.0,99.0,48653,156131,-234.32915,-28.929108,-0.7263887982978532,0.0,0.15724358,-0.047133513,0.18520848843945203,0.0,-0.05063595,0.11916874,-0.15309380045605003,0.0,762.483,60.316242,0.36910980675486393,0.0,100.0,94.0
105.0,106.0,5509,156131,-58.551247,-28.929108,-0.5949801005766739,0.0,-0.3134954,-0.047133513,-0.3059460116409337,0.0,-0.3134954,0.11916874,-0.5468968680796704,0.0,60.677162,60.316242,-0.00679248177637537,0.3907722,100.0,94.0
106.0,20.0,46,72456,820.4265,-30.335182,0.8693803975786205,1.7961876e-24,6.6373034,-0.39628473,0.9999447940819255,7.682593e-32,-6.6373034,-0.39628473,-1.0,7.623894e-32,882.9413,60.586304,0.9999447940819255,7.682593e-32,100.0,94.0
106.0,21.0,499,72456,290.74127,-30.335182,0.6935007809590694,0.0,5.017366,-0.39628473,0.9597709275235908,0.0,-5.017366,-0.39628473,-0.9830572041731691,0.0,822.7651,60.586304,0.9771306995131923,0.0,100.0,94.0
106.0,94.0,927,72456,158.79065,-30.335182,0.6220799076780772,0.0,0.16925146,-0.39628473,0.17877958653089943,7.3797775e-21,-0.5228248,-0.39628473,-0.2072180785029346,1.8197993e-27,59.78709,60.586304,0.17949138257653585,5.1797295e-21,100.0,94.0
106.0,98.0,2064,72456,1694.0348,-30.335182,0.841093302120592,0.0,0.11845219,-0.39628473,0.566529376716626,0.0,0.11845219,-0.39628473,0.566529376716626,0.0,57.511307,60.586304,0.07322698597940858,1.3330463e-08,100.0,94.0
106.0,99.0,7968,72456,-77.23608,-30.335182,-0.16714469358886352,0.0,0.06845884,-0.39628473,0.10269519996459286,0.0,-0.53735733,-0.39628473,-0.28715125317156887,0.0,68.79824,60.586304,0.7636047304903615,0.0,100.0,94.0
106.0,105.0,8977,72456,2591.3103,-30.335182,0.952435086492982,0.0,0.53493047,-0.39628473,0.8318473243283668,0.0,0.53493047,-0.39628473,0.8318473243283668,0.0,63.501556,60.586304,0.5692158649669024,0.0,100.0,94.0
20.0,21.0,46345,57606,50.97032,50.97032,0.036210531122862655,6.042926e-24,-1.2268404,-1.6621377,0.01012464661158341,0.004948465,3.4002292,3.2726493,0.10576183560133767,0.0,476.36536,536.91095,-0.10101352221333593,0.0,113.0,100.0
20.0,56.0,15958,57606,50.97032,50.97032,0.05289572773915685,7.569069e-25,1.8328798,-1.6621377,0.24756614589497827,0.0,-1.8491788,3.2726493,-0.5811964943110894,0.0,447.1372,536.91095,-0.4260804508198984,0.0,113.0,100.0
20.0,94.0,4029,57606,50.97032,50.97032,0.09365141814991329,1.5640359e-23,-5.217756,-1.6621377,-0.2786447433277781,0.0,5.217756,3.2726493,0.37519060225854317,0.0,667.1133,536.91095,0.36492414079443325,0.0,113.0,100.0
20.0,99.0,15240,57606,-730.1232,50.97032,-0.9373870927705747,0.0,-0.2799623,-1.6621377,0.10151895494627583,0.0,-0.6915852,3.2726493,-0.49184273032035974,0.0,564.65576,536.91095,0.13423642828288784,0.0,113.0,100.0
20.0,105.0,11440,57606,43.724747,50.97032,-0.02437786929246155,3.5480985e-05,3.6048238,-1.6621377,0.47936403465645205,0.0,3.5923858,3.2726493,0.12950300922907942,0.0,459.43225,536.91095,-0.05320877608660135,2.1836632e-19,113.0,100.0
21.0,20.0,57191,201521,48.75464,50.97032,-0.056185911281873335,0.0,1.182714,2.1449397,-0.17362415484261184,0.0,-2.4256272,3.6734416,-0.4847350497046503,0.0,470.202,454.14203,0.0931967904187967,0.0,113.0,100.0
21.0,56.0,10482,201521,49.956024,50.97032,-0.08162663451984387,3e-45,1.457952,2.1449397,-0.16324277974002366,0.0,0.4531539,3.6734416,-0.3116959333655075,0.0,413.7522,454.14203,-0.06613286854066314,2.8358463e-30,113.0,100.0
21.0,94.0,32815,201521,33.589417,50.97032,-0.15023394713857818,0.0,2.0943367,2.1449397,0.0351680446586462,1.4170421e-24,4.0051827,3.6734416,0.27046407741834,0.0,459.06088,454.14203,0.2068076096613609,0.0,113.0,100.0
21.0,98.0,1417,201521,50.97032,50.97032,0.028625867672259275,0.06260869,2.881174,2.1449397,0.36047804225856006,0.0,2.881174,3.6734416,0.21376610832277554,7.3e-44,431.8682,454.14203,0.015930685527530075,0.3006504,113.0,100.0
21.0,99.0,37478,201521,-936.4452,50.97032,-0.892479737331094,0.0,-0.14141545,2.1449397,-0.1554156953143847,0.0,0.5709574,3.6734416,-0.3081027026297284,0.0,562.76685,454.14203,0.18513371652544186,0.0,113.0,100.0
21.0,105.0,27618,201521,32.88391,50.97032,-0.09420308298312619,0.0,3.4347067,2.1449397,0.06435743709821118,0.0,3.4994626,3.6734416,-0.04362822203576733,5.1298585e-32,459.79092,454.14203,0.32322510933864934,0.0,113.0,100.0
21.0,106.0,1194,201521,-4767.7373,50.97032,-0.9646532841359551,0.0,7.2902904,2.1449397,0.9724963678029257,0.0,7.2902904,3.6734416,0.9560616802350452,0.0,1067.0952,454.14203,0.953926278424774,0.0,113.0,100.0
56.0,20.0,12619,12448,55.24765,50.97032,0.2915342851223448,0.0,-2.5471532,2.5239167,-0.3887443338899538,0.0,3.0731533,-2.446477,0.7276493654445666,0.0,446.1063,410.01587,0.1211169792113782,0.0,113.0,100.0
56.0,21.0,5234,12448,19.701988,50.97032,-0.05228055167271928,3.291813e-08,2.189126,2.5239167,-0.14791574984798816,0.0,-2.15763,-2.446477,0.15989756208908923,0.0,411.63287,410.01587,0.054191090266037856,1.2165298e-08,113.0,100.0
56.0,94.0,272,12448,-44.914085,50.97032,-0.3033791159458642,4.204824e-18,1.6122468,2.5239167,-0.22926669060940574,9.2637245e-11,-1.6122468,-2.446477,0.6356732241418419,0.0,915.1652,410.01587,1.0,0.0,113.0,100.0
56.0,99.0,4897,12448,-504.60394,50.97032,-0.7817045927599553,0.0,3.4691226,2.5239167,0.4466252717287169,0.0,-3.388338,-2.446477,-0.34557450642621024,0.0,852.7073,410.01587,0.45641859516843897,0.0,113.0,100.0
56.0,105.0,4409,12448,50.97032,50.97032,0.26605370106483517,0.0,-0.84526056,2.5239167,-0.23188605219167846,0.0,0.9141311,-2.446477,0.8682501059704355,0.0,766.3885,410.01587,0.5525589127112631,0.0,113.0,100.0
94.0,20.0,18034,41503,45.673874,50.97032,-0.07603182813458687,0.0,4.9858847,-0.45740098,0.5093085328646358,0.0,1.0233209,2.7563853,-0.08862801728864045,0.0,808.9376,459.1409,0.16238377537607618,0.0,113.0,100.0
94.0,21.0,34745,41503,44.090317,50.97032,-0.07668131090964447,0.0,1.0698969,-0.45740098,0.11410141539926233,0.0,0.62753624,2.7563853,-0.2991478973789532,0.0,455.40988,459.1409,-0.09409126416530744,0.0,113.0,100.0
94.0,56.0,3568,41503,38.46235,50.97032,-0.12266754664339463,3.8280883e-34,1.1946704,-0.45740098,0.10035061893521346,2.2182832e-23,1.2710456,2.7563853,0.1090221853323261,2.659575e-27,449.04236,459.1409,-0.028757977028836534,0.004302649,113.0,100.0
94.0,98.0,3101,41503,-109.52655,50.97032,-0.250471615161562,0.0,2.9172626,-0.45740098,0.43682248820156944,0.0,2.9172626,2.7563853,0.21137449313350443,0.0,434.47482,459.1409,-0.11415274541837939,2.3921836e-26,113.0,100.0
94.0,99.0,42060,41503,-969.27576,50.97032,-0.7952091220877662,0.0,-0.2546157,-0.45740098,-0.0067304004938817386,0.09201618,3.5342674,2.7563853,0.02632317374601789,4.4078487e-11,675.8425,459.1409,0.1068676597624112,0.0,113.0,100.0
94.0,105.0,13763,41503,50.97032,50.97032,0.049309129113185524,3.6935992e-18,3.0421925,-0.45740098,0.2463131391688329,0.0,3.0391638,2.7563853,-0.11678986677776826,0.0,451.29803,459.1409,-0.15334432298619438,0.0,113.0,100.0
94.0,106.0,2016,41503,-2479.4365,50.97032,-0.9167022469020216,0.0,8.647057,-0.45740098,0.7061624489566445,0.0,8.647057,2.7563853,0.5684725076290145,0.0,982.1074,459.1409,0.3132540093678444,0.0,113.0,100.0
98.0,21.0,506,16321,-369.41223,45.581326,-0.33676611015222513,7.357582e-39,-1.3480392,-1.7875003,-0.016646271335482132,0.5230086,-1.3480392,-1.7875003,-0.016646271335482132,0.5230086,286.5683,432.24225,-0.9846120798321617,0.0,113.0,100.0
98.0,94.0,929,16321,-1.2462196,45.581326,-0.1523010928025066,3.0728011e-15,0.7979986,-1.7875003,0.3694959619670195,0.0,0.7979986,-1.7875003,0.3694959619670195,0.0,428.0841,432.24225,-0.2915807320687902,0.0,113.0,100.0
98.0,99.0,1929,16321,-1103.5216,45.581326,-0.8441529896142417,0.0,1.012677,-1.7875003,0.4949644745553097,0.0,1.012677,-1.7875003,0.4949644745553097,0.0,413.96634,432.24225,-0.12566994044349167,1.5607568e-19,113.0,100.0
98.0,105.0,15046,16321,50.97032,45.581326,0.14217106304630422,0.0,-0.7545346,-1.7875003,0.27097577192416966,0.0,-0.7545346,-1.7875003,0.27097577192416966,0.0,432.302,432.24225,0.03425817505848916,1.5204527e-07,113.0,100.0
98.0,106.0,4303,16321,-310.25443,45.581326,-0.7708538248507606,0.0,-0.66594666,-1.7875003,0.3102602116157762,0.0,-0.66594666,-1.7875003,0.3102602116157762,0.0,432.80328,432.24225,0.18875803950840275,0.0,113.0,100.0
99.0,20.0,117022,2746541,54.20315,-127.773926,0.3979725673831467,0.0,-0.1466428,-2.8601444,0.16923035490891136,0.0,-3.0873587,0.44156083,-0.15234927895054562,0.0,432.9682,892.78357,-0.49625956081420664,0.0,113.0,100.0
99.0,21.0,184957,2746541,54.396786,-127.773926,0.416150914161763,0.0,-0.14591195,-2.8601444,0.15582613124655587,0.0,0.91176754,0.44156083,0.03168330446594747,0.0,597.09045,892.78357,-0.47889321817516894,0.0,113.0,100.0
99.0,56.0,23107,2746541,55.19088,-127.773926,0.46833638009377343,0.0,2.1816132,-2.8601444,0.15449353800650756,0.0,1.4321579,0.44156083,0.029412089550274745,1.2433521e-14,464.28467,892.78357,-0.31537212945038506,0.0,113.0,100.0
99.0,94.0,48509,2746541,108.542984,-127.773926,0.5815551694583765,0.0,-1.7867559,-2.8601444,0.07535871879591638,0.0,4.0481944,0.44156083,0.1990320231921323,0.0,650.5907,892.78357,-0.47755260669767907,0.0,113.0,100.0
99.0,98.0,3330,2746541,3868.1309,-127.773926,0.7923587523361202,0.0,2.8484511,-2.8601444,0.41617540539686604,0.0,2.7275414,0.44156083,0.14688284713822286,0.0,728.2494,892.78357,-0.037817199812342106,0.00015838555,113.0,100.0
99.0,105.0,101150,2746541,82.16353,-127.773926,0.562593734353837,0.0,2.4584582,-2.8601444,0.1601453160683901,0.0,3.2238684,0.44156083,0.16098021569679788,0.0,743.87463,892.78357,-0.17853866730799295,0.0,113.0,100.0
99.0,106.0,19318,2746541,59.242844,-127.773926,0.08114435022528066,0.0,2.3390298,-2.8601444,0.2745661421896439,0.0,2.3912272,0.44156083,0.18984135781337197,0.0,418.19473,892.78357,-0.4719705652232755,0.0,113.0,100.0
105.0,20.0,4579,95835,13.663513,50.97032,-0.07195997415527733,7.7619446e-17,2.2181275,3.0571003,-0.058659859268700765,1.8601435e-11,-1.3417453,-2.0210876,0.008403267550112004,0.33595985,348.75037,457.97223,-0.24864914585702635,0.0,113.0,100.0
105.0,21.0,5036,95835,-11.635895,50.97032,-0.06722585644433798,3.7849808e-16,2.157651,3.0571003,0.0007098118775681339,0.9322323,-1.0294954,-2.0210876,-0.004604539184102863,0.58117944,367.13794,457.97223,-0.38641686985752455,0.0,113.0,100.0
105.0,56.0,10103,95835,50.97032,50.97032,0.11637683795137255,0.0,-2.5128062,3.0571003,-0.6076538837328778,0.0,-2.673093,-2.0210876,-0.25330966559644097,0.0,421.2914,457.97223,-0.4991714954583122,0.0,113.0,100.0
105.0,94.0,787,95835,36.009663,50.97032,-0.05584162317314101,0.0061998433,2.2692366,3.0571003,0.23804936865691095,1.0511879e-30,0.61570317,-2.0210876,-0.15131425922718056,2.436907e-13,419.46497,457.97223,-0.4558299952885191,0.0,113.0,100.0
105.0,98.0,2922,95835,-30.786716,50.97032,-0.3147636321796671,0.0,5.1687813,3.0571003,0.4073281896677665,0.0,-5.151144,-2.0210876,-0.3205368127335845,0.0,702.2459,457.97223,-0.10212245215126514,4.5608877e-21,113.0,100.0
105.0,99.0,8421,95835,-981.1161,50.97032,-0.9315586023450889,0.0,3.5260499,3.0571003,0.3011776037822598,0.0,-3.1845584,-2.0210876,-0.2128790771421165,0.0,572.0188,457.97223,-0.05614646859164307,1.1678104e-17,113.0,100.0
105.0,106.0,1292,95835,-955.12836,50.97032,-0.9354183313974402,0.0,5.159267,3.0571003,0.3384715748381384,0.0,1.0500541,-2.0210876,-0.11933128582553121,1.5870264e-13,687.3696,457.97223,-0.2079901423709255,7.319996e-38,113.0,100.0
106.0,20.0,1213,66178,69.72973,68.86446,0.01981759603748734,0.2361524,-3.5638082,-0.4057757,-0.7446572618846017,0.0,-3.5638082,-0.4057757,-0.7446572618846017,0.0,432.52576,431.661,0.17415415922039124,2.2173098e-25,113.0,100.0
106.0,21.0,233,66178,5273.6504,68.86446,0.983133665908448,0.0,-3.095074,-0.4057757,-0.6225611846422259,0.0,-3.095074,-0.4057757,-0.6225611846422259,0.0,382.4037,431.661,-0.9036746000544507,0.0,113.0,100.0
106.0,94.0,478,66178,134.82443,68.86446,0.4565457481161179,0.0,0.7139055,-0.4057757,-0.1811010270133636,8.299331e-12,0.7139055,-0.4057757,-0.1811010270133636,8.299331e-12,424.06836,431.661,-0.23704666291784893,3.7460006e-19,113.0,100.0
106.0,98.0,9912,66178,73.607346,68.86446,0.21038245448093362,0.0,-3.2044253,-0.4057757,-0.2926986682845305,0.0,-3.2044253,-0.4057757,-0.2926986682845305,0.0,430.39172,431.661,-0.005035638530671904,0.4180452,113.0,100.0
106.0,99.0,49918,66178,-138.49927,68.86446,-0.17720993130780482,0.0,-3.1557827,-0.4057757,-0.3078680345264859,0.0,-3.1557827,-0.4057757,-0.3078680345264859,0.0,411.10876,431.661,-0.4930996505156062,0.0,113.0,100.0
106.0,105.0,20788,66178,67.275925,68.86446,0.22648605169678615,0.0,-0.08862001,-0.4057757,0.16397764766207734,0.0,-0.08862001,-0.4057757,0.16397764766207734,0.0,432.32062,431.661,0.19128290487611688,0.0,113.0,100.0
20.0,21.0,59680,75702,-28.24031,-28.24031,0.11884356613341307,0.0,0.9867226,0.37177926,0.15775183336694187,0.0,-0.49051592,-1.3795129,0.2225387849620315,0.0,320.98505,315.3001,-0.0006685325266143627,0.8325067,120.0,113.0
20.0,56.0,12447,75702,-28.262459,-28.24031,0.002358229587487992,0.6720487,0.28937837,0.37177926,0.11325537915699546,0.0,-0.25287825,-1.3795129,0.2412955339505849,0.0,258.20618,315.3001,-0.18416445508088264,0.0,120.0,113.0
20.0,94.0,11105,75702,-28.24031,-28.24031,0.07536672355338747,6.341465e-38,1.4221377,0.37177926,0.4280102847879641,0.0,1.4019328,-1.3795129,0.617613128212829,0.0,277.19318,315.3001,-0.06477202589822595,2.441843e-28,120.0,113.0
20.0,99.0,95562,75702,-31.3689,-28.24031,-0.27287618343737285,0.0,1.1789987,0.37177926,0.3651102539235289,0.0,0.594855,-1.3795129,0.5365168325858936,0.0,353.6814,315.3001,-0.022119049288372272,3.4380373e-15,120.0,113.0
20.0,105.0,781,75702,372.08136,-28.24031,0.5249734360056115,0.0,-2.8360617,0.37177926,-0.11942428007439776,8.868838e-09,-2.8360617,-1.3795129,-0.11942428007439776,8.868838e-09,326.88995,315.3001,0.3474732331243835,0.0,120.0,113.0
20.0,106.0,20,75702,-958.93115,-28.24031,-0.988001638001638,1.6906073e-14,-2.8823757,0.37177926,-0.9983738870835644,1.0562598e-14,-2.8823757,-1.3795129,-0.9983738870835644,1.0562598e-14,327.02386,315.3001,0.2124118253150511,0.099948846,120.0,113.0
21.0,20.0,38577,202203,-28.24031,-28.24031,0.0564193256626524,0.0,0.29404157,-0.93982315,0.1715180096278761,0.0,-0.36909875,-1.4673979,0.4050548686940212,0.0,246.82518,295.67862,-0.29556841018495095,0.0,120.0,113.0
21.0,56.0,4126,202203,1035.1606,-28.24031,0.6101598910300663,0.0,-1.7785738,-0.93982315,-0.05813586946186211,1.5237521e-10,2.5254464,-1.4673979,0.8503100502593117,0.0,337.07877,295.67862,0.251704496301403,0.0,120.0,113.0
21.0,94.0,45636,202203,-28.24031,-28.24031,-0.020172613393074745,1.5208317e-11,-1.2357846,-0.93982315,0.04693503801268428,0.0,-1.3358586,-1.4673979,0.12322115193717242,0.0,253.5264,295.67862,-0.07292593970221928,0.0,120.0,113.0
21.0,98.0,560,202203,131.25375,-28.24031,0.1391677458508811,1.1878436e-08,3.4204135,-0.93982315,0.9993153273831603,0.0,3.4204135,-1.4673979,0.9993153273831603,0.0,419.138,295.67862,0.8068299290458458,0.0,120.0,113.0
21.0,99.0,167440,202203,-31.666786,-28.24031,-0.34280819949692265,0.0,0.5813904,-0.93982315,0.3182036279542333,0.0,-0.60837203,-1.4673979,0.33763498616253673,0.0,307.06033,295.67862,0.038696540306800475,0.0,120.0,113.0
21.0,105.0,3560,202203,60.991547,-28.24031,0.05879404510996755,1.6553274e-09,3.3838043,-0.93982315,0.6996203337095823,0.0,3.3838043,-1.4673979,0.9438305366944899,0.0,431.17426,295.67862,0.7337039921000517,0.0,120.0,113.0
21.0,106.0,7,202203,-147.91072,-28.24031,-0.387751064877517,0.0753235,3.4298792,-0.93982315,0.9994913174242859,4.6464015e-06,3.4298792,-1.4673979,0.9994913174242859,4.6464015e-06,418.4193,295.67862,0.8187903104447369,0.00017536567,120.0,113.0
56.0,20.0,7708,10918,-28.690823,-28.24031,-0.022991792475169692,0.006890115,3.0198824,3.0302563,0.1359394174224937,0.0,3.0198824,3.0302563,0.025846160076345992,0.0026207308,362.83173,351.69388,0.219390694494497,0.0,120.0,113.0
56.0,21.0,10991,10918,-28.24031,-28.24031,0.014611356901462536,0.059045892,0.35149953,3.0302563,-0.12430774640524633,0.0,1.3000047,3.0302563,-0.451238168536668,0.0,361.86334,351.69388,0.08148773624822425,1.539104e-25,120.0,113.0
56.0,94.0,1092,10918,-23.316212,-28.24031,0.15109772684420064,2.8510176e-17,0.4791863,3.0302563,-0.14266724909699813,6.95224e-15,-0.48349983,3.0302563,-0.9361378226097039,0.0,250.3559,351.69388,-0.7410781805359568,0.0,120.0,113.0
56.0,99.0,28523,10918,-30.601358,-28.24031,-0.3794521689533956,0.0,2.9799743,3.0302563,0.13021764325042762,0.0,2.9799743,3.0302563,0.07179049052349629,2.2202662e-28,362.95358,351.69388,0.44524026936043115,0.0,120.0,113.0
56.0,105.0,3810,10918,-28.24031,-28.24031,0.15004267075151967,0.0,3.2016983,3.0302563,0.4735056222020608,0.0,3.2016983,3.0302563,0.4735056222020608,0.0,356.06503,351.69388,0.14280393234414124,1.82703e-39,120.0,113.0
94.0,20.0,4476,50767,-28.24031,-20.753082,-0.2706723191532332,0.0,1.3129637,1.2312385,0.2604479632746448,0.0,-0.3473224,-0.13719554,0.17824000740173873,0.0,271.24957,326.6039,-0.38369745019356605,0.0,120.0,113.0
94.0,21.0,32675,50767,-28.24031,-20.753082,-0.09936033518210152,0.0,1.1772906,1.2312385,0.04628543845143129,1.2626832e-29,-0.3578534,-0.13719554,-0.06980447163164338,0.0,278.00726,326.6039,-0.16735349154829493,0.0,120.0,113.0
94.0,56.0,1345,50767,131.03452,-20.753082,0.1126033266787847,1.6236363e-12,-2.8724244,1.2312385,-0.7822347933627521,0.0,-2.4805691,-0.13719554,-0.5865840753766589,0.0,320.30417,326.6039,-0.037794595221568805,0.017809104,120.0,113.0
94.0,98.0,588,50767,475.11145,-20.753082,0.33351470081601287,3.9e-44,3.4121203,1.2312385,0.899477658969905,0.0,3.4121203,-0.13719554,0.8491885496885934,0.0,470.40985,326.6039,0.6667249561790165,0.0,120.0,113.0
94.0,99.0,63053,50767,-258.86993,-20.753082,-0.5853739118427219,0.0,0.2563278,1.2312385,-0.19694837436878798,0.0,-0.22377208,-0.13719554,-0.06930680209511053,0.0,294.2923,326.6039,-0.15760199868138502,0.0,120.0,113.0
94.0,105.0,908,50767,38.67681,-20.753082,0.010069802359557789,0.6022255,1.1645898,1.2312385,0.19517825629729812,5.710707e-24,-0.88873434,-0.13719554,0.07632737593856498,7.864863e-05,356.25043,326.6039,0.3083308219316565,0.0,120.0,113.0
94.0,106.0,312,50767,-6292.5923,-20.753082,-0.928449886434404,0.0,2.0921988,1.2312385,0.6436377507496542,0.0,2.0921988,-0.13719554,0.5425040140652644,0.0,530.4087,326.6039,0.679166458324179,0.0,120.0,113.0
98.0,20.0,319,19115,29.142334,-28.24031,0.3802874369535323,6.935895e-32,-0.37061885,3.1297042,-0.8880273415238734,0.0,-0.37061885,3.1297042,-0.8880273415238734,0.0,276.97983,358.21405,-0.9973842532042898,0.0,120.0,113.0
98.0,21.0,5450,19115,-28.24031,-28.24031,0.11256017297525589,1.6586656e-37,-0.03972426,3.1297042,-0.8633146839385948,0.0,-0.026856128,3.1297042,-0.862977890940157,0.0,293.14972,358.21405,-0.9973842532042898,0.0,120.0,113.0
98.0,94.0,6300,19115,-28.24031,-28.24031,-0.0030494791342293714,0.71500444,0.2264392,3.1297042,-0.8052420811379744,0.0,0.2264392,3.1297042,-0.8052420811379744,0.0,306.02277,358.21405,-0.5978959763171116,0.0,120.0,113.0
98.0,99.0,5738,19115,-33.70897,-28.24031,-0.21828953135098805,0.0,-0.88598937,3.1297042,-0.8879570889883625,0.0,0.037028313,3.1297042,-0.8657974376257443,0.0,293.54382,358.21405,-0.9644380151432502,0.0,120.0,113.0
98.0,105.0,1274,19115,159.53717,-28.24031,0.26856291199551907,0.0,1.9649063,3.1297042,-0.10317063826274997,6.590887e-10,1.9649063,3.1297042,-0.10317063826274997,6.590887e-10,320.18835,358.21405,-0.12977627357508525,7.9624926e-15,120.0,113.0
98.0,106.0,21750,19115,-216.28433,-28.24031,-0.561247014891717,0.0,2.480001,3.1297042,-0.4504689089930577,0.0,2.480001,3.1297042,-0.4504689089930577,0.0,348.1078,358.21405,-0.21094973256243965,0.0,120.0,113.0
99.0,20.0,10524,2803916,3659.0854,-187.30298,0.9261133307620151,0.0,-2.207809,0.57729876,-0.12809828946571478,0.0,-0.11165846,-0.12171428,0.05757690223795264,1.7626772e-24,423.1298,425.15167,0.04811066443595036,1.4315565e-17,120.0,113.0
99.0,21.0,38049,2803916,2275.3044,-187.30298,0.902281882170934,0.0,-0.7804334,0.57729876,-0.10610224437001092,0.0,0.0747287,-0.12171428,0.014235816831524195,1.7761755e-06,389.6067,425.15167,-0.0351845319833437,3.5710093e-32,120.0,113.0
99.0,56.0,3936,2803916,1093.8552,-187.30298,0.8785149317685683,0.0,-2.891307,0.57729876,-0.37430297668793455,0.0,-0.8011898,-0.12171428,-0.16057420381648124,0.0,322.83615,425.15167,-0.3940231454256362,0.0,120.0,113.0
99.0,94.0,32014,2803916,2218.9187,-187.30298,0.9080890397413008,0.0,0.8262108,0.57729876,0.04030381807660777,2.0427595e-35,0.40353265,-0.12171428,0.049693170510653806,0.0,350.74426,425.15167,-0.15881529151643425,0.0,120.0,113.0
99.0,98.0,856,2803916,456.95166,-187.30298,0.827596234967936,0.0,1.1484209,0.57729876,0.20101040630051803,2.3199265e-24,1.1484209,-0.12171428,-0.000150675867834682,0.99390733,324.97186,425.15167,-0.2186990511454654,1.5516594e-28,120.0,113.0
99.0,105.0,14180,2803916,1505.4403,-187.30298,0.8944317494136262,0.0,-2.9252415,0.57729876,-0.4750576155971796,0.0,1.4150928,-0.12171428,0.2846056827824264,0.0,359.73358,425.15167,0.16326436091815189,0.0,120.0,113.0
99.0,106.0,11015,2803916,-29.838646,-187.30298,0.3043192246406887,0.0,2.4777248,0.57729876,0.35509719087597547,0.0,2.4777248,-0.12171428,0.17337256013538127,0.0,349.39957,425.15167,-0.28053075500359625,0.0,120.0,113.0
105.0,20.0,13502,108995,-28.24031,-28.24031,0.0234028984694592,6.650105e-06,-1.7332938,-1.781079,-0.044712047763460494,2.095848e-17,1.288865,2.427735,-0.28604863169651107,0.0,297.4837,332.78827,-0.5687310069118381,0.0,120.0,113.0
105.0,21.0,26774,108995,-28.24031,-28.24031,0.014019647916082567,0.00030539205,-1.6915431,-1.781079,0.014847130067065617,0.00016312861,1.7245798,2.427735,-0.1390243527337217,0.0,311.16064,332.78827,-0.3780077758927286,0.0,120.0,113.0
105.0,56.0,7215,108995,-28.24031,-28.24031,-0.172079048811009,0.0,-1.9390407,-1.781079,-0.21025712363480153,0.0,1.8105092,2.427735,-0.11301750444279923,0.0,301.4456,332.78827,-0.5441971643081785,0.0,120.0,113.0
105.0,94.0,15226,108995,-28.24031,-28.24031,0.10738191311159273,0.0,-1.0330023,-1.781079,0.17962392477461475,0.0,1.2964227,2.427735,-0.07107018208409932,0.0,359.23773,332.78827,0.14794463600115382,0.0,120.0,113.0
105.0,98.0,14326,108995,-28.24031,-28.24031,-0.07520054293719547,0.0,2.8478677,-1.781079,0.34247107280593636,0.0,2.8478677,2.427735,0.07943912859071967,0.0,348.274,332.78827,0.19714318379635376,0.0,120.0,113.0
105.0,99.0,106740,108995,-31.666786,-28.24031,-0.46287399957141606,0.0,-1.2401059,-1.781079,0.05795296506279124,0.0,1.2899895,2.427735,-0.23968488153682843,0.0,330.2612,332.78827,-0.1482798025838863,0.0,120.0,113.0
105.0,106.0,12353,108995,-56.41603,-28.24031,-0.5168636939851621,0.0,2.9013352,-1.781079,0.33314944924847056,0.0,2.9013352,2.427735,-0.034570881842405754,2.8395808e-10,344.2573,332.78827,0.13683102078089604,0.0,120.0,113.0
106.0,20.0,30,129229,65.30786,19.374512,0.06675488216009295,0.52659386,-0.5145781,1.1999252,-0.5971791677306693,1.4731882e-08,-0.5145781,1.1999252,-0.5971791677306693,1.4731882e-08,277.31403,357.837,-0.9873867320802606,7.530004e-21,120.0,113.0
106.0,21.0,1157,129229,249.45612,19.374512,0.26401974617723667,0.0,-0.19705445,1.1999252,-0.4409227566137158,0.0,-0.19705445,1.1999252,-0.4409227566137158,0.0,296.91364,357.837,-0.9873783852565183,0.0,120.0,113.0
106.0,94.0,1077,129229,562.4564,19.374512,0.5250525412723284,0.0,-0.3836732,1.1999252,-0.44193895812327655,0.0,-0.3836732,1.1999252,-0.44193895812327655,0.0,311.08453,357.837,-0.5400579264352565,0.0,120.0,113.0
106.0,98.0,3808,129229,1849.5483,19.374512,0.6900389204695645,0.0,-0.029010385,1.1999252,-0.2564254401394541,0.0,-0.029010385,1.1999252,-0.2564254401394541,0.0,358.489,357.837,-0.0020766604895445795,0.8268398,120.0,113.0
106.0,99.0,24484,129229,-27.35564,19.374512,-0.10216059318863158,0.0,-0.4212879,1.1999252,-0.28501246024217863,0.0,0.8029713,1.1999252,-0.14938995977613245,0.0,301.4253,357.837,-0.8036262765059481,0.0,120.0,113.0
106.0,105.0,255,129229,2105.717,19.374512,0.8451512203826039,0.0,-2.615487,1.1999252,-0.9685394175622876,0.0,-2.615487,1.1999252,-0.9685394175622876,0.0,317.1789,357.837,-0.4222771280470494,1.8561105e-31,120.0,113.0
20.0,21.0,62728,169019,0.68878746,0.68878174,0.01376758435899439,3.2952812e-07,1.6991794,2.0919194,-0.1800303427134814,0.0,0.71203446,-0.5330496,0.09829767212181229,0.0,264.86832,278.84238,-0.0684421326599286,0.0,133.0,120.0
20.0,56.0,37051,169019,0.68878174,0.68878174,-0.07891568806757276,0.0,2.05593,2.0919194,-0.03357731819979537,3.733322e-24,2.017626,-0.5330496,0.482641156797865,0.0,379.61404,278.84238,0.531977167337311,0.0,133.0,120.0
20.0,94.0,4893,169019,-114.52124,0.68878174,-0.16622614295530003,0.0,-0.8966107,2.0919194,-0.8255455499244304,0.0,-0.930543,-0.5330496,-0.2945380560328845,0.0,199.40329,278.84238,-0.26417923691117984,0.0,133.0,120.0
20.0,98.0,2338,169019,0.68878174,0.68878174,-0.03611541164800691,0.0026297136,2.2168434,2.0919194,0.2665595914422101,0.0,2.2168434,-0.5330496,0.69656701752863,0.0,368.49628,278.84238,0.8306905387826702,0.0,133.0,120.0
20.0,99.0,35230,169019,-601.05774,0.68878174,-0.9187600482688554,0.0,0.8831698,2.0919194,-0.27414127148511913,0.0,-0.84669995,-0.5330496,-0.02177561452583021,1.1960113e-10,233.7466,278.84238,-0.07893816730277159,0.0,133.0,120.0
20.0,105.0,29945,169019,0.68878174,0.68878174,-0.05427222364216011,0.0,2.6592073,2.0919194,0.3458994084425133,0.0,2.7017696,-0.5330496,0.7325011668924766,0.0,384.9306,278.84238,0.8458077802271424,0.0,133.0,120.0
20.0,106.0,192,169019,-134.07019,0.68878174,-0.7718207408141491,0.0,1.7976665,2.0919194,0.02241639623355951,0.5907934,1.7976665,-0.5330496,0.6098810759934288,0.0,323.1939,278.84238,0.6617108628812933,0.0,133.0,120.0
21.0,20.0,48914,304106,0.68878746,0.68878174,0.14968377548427036,0.0,1.9398382,1.255473,0.3038358194269821,0.0,-1.2276905,-0.46604773,0.05357434229691349,0.0,287.5603,233.09293,0.5342113576001919,0.0,133.0,120.0
21.0,56.0,4645,304106,0.907629,0.68878174,0.18535263010984715,0.0,2.3237703,1.255473,0.5159465061602473,0.0,2.3237703,-0.46604773,0.8442612296034078,0.0,379.25436,233.09293,0.9307353215467467,0.0,133.0,120.0
21.0,94.0,24707,304106,-0.9864197,0.68878174,-0.12814727856664,0.0,0.5238128,1.255473,-0.112264765431208,0.0,-0.56830066,-0.46604773,-0.030071939623745325,3.4480416e-15,175.55058,233.09293,-0.13244078910820223,0.0,133.0,120.0
21.0,98.0,6735,304106,1.4839764,0.68878174,0.18759008789529874,0.0,2.4145734,1.255473,0.6589043676898285,0.0,2.4145734,-0.46604773,0.882894839675403,0.0,369.82108,233.09293,0.9162583743523454,0.0,133.0,120.0
21.0,99.0,80829,304106,-825.6203,0.68878174,-0.9112154866138718,0.0,1.3918831,1.255473,0.07538233186396925,0.0,-1.1911181,-0.46604773,-0.11209181275447189,0.0,284.30066,233.09293,0.2282100858854481,0.0,133.0,120.0
21.0,105.0,6657,304106,21.271578,0.68878174,0.11838404481523623,0.0,3.0316534,1.255473,0.7149980527739126,0.0,3.0316534,-0.46604773,0.9204843855287008,0.0,369.98676,233.09293,0.8092605497216885,0.0,133.0,120.0
21.0,106.0,1411,304106,-116.13867,0.68878174,-0.6424966880067364,0.0,3.2961485,1.255473,0.7588183855453101,0.0,3.2961485,-0.46604773,0.914299509678502,0.0,375.42844,233.09293,0.9325008149854197,0.0,133.0,120.0
56.0,20.0,4442,13405,4.0372066,0.68878174,0.2068099577109821,0.0,0.34834346,-1.8350904,0.5489858344133287,0.0,1.860717,1.9099448,-0.06842617038774534,7.616786e-12,295.12936,286.69696,0.1190668202087799,1.02679534e-32,133.0,120.0
56.0,21.0,2728,13405,0.6352539,0.68878174,-0.0253138464331929,0.03676747,-1.3322438,-1.8350904,0.32865406723319635,0.0,1.3422968,1.9099448,-0.4758091041444027,0.0,294.6594,286.69696,0.10237387896362038,3.12518e-17,133.0,120.0
56.0,94.0,828,13405,-587.875,0.68878174,-0.37571837604758485,0.0,0.64660513,-1.8350904,0.12710755774667692,7.858557e-10,-1.2237374,1.9099448,-0.9929772400881494,0.0,207.93756,286.69696,-0.931075181046801,0.0,133.0,120.0
56.0,98.0,287,13405,-1.0745201,0.68878174,-0.24783123463994272,6.035621e-13,1.7588937,-1.8350904,0.6562476687803058,0.0,1.7588937,1.9099448,-0.46349833061926293,2.8177e-41,388.277,286.69696,1.0,0.0,133.0,120.0
56.0,99.0,8997,13405,-1073.3738,0.68878174,-0.9671407067306658,0.0,0.9468369,-1.8350904,0.15596898580765273,0.0,-1.0374911,1.9099448,-0.5700236437550965,0.0,234.83484,286.69696,-0.3955862862323415,0.0,133.0,120.0
56.0,105.0,25434,13405,0.68878174,0.68878174,-0.03631324107562095,3.3397132e-09,2.52548,-1.8350904,0.7635542674801403,0.0,2.52548,1.9099448,0.5394025190796685,0.0,384.13028,286.69696,0.9006774421408026,0.0,133.0,120.0
94.0,20.0,2450,73815,192.48239,0.68878937,0.07172099581551783,1.2671734e-09,0.91389847,1.7788916,-0.6246438545342949,0.0,0.91389847,-1.6998811,0.765920935819969,0.0,147.1901,256.36453,-0.33872513053179,0.0,133.0,120.0
94.0,21.0,37886,73815,0.68878937,0.68878937,-0.03517954012484692,4.2287163e-22,1.7657593,1.7788916,-0.015673823539803733,1.742867e-05,-1.5489728,-1.6998811,0.047828158822360356,2.97591e-39,244.86374,256.36453,-0.039835740907932515,9.528315e-28,133.0,120.0
94.0,56.0,289,73815,296.5112,0.68878937,0.31117412909436215,4.25808e-20,0.95892596,1.7788916,-0.29783534868218897,2.0859365e-18,0.95892596,-1.6998811,0.8140068679132602,0.0,150.20781,256.36453,-0.47219662360802406,8.7e-44,133.0,120.0
94.0,98.0,6551,73815,-84.817535,0.68878937,-0.23872802966874584,0.0,2.7668495,1.7788916,0.5873140007374233,0.0,2.7668495,-1.6998811,0.9045001555281222,0.0,376.78583,256.36453,0.868226762163405,0.0,133.0,120.0
94.0,99.0,37674,73815,-1141.1873,0.68878937,-0.9244252741474056,0.0,1.8984482,1.7788916,0.08631956104986505,0.0,-1.8621445,-1.6998811,-0.11015478007959212,0.0,303.43384,256.36453,0.21875898544744565,0.0,133.0,120.0
94.0,105.0,4497,73815,-77.02573,0.68878937,-0.21382022449400706,0.0,2.7326238,1.7788916,0.42027741525652407,0.0,2.7326238,-1.6998811,0.8829559670471154,0.0,361.1385,256.36453,0.48803744331289,0.0,133.0,120.0
94.0,106.0,5246,73815,-987.2108,0.68878937,-0.9067684693284147,0.0,3.0984242,1.7788916,0.5709333146779221,0.0,3.0986104,-1.6998811,0.8964765160162154,0.0,376.5667,256.36453,0.7987823651306605,0.0,133.0,120.0
98.0,20.0,46,10942,-215.68912,0.68878174,-0.3565519378859282,2.9160225e-05,-1.8745452,2.5889237,-0.9427892524218607,2.1550366e-28,-1.8745452,2.5889237,-0.9427892524218607,2.1550366e-28,349.38806,375.25546,-0.8132167237529107,1.5330591e-21,133.0,120.0
98.0,21.0,576,10942,257.92215,0.68878174,0.4235111522370478,0.0,-2.0370984,2.5889237,-0.9382838045045594,0.0,-2.0370984,2.5889237,-0.9435771822132862,0.0,353.04266,375.25546,-0.697175701679563,0.0,133.0,120.0
98.0,94.0,799,10942,-18.32521,0.68878174,-0.22801967090557584,4.3768973e-27,-0.6512145,2.5889237,-0.87427736507593,0.0,0.0012233574,2.5889237,-0.9265134241783219,0.0,214.31868,375.25546,-0.36503074922981094,0.0,133.0,120.0
98.0,99.0,3967,10942,-617.19446,0.68878174,-0.7276731536363078,0.0,-0.749001,2.5889237,-0.8628725138119702,0.0,-0.749001,2.5889237,-0.9115541593212547,0.0,358.79556,375.25546,-0.2417886929257399,0.0,133.0,120.0
98.0,105.0,11210,10942,0.68878174,0.68878174,0.05599958486813361,4.486508e-13,-1.1172671,2.5889237,-0.8379106295769878,0.0,-1.0626137,2.5889237,-0.8629428691481856,0.0,349.80005,375.25546,-0.7273772291529532,0.0,133.0,120.0
98.0,106.0,13442,10942,-896.5873,0.68878174,-0.8403125543997919,0.0,2.8303504,2.5889237,0.159287513219464,0.0,2.8303504,2.5889237,0.15090633163878175,0.0,370.80365,375.25546,-0.22941322863154412,0.0,133.0,120.0
99.0,20.0,21933,2581629,615.5646,-198.37451,0.7571864518606017,0.0,1.3011392,1.8176969,0.0533911259183093,2.39e-42,0.8576109,1.1081101,-0.01108617231290987,0.004629104,286.9419,376.75278,-0.39049951626155555,0.0,133.0,120.0
99.0,21.0,39871,2581629,1014.61725,-198.37451,0.7992665549784754,0.0,2.0044158,1.8176969,0.05886008192290659,0.0,0.6698558,1.1081101,-0.08158276859230607,0.0,293.43008,376.75278,-0.28036903203627506,0.0,133.0,120.0
99.0,56.0,6799,2581629,4641.3345,-198.37451,0.8668755887988595,0.0,1.1967618,1.8176969,0.2541781091442725,0.0,1.8066306,1.1081101,0.32069464317656027,0.0,338.03445,376.75278,-0.027622573726841182,8.154243e-05,133.0,120.0
99.0,94.0,39107,2581629,1984.2555,-198.37451,0.8704946086219607,0.0,2.1131158,1.8176969,0.04942954138237998,0.0,2.2694244,1.1081101,0.023593982175483807,1.0494728e-15,383.63007,376.75278,-0.04387089872591443,0.0,133.0,120.0
99.0,98.0,8149,2581629,689.0061,-198.37451,0.7357331880830842,0.0,1.4735535,1.8176969,-0.10117079015674724,0.0,1.4735535,1.1081101,-0.10818432329128391,0.0,373.22928,376.75278,-0.05586624968118814,2.7521079e-18,133.0,120.0
99.0,105.0,28794,2581629,1201.1151,-198.37451,0.8004538714617782,0.0,-1.0265038,1.8176969,-0.04459634582034011,7.76288e-39,1.4442072,1.1081101,0.15025356035822734,0.0,377.12616,376.75278,-0.0676066321030595,0.0,133.0,120.0
99.0,106.0,91716,2581629,57.23335,-198.37451,0.299455197098474,0.0,-0.014791638,1.8176969,-0.21706184683255236,0.0,0.014745324,1.1081101,-0.16179221545443812,0.0,383.1256,376.75278,0.0022234548228035056,0.25175515,133.0,120.0
105.0,20.0,6499,202747,-2.7775269,0.68878174,-0.017163256365161583,0.017920477,-1.5207258,-1.393791,0.012009565467056005,0.098805554,-1.5207258,1.6950572,-0.9497017451304183,0.0,304.92914,272.8969,0.06617964467608095,9.3621575e-20,133.0,120.0
105.0,21.0,10498,202747,-14.448303,0.68878174,-0.038278505068190416,3.019006e-11,-1.1935804,-1.393791,-0.008794716100366418,0.12804677,-1.2595412,1.6950572,-0.7951124661509169,0.0,288.0888,272.8969,-0.06966513639674221,1.8258043e-33,133.0,120.0
105.0,56.0,1258,202747,0.121266365,0.68878174,0.1245165419262142,1.942178e-14,-1.832746,-1.393791,-0.07694798430049754,2.4466906e-06,-0.8409141,1.6950572,-0.42225209639088834,0.0,269.2098,272.8969,-0.2991208909381631,0.0,133.0,120.0
105.0,94.0,7668,202747,27.581299,0.68878174,0.06650039961432275,2.9464557e-23,-1.3250167,-1.393791,-0.0673635256682178,1.1348058e-23,-1.4062701,1.6950572,-0.5166806075568242,0.0,433.13812,272.8969,0.415437502676945,0.0,133.0,120.0
105.0,98.0,19523,202747,0.68878174,0.68878174,0.14219703639274495,0.0,2.3184025,-1.393791,0.6912667112608617,0.0,2.3184025,1.6950572,0.3962472080709962,0.0,374.95602,272.8969,0.667408240780154,0.0,133.0,120.0
105.0,99.0,41485,202747,-669.047,0.68878174,-0.8971613274226409,0.0,-1.4180591,-1.393791,-0.1020666350757794,0.0,1.1098927,1.6950572,-0.2413158446987823,0.0,273.42822,272.8969,0.08114242383811221,0.0,133.0,120.0
105.0,106.0,6049,202747,-462.9447,0.68878174,-0.8406112983778645,0.0,1.3900248,-1.393791,0.4590133088731514,0.0,1.4191467,1.6950572,-0.08634410912325197,2.0535747e-30,355.75385,272.8969,0.3033569988288882,0.0,133.0,120.0
106.0,21.0,808,52366,165.61551,-108.03541,0.6253092759529935,0.0,-0.22503272,2.827835,-0.47162143791432953,0.0,0.21391332,2.827835,-0.5563355861996466,0.0,132.37018,364.427,-0.9753633318875561,0.0,133.0,120.0
106.0,94.0,738,52366,154.23338,-108.03541,0.6680936926429952,0.0,-0.37329346,2.827835,-0.5069644788034025,0.0,0.33212465,2.827835,-0.5160059067267524,0.0,163.26497,364.427,-0.6495034894587575,0.0,133.0,120.0
106.0,98.0,4970,52366,630.5811,-108.03541,0.7566515235475797,0.0,2.61407,2.827835,-0.050392535866768395,4.0908716e-09,2.61407,2.827835,-0.04402786116692514,2.7802042e-07,372.00818,364.427,0.19699432127270744,0.0,133.0,120.0
106.0,99.0,23959,52366,51.289642,-108.03541,0.3302842981529366,0.0,-1.5409454,2.827835,-0.5604992705961929,0.0,-1.5409454,2.827835,-0.5942729200283727,0.0,363.84933,364.427,-0.11307710013212002,0.0,133.0,120.0
106.0,105.0,1719,52366,229.72206,-108.03541,0.7202149714708821,0.0,-1.0610311,2.827835,-0.5474162846783626,0.0,-1.0462948,2.827835,-0.5700972061391765,0.0,359.1902,364.427,-0.15084092749699685,1.5897754e-26,133.0,120.0
20.0,21.0,83277,128431,-111.72693,-111.58363,-0.059261272383646424,0.0,4.927965,5.3296704,-0.23892679037047992,0.0,-4.6421247,-0.5706762,-0.36243390198599246,0.0,673.04254,661.1166,0.030739015233913092,5.300639e-33,140.0,133.0
20.0,56.0,29941,128431,-111.58362,-111.58363,0.08036197677437884,0.0,4.891416,5.3296704,0.06344940067135396,0.0,5.096059,-0.5706762,0.5938222318600497,0.0,685.3015,661.1166,0.2100051259512974,0.0,140.0,133.0
20.0,94.0,7590,128431,3.0803223,-111.58363,0.27358613965457157,0.0,3.0551925,5.3296704,-0.20948370701999197,0.0,2.8054137,-0.5706762,0.22344798546568878,0.0,607.60297,661.1166,-0.16377799497982792,0.0,140.0,133.0
20.0,98.0,887,128431,316.3012,-111.58363,0.7478667013429809,0.0,6.3241563,5.3296704,0.7552570944771058,0.0,6.3241563,-0.5706762,0.7552570944771058,0.0,756.77704,661.1166,0.8578315474642322,0.0,140.0,133.0
20.0,99.0,39226,128431,-416.03403,-111.58363,-0.6940884483689003,0.0,5.0132256,5.3296704,-0.22396958198073813,0.0,2.619677,-0.5706762,0.12548326861381165,0.0,637.6765,661.1166,-0.101666700753403,0.0,140.0,133.0
20.0,105.0,24184,128431,-111.58362,-111.58363,0.10692219174193407,0.0,6.3303614,5.3296704,0.038424271064326554,2.2158044e-21,6.3303614,-0.5706762,0.6592554929084522,0.0,740.1996,661.1166,0.2081818590660629,0.0,140.0,133.0
20.0,106.0,79,128431,-163.84058,-111.58363,-0.36750068918452883,1.3656045e-08,6.2771316,5.3296704,0.756951991854169,2.3080935e-31,6.2771316,-0.5706762,0.756951991854169,2.3080935e-31,757.3672,661.1166,0.86315057220796,2.87056e-40,140.0,133.0
21.0,20.0,142840,259215,-111.58363,-111.58365,0.057978477583967125,0.0,5.005557,0.43124437,0.30944782613348054,0.0,-4.3869796,-3.3964846,0.028046619877509338,0.0,638.21155,615.51843,0.22873006394546258,0.0,140.0,133.0
21.0,56.0,9664,259215,-111.58365,-111.58365,0.023605021554507388,7.919336e-05,2.3058486,0.43124437,-0.1903299847744585,0.0,3.0016146,-3.3964846,0.24322392386501113,0.0,620.73315,615.51843,0.3002280014940677,0.0,140.0,133.0
21.0,94.0,50646,259215,-111.58363,-111.58365,0.03031564870947845,3.1129817e-27,5.34437,0.43124437,0.1903337617445977,0.0,-5.022068,-3.3964846,-0.21640432249596353,0.0,679.76544,615.51843,0.3638614208680926,0.0,140.0,133.0
21.0,98.0,812,259215,-138.36264,-111.58365,0.006369724278370237,0.75358063,5.9957113,0.43124437,0.8475318527547506,0.0,5.9957113,-3.3964846,0.848306943025879,0.0,753.2307,615.51843,0.9758030569560674,0.0,140.0,133.0
21.0,99.0,100744,259215,-351.2429,-111.58365,-0.5904672792474259,0.0,5.050408,0.43124437,0.2105034879443375,0.0,2.2566242,-3.3964846,0.28000584633219505,0.0,649.71045,615.51843,0.14562881312582054,0.0,140.0,133.0
21.0,105.0,6225,259215,-64.5818,-111.58365,0.32691440723835097,0.0,0.062413294,0.43124437,-0.09415632663555484,4.8637872e-37,0.74742347,-3.3964846,0.5765642634190487,0.0,253.3063,615.51843,-0.31650975500869283,0.0,140.0,133.0
21.0,106.0,266,259215,-353.9922,-111.58365,-0.6079286376348254,0.0,5.860133,0.43124437,0.7890776649395028,0.0,5.860133,-3.3964846,0.8138779330712058,0.0,750.643,615.51843,0.9689594189744948,0.0,140.0,133.0
56.0,20.0,5585,306,-112.31789,-111.58365,-0.2997039221537615,9.498025e-19,0.21474786,6.023819,-0.5424953628123885,0.0,-0.06947896,6.023819,-0.8990292625555146,0.0,558.0371,729.95953,-0.77096915758246,0.0,140.0,133.0
56.0,21.0,6364,306,-111.33995,-111.58365,-0.1129407451226877,0.0008308651,-0.116448894,6.023819,-0.5921112631098951,0.0,0.10867736,6.023819,-0.9217308964230989,0.0,247.01454,729.95953,-0.7747460182480702,0.0,140.0,133.0
56.0,94.0,970,306,-251.53285,-111.58365,-0.18330975001684524,1.2950734e-06,7.0121775,6.023819,0.6435550165083215,0.0,-7.0121775,6.023819,-0.8822181793679671,0.0,846.61523,729.95953,0.6533521999865237,0.0,140.0,133.0
56.0,99.0,5352,306,-409.66638,-111.58365,-0.7274801674531297,0.0,5.214819,6.023819,-0.4487858671121663,6.41604e-40,0.32754934,6.023819,-0.8430774153208866,0.0,696.3738,729.95953,-0.4825891243393222,0.0,140.0,133.0
56.0,105.0,6378,306,-142.1322,-111.58365,-0.4276890331757246,1.0157479e-36,6.2001476,6.023819,0.39958179362473545,2.882684e-32,6.2001476,6.023819,0.29648639010323485,1.7181057e-18,745.94543,729.95953,0.40357222642375645,7.019703e-33,140.0,133.0
94.0,20.0,3991,70923,-111.58362,-111.58362,0.10543080602025556,4.3414666e-30,4.9739685,5.634699,-0.4712569674899101,0.0,-5.570697,-5.6246824,0.21822382299742693,0.0,632.2069,691.84503,-0.5357944579087333,0.0,140.0,133.0
94.0,21.0,67958,70923,-111.58362,-111.58362,0.09185436954264081,0.0,5.515238,5.634699,-0.13949579314388183,0.0,-5.495919,-5.6246824,0.1464217110799173,0.0,656.4705,691.84503,-0.3537172337002932,0.0,140.0,133.0
94.0,56.0,1612,70923,-155.37708,-111.58362,-0.2900529351214397,0.0,-5.3018928,5.634699,-0.5838236249573989,0.0,-5.4803367,-5.6246824,0.494425637715862,0.0,617.4939,691.84503,-0.7069037476039527,0.0,140.0,133.0
94.0,99.0,25808,70923,-560.1565,-111.58362,-0.8276408915796397,0.0,5.225135,5.634699,-0.17925873723551944,0.0,-0.40456247,-5.6246824,0.5338974488490915,0.0,680.195,691.84503,-0.15936815800837212,0.0,140.0,133.0
94.0,105.0,370,70923,-54.802666,-111.58362,0.28607202862945,4.4643777e-22,-0.8213934,5.634699,-0.9054248021550589,0.0,0.8213934,-5.6246824,0.888513808847128,0.0,242.74068,691.84503,-0.9319712928105128,0.0,140.0,133.0
94.0,106.0,65,70923,-363.02902,-111.58362,-0.8940437028673567,7.3165806e-37,-5.812124,5.634699,-0.9739292558885638,4.355e-42,-5.812124,-5.6246824,-0.9723539830303504,5.88e-42,734.02515,691.84503,0.9317469975563966,1.1446871e-38,140.0,133.0
98.0,20.0,1901,7270,-92.886444,-29.561256,-0.30898036000743834,0.0,4.1863976,-5.3758316,0.522664173710065,0.0,-4.290069,-5.3758316,-0.09555240237708817,1.3244723e-10,509.80646,751.87,-0.4918771485651149,0.0,140.0,133.0
98.0,21.0,2219,7270,-111.58363,-29.561256,-0.24887302544673273,0.0,-7.479095,-5.3758316,-0.4777215408008738,0.0,-7.479095,-5.3758316,-0.5605166831658313,0.0,896.52704,751.87,0.40513534170627197,0.0,140.0,133.0
98.0,56.0,26,7270,-320.39252,-29.561256,-0.819415934821712,5.0422915e-13,-7.3637714,-5.3758316,-0.9821182943603851,4.812715e-18,-7.3637714,-5.3758316,-0.9821182943603851,4.812715e-18,894.76733,751.87,0.9796423658872078,5.8266697e-18,140.0,133.0
98.0,94.0,3073,7270,-9.510193,-29.561256,-0.0034717338884932003,0.7798924,3.6114373,-5.3758316,0.4816649068001868,0.0,-4.416258,-5.3758316,0.1751178006428622,3e-45,718.1208,751.87,-0.4874276600877949,0.0,140.0,133.0
98.0,99.0,9021,7270,-223.49161,-29.561256,-0.7928143212223595,0.0,-2.7409582,-5.3758316,0.04217031724996856,3.5832772e-06,-3.260364,-5.3758316,0.10720144513786956,4.9128905e-32,708.26636,751.87,-0.327607781140963,0.0,140.0,133.0
98.0,105.0,31165,7270,-111.58362,-29.561256,-0.43209287391002016,0.0,-1.6705885,-5.3758316,0.013100780753636077,0.08148592,0.7969454,-5.3758316,0.27436014239336215,0.0,485.74585,751.87,-0.632450459472599,0.0,140.0,133.0
98.0,106.0,6279,7270,-274.21375,-29.561256,-0.7573610250364033,0.0,3.6810114,-5.3758316,0.567058641575716,0.0,-3.5101488,-5.3758316,0.29233244677297066,0.0,567.57135,751.87,-0.4587130788793369,0.0,140.0,133.0
99.0,20.0,10600,2599956,1141.7915,-212.30225,0.8023156075108615,0.0,-3.205349,-2.9815435,0.12514149637133198,0.0,-0.94049454,1.6718216,-0.16331780629262904,0.0,504.98035,742.265,-0.5534901336283862,0.0,140.0,133.0
99.0,21.0,19092,2599956,1366.4287,-212.30225,0.8109731965142828,0.0,0.5370815,-2.9815435,0.3392321882568874,0.0,-0.33195204,1.6718216,-0.11883294149331247,0.0,582.1812,742.265,-0.39923108491422943,0.0,140.0,133.0
99.0,56.0,5532,2599956,291.7302,-212.30225,0.6685796538069675,0.0,-3.992125,-2.9815435,-0.056727940446807956,2.8726598e-13,3.6173377,1.6718216,0.05155179710494395,3.2642732e-11,451.12268,742.265,-0.561983360604444,0.0,140.0,133.0
99.0,94.0,18528,2599956,2576.3408,-212.30225,0.8659351426331499,0.0,0.14897917,-2.9815435,0.24718988068164616,0.0,1.0655706,1.6718216,-0.056523211470596135,3.0715e-40,729.9618,742.265,-0.10046583966403033,0.0,140.0,133.0
99.0,98.0,2360,2599956,599.0052,-212.30225,0.7247870715269731,0.0,4.2392187,-2.9815435,0.5047241712121804,0.0,4.279273,1.6718216,0.22229115868870908,0.0,758.13904,742.265,0.06156161726830778,2.2474366e-07,140.0,133.0
99.0,105.0,16557,2599956,1041.7139,-212.30225,0.7890123355168979,0.0,-0.41491044,-2.9815435,0.041570645661094474,2.5713895e-20,0.29673102,1.6718216,0.044739407362356154,2.8031642e-23,574.2359,742.265,-0.3667863020232045,0.0,140.0,133.0
99.0,106.0,28270,2599956,-157.30319,-212.30225,-0.003972031437654233,0.24995127,5.5345564,-2.9815435,0.5737844478245349,0.0,5.5345564,1.6718216,0.28051893865333466,0.0,759.7855,742.265,0.07846916534550608,0.0,140.0,133.0
105.0,20.0,41272,189514,-141.19229,-111.58362,-0.22901166279452512,0.0,-1.6729672,-2.0143352,-0.04167295057229903,2.72059e-40,-2.0857854,1.4531982,-0.4711354939497223,0.0,623.70636,575.1728,0.14266703075040832,0.0,140.0,133.0
105.0,21.0,23413,189514,-120.95274,-111.58362,-0.2571592174875612,0.0,2.2014847,-2.0143352,0.08465904015179104,0.0,-4.120641,1.4531982,-0.4809054789240642,0.0,690.6156,575.1728,0.2206698399404261,0.0,140.0,133.0
105.0,56.0,5422,189514,-87.32608,-111.58362,0.14608378361989804,0.0,1.7833797,-2.0143352,0.44018751927871946,0.0,-1.6201615,1.4531982,-0.38224976635279084,0.0,622.6627,575.1728,-0.02748584103732432,0.00054747344,140.0,133.0
105.0,94.0,8791,189514,-61.698975,-111.58362,0.16716188853359593,0.0,2.8447075,-2.0143352,0.5244408976444566,0.0,3.0769002,1.4531982,0.3238180067361043,0.0,700.3309,575.1728,0.4297252887201537,0.0,140.0,133.0
105.0,98.0,21621,189514,-111.470055,-111.58362,0.08102519212558179,0.0,6.227874,-2.0143352,0.43495153038363643,0.0,6.227874,1.4531982,0.26551142054822563,0.0,753.0666,575.1728,0.7776003174987807,0.0,140.0,133.0
105.0,99.0,42940,189514,-194.61836,-111.58362,-0.6395709612014266,0.0,-0.16448256,-2.0143352,0.041168699655101504,1.32417e-40,0.12554452,1.4531982,-0.13285607336283645,0.0,671.38086,575.1728,0.1242858295653011,0.0,140.0,133.0
105.0,106.0,9970,189514,-196.35078,-111.58362,-0.6754795894590915,0.0,3.3250422,-2.0143352,0.5582907486455695,0.0,3.3148746,1.4531982,0.2246827139925216,0.0,736.0724,575.1728,0.6778783499521857,0.0,140.0,133.0
106.0,20.0,39,24521,4848.334,-123.20538,0.9021769932417949,1.8342624e-22,-4.941583,-4.7324123,0.11782156372507502,0.20288128,-4.941583,-4.736249,-0.04636632755388104,0.6162947,597.9703,744.9903,-0.6662076148230873,6.009988e-13,140.0,133.0
106.0,21.0,386,24521,1666.2714,-123.20538,0.8184774687150889,0.0,-7.5324254,-4.7324123,-0.6639196645024366,0.0,-7.5324254,-4.736249,-0.7001614139345085,0.0,895.6669,744.9903,0.5088579039685346,0.0,140.0,133.0
106.0,56.0,137,24521,4865.76,-123.20538,0.9904565638212086,0.0,-4.931771,-4.7324123,-0.067892647952284,0.16989729,-4.931771,-4.736249,-0.067892647952284,0.16989729,599.1687,744.9903,-0.6467517637942988,4.579326e-39,140.0,133.0
106.0,94.0,1309,24521,1397.9331,-123.20538,0.7766557898689541,0.0,3.4210603,-4.7324123,0.18654919471746356,4.6922405e-30,-4.2834225,-4.736249,0.1596605320040454,1.8769311e-22,755.09344,744.9903,0.07568187527262227,3.8219546e-06,140.0,133.0
106.0,98.0,2726,24521,839.1023,-123.20538,0.6734043944485513,0.0,3.6000547,-4.7324123,0.34203470557510673,0.0,3.466389,-4.736249,0.4709094482118925,0.0,739.1925,744.9903,-0.3318324063375627,0.0,140.0,133.0
106.0,99.0,62005,24521,-52.946533,-123.20538,0.12352469723416504,0.0,-0.025275974,-4.7324123,0.21408357042472348,0.0,0.04019061,-4.736249,0.4039097446729363,0.0,728.2845,744.9903,-0.20077319519569337,0.0,140.0,133.0
106.0,105.0,8399,24521,4408.06,-123.20538,0.8505900691491142,0.0,-4.7857237,-4.7324123,-0.06007825740691586,1.8648819e-16,-4.785947,-4.736249,0.05484078152061911,5.7804794e-14,604.6429,744.9903,-0.08942886119528926,1.6517108e-34,140.0,133.0
20.0,21.0,134819,158341,-29.617859,-29.61789,0.0407092642370368,0.0,-3.9667912,-1.2263837,-0.2481170355500546,0.0,-0.6898618,1.5196049,-0.34325112990393125,0.0,674.3941,605.7125,0.08888877485873703,0.0,154.0,140.0
20.0,56.0,12347,158341,-29.61789,-29.61789,-0.07306412777464466,6.295e-42,-7.4907103,-1.2263837,-0.08678303704992996,0.0,7.460319,1.5196049,0.3303374674326447,0.0,1191.3121,605.7125,0.47422611498103384,0.0,154.0,140.0
20.0,94.0,7256,158341,-29.61789,-29.61789,-0.019321011592589032,0.0052139694,-3.8644774,-1.2263837,-0.2786075604193863,0.0,3.7344794,1.5196049,-0.04626234009475605,2.4842678e-11,740.3341,605.7125,0.005060518905623201,0.4653284,154.0,140.0
20.0,99.0,28353,158341,-855.3548,-29.61789,-0.9278841626418622,0.0,-5.861729,-1.2263837,-0.23059937025279198,0.0,1.9733442,1.5196049,-0.09370091117104529,0.0,780.9375,605.7125,0.24665085282296362,0.0,154.0,140.0
20.0,105.0,58762,158341,-29.61789,-29.61789,0.0008697364221637027,0.75466317,-9.116492,-1.2263837,-0.24751120907588475,0.0,9.116492,1.5196049,0.6052445433681015,0.0,1102.2722,605.7125,0.660529465668052,0.0,154.0,140.0
20.0,106.0,31,158341,-915.1645,-29.61789,-0.9693169356213855,7.534834e-21,4.3618755,-1.2263837,0.876320827385404,2.91113e-17,4.3618755,1.5196049,0.3300188588491437,0.0014612899,838.88025,605.7125,0.4337459924690914,2.8835866e-05,154.0,140.0
21.0,20.0,86623,266458,-29.61789,-29.617874,-0.0067487699396414635,0.0027748318,1.9283025,-1.1463854,0.11325719581510918,0.0,2.626804,0.7799237,0.17471128718569995,0.0,728.6938,719.69604,0.10864764708988672,0.0,154.0,140.0
21.0,56.0,2799,266458,-29.617874,-29.617874,0.13653346122762278,1.3348358e-35,-10.020516,-1.1463854,-0.9362314100279717,0.0,10.020516,0.7799237,0.71763364371742,0.0,1215.1326,719.69604,0.933125391680083,0.0,154.0,140.0
21.0,94.0,64087,266458,-29.61789,-29.617874,-0.02824481309510618,8.7460174e-29,-2.465066,-1.1463854,-0.16171454309672928,0.0,2.1785007,0.7799237,0.027495776840043895,2.632774e-27,398.21768,719.69604,-0.29422307291592487,0.0,154.0,140.0
21.0,98.0,3021,266458,-4.5253296,-29.617874,0.4819113533301078,0.0,6.7268214,-1.1463854,0.8030099168289355,0.0,6.7268214,0.7799237,0.759265801259098,0.0,916.56793,719.69604,0.7314198558982135,0.0,154.0,140.0
21.0,99.0,38388,266458,-988.4346,-29.617874,-0.8384293441526404,0.0,-2.9511766,-1.1463854,-0.08297967360381664,0.0,0.83816767,0.7799237,0.05919903385668435,0.0,761.8296,719.69604,0.2640435334146938,0.0,154.0,140.0
21.0,105.0,4967,266458,0.82369614,-29.617874,0.2635018576084507,0.0,-2.229277,-1.1463854,-0.2421720711173626,0.0,7.0360136,0.7799237,0.5066457005626834,0.0,915.19696,719.69604,0.764173083214946,0.0,154.0,140.0
21.0,106.0,93,266458,-524.2073,-29.617874,-0.411904089143303,5.847921e-12,3.6230862,-1.1463854,0.594663267555249,3.049234e-23,3.6230862,0.7799237,0.47856165191197597,1.3261344e-15,835.8698,719.69604,0.6026648917293911,7.912043e-24,154.0,140.0
56.0,20.0,5640,4938,-19.306074,-30.40866,0.28924730487836414,0.0,-1.8664286,0.48770076,-0.6132575137377236,0.0,-2.0776496,-0.4188931,-0.7177918602012472,0.0,795.1199,805.12354,-0.10407952224606398,2.255326e-20,154.0,140.0
56.0,21.0,10097,4938,-27.121262,-30.40866,0.2924139692692507,0.0,-4.2172246,0.48770076,-0.9815786867386352,0.0,-4.1464143,-0.4188931,-0.9692356358791573,0.0,835.2591,805.12354,0.5693284255720723,0.0,154.0,140.0
56.0,99.0,593,4938,-157.15186,-30.40866,-0.4011093375734316,0.0,-1.6776751,0.48770076,-0.9986701882431527,0.0,-1.2034656,-0.4188931,0.17164338642335286,7.925823e-12,813.63055,805.12354,0.3524120681612193,8e-45,154.0,140.0
56.0,105.0,12303,4938,4.2344055,-30.40866,0.3498670023778887,0.0,-10.8505535,0.48770076,-0.7308260403480933,0.0,10.8505535,-0.4188931,0.9730553358927791,0.0,1244.705,805.12354,0.9991322620769014,0.0,154.0,140.0
94.0,20.0,3142,87936,-29.617874,-29.61789,-0.016888906734554676,0.100056894,-6.3583474,0.44068456,-0.837666663221073,0.0,-6.104698,-0.4433315,-0.5791633253094433,0.0,922.03613,237.1564,0.9605186323517967,0.0,154.0,140.0
94.0,21.0,47641,87936,-29.617859,-29.61789,0.06847137560741712,0.0,3.1997287,0.44068456,0.3745105649786169,0.0,2.9321144,-0.4433315,0.15026518582111592,0.0,770.0147,237.1564,0.8473608338021783,0.0,154.0,140.0
94.0,56.0,104,87936,371.30615,-29.61789,0.9503955236675625,0.0,-11.540981,0.44068456,-0.9955911991938193,0.0,11.540981,-0.4433315,0.9960023373642368,0.0,1524.0957,237.1564,0.9922181166722652,0.0,154.0,140.0
94.0,98.0,210,87936,89.695465,-29.61789,0.27169207475566637,3.2236518e-12,3.770579,0.44068456,0.9773015656408124,0.0,3.770579,-0.4433315,0.9463340221459764,0.0,849.62,237.1564,0.9797473920426978,0.0,154.0,140.0
94.0,99.0,18302,87936,-1239.8806,-29.61789,-0.9186985310304853,0.0,-2.3969688,0.44068456,-0.07225175993524147,0.0,-1.6517981,-0.4433315,-0.024978735739621394,1.00943346e-07,829.2162,237.1564,0.9510805987022759,0.0,154.0,140.0
94.0,105.0,1227,87936,-22.288868,-29.61789,0.41785520239065477,0.0,-2.0244994,0.44068456,-0.8046750900706923,0.0,-2.013881,-0.4433315,-0.589114729212562,0.0,897.29767,237.1564,0.9801115822250219,0.0,154.0,140.0
94.0,106.0,103,87936,-819.4252,-29.61789,-0.964919985938582,0.0,3.2394032,0.44068456,0.8024845518717938,3e-45,3.2394032,-0.4433315,0.8467758104746965,0.0,920.0215,237.1564,0.9820067727985755,0.0,154.0,140.0
98.0,99.0,3240,5282,-3418.5957,10.429106,-0.842906844115351,0.0,5.0982113,0.87910354,0.5625545762220632,0.0,5.0982113,0.87910354,0.5625545762220632,0.0,1088.5128,863.22253,0.5194113130548192,0.0,154.0,140.0
98.0,105.0,5006,5282,-177.42226,10.429106,-0.2450570863619469,0.0,5.1499877,0.87910354,0.641358276164778,0.0,5.1499877,0.87910354,0.641358276164778,0.0,1006.8774,863.22253,0.7193052547469352,0.0,154.0,140.0
98.0,106.0,2505,5282,-2263.8257,10.429106,-0.838189278391343,0.0,3.0520656,0.87910354,0.37026802132199066,0.0,3.0520656,0.87910354,0.37026802132199066,0.0,908.4677,863.22253,0.6264653578114501,0.0,154.0,140.0
99.0,20.0,23674,2549326,1379.7537,-210.46777,0.8395190417308491,0.0,-6.989703,-2.7551413,-0.36196937796073614,0.0,6.272399,2.4918075,0.25729355515323404,0.0,949.8634,878.59094,0.05503169544683417,0.0,154.0,140.0
99.0,21.0,58223,2549326,1525.9178,-210.46777,0.8403451669145257,0.0,-5.2231135,-2.7551413,-0.2102115009815566,0.0,-0.66653514,2.4918075,-0.08101524053418441,0.0,763.17633,878.59094,-0.21979429313211218,0.0,154.0,140.0
99.0,56.0,2651,2549326,1705.3347,-210.46777,0.8467821485531466,0.0,1.2010161,-2.7551413,-0.21904072163169697,0.0,-1.1129328,2.4918075,0.21575314355771447,0.0,858.6442,878.59094,-0.0021695769326638414,0.8466594,154.0,140.0
99.0,94.0,9720,2549326,1212.261,-210.46777,0.8054064588568457,0.0,-4.0735846,-2.7551413,-0.12050003980072399,0.0,3.6124654,2.4918075,-0.02851882933253569,1.1697019e-06,741.5587,878.59094,-0.26671548897961117,0.0,154.0,140.0
99.0,98.0,7853,2549326,694.8175,-210.46777,0.7619318803610493,0.0,-8.3582735,-2.7551413,-0.4975424584796828,0.0,8.3582735,2.4918075,0.4993684489379351,0.0,1131.3982,878.59094,0.09613319822921862,0.0,154.0,140.0
99.0,105.0,20471,2549326,854.8012,-210.46777,0.7840836544313605,0.0,-5.429795,-2.7551413,-0.3262924017506105,0.0,3.6046412,2.4918075,0.07800485046442662,0.0,929.2931,878.59094,-0.05138649739486134,7.290626e-37,154.0,140.0
99.0,106.0,58828,2549326,34.59912,-210.46777,0.28286543626627214,0.0,7.1591506,-2.7551413,0.3791583549855182,0.0,7.4394646,2.4918075,0.428221502315149,0.0,925.69336,878.59094,-0.13788960948263962,0.0,154.0,140.0
105.0,20.0,32832,213381,-29.61789,-29.61789,-0.006172527332914179,0.071075216,-6.8532743,-7.750748,0.27114967803749046,0.0,-6.848033,-4.1772695,-0.32321704542866536,0.0,898.7236,951.6231,-0.45770259418712844,0.0,154.0,140.0
105.0,21.0,47188,213381,-31.429504,-29.61789,-0.11522656417254007,0.0,-7.9455614,-7.750748,0.08281799433850678,0.0,-7.943677,-4.1772695,-0.4888871944046643,0.0,930.754,951.6231,-0.31577602826696116,0.0,154.0,140.0
105.0,56.0,1646,213381,-76.144135,-29.61789,-0.13953344556562275,1.4242505e-22,1.1313627,-7.750748,0.7998033716984132,0.0,0.9876348,-4.1772695,0.15971279628781465,5.103494e-29,823.1435,951.6231,-0.7824142427669027,0.0,154.0,140.0
105.0,94.0,2368,213381,-77.387085,-29.61789,-0.08562344135860522,6.800392e-13,5.680084,-7.750748,0.8383508480801438,0.0,5.8869777,-4.1772695,0.33419777212680235,0.0,871.2859,951.6231,-0.41716908291310417,0.0,154.0,140.0
105.0,98.0,41145,213381,-29.61789,-29.61789,0.04297993686357615,1.4e-43,-8.896638,-7.750748,-0.1993211936412661,0.0,8.896638,-4.1772695,0.4739439131277454,0.0,1121.3796,951.6231,0.1570199706488864,0.0,154.0,140.0
105.0,99.0,24098,213381,-870.5103,-29.61789,-0.8543891080932587,0.0,-0.9899497,-7.750748,0.5850558092535254,0.0,1.1186911,-4.1772695,0.1303823961297088,0.0,909.935,951.6231,-0.265000384754708,0.0,154.0,140.0
105.0,106.0,5654,213381,-317.69754,-29.61789,-0.7918427818497782,0.0,-7.8403482,-7.750748,0.06456901268259418,1.0403604e-16,7.8403482,-4.1772695,0.4094427809691825,0.0,1089.4916,951.6231,0.15233395705594854,0.0,154.0,140.0
106.0,94.0,176,48017,643.19794,47.77539,0.5986958690766717,6.56e-43,-4.78105,4.7307973,-0.9501310615369178,0.0,-4.78105,4.7307973,-0.9501310615369178,0.0,794.2988,910.9035,-0.6154247927343914,3e-45,154.0,140.0
106.0,98.0,2049,48017,1804.7866,47.77539,0.6984052937246186,0.0,1.5232917,4.7307973,-0.5635697715770565,0.0,1.5232917,4.7307973,-0.5635697715770565,0.0,881.49615,910.9035,-0.10135518845291014,7.13056e-15,154.0,140.0
106.0,99.0,16448,48017,-37.232803,47.77539,-0.12103079889669421,0.0,2.0308151,4.7307973,-0.4366097840145623,0.0,2.0308151,4.7307973,-0.4366097840145623,0.0,936.1254,910.9035,0.3966901017607334,0.0,154.0,140.0
106.0,105.0,2443,48017,2055.5872,47.77539,0.7122483593719038,0.0,2.3911803,4.7307973,-0.42899380422224076,0.0,2.3911803,4.7307973,-0.42899380422224076,0.0,931.58875,910.9035,0.25943350446109825,0.0,154.0,140.0
20.0,21.0,72277,206919,-55.791824,-55.79181,-0.08047175321737521,0.0,-3.381012,-3.1694803,-0.09760518068477642,0.0,0.7105957,1.6266701,-0.1796854816492114,0.0,557.60425,558.2923,0.05504237348728691,0.0,165.0,154.0
20.0,56.0,8831,206919,-54.919067,-55.79181,0.024833595499401895,7.305976e-05,-2.0521595,-3.1694803,0.2837031318477592,0.0,-2.0208273,1.6266701,-0.4053193593912341,0.0,670.8992,558.2923,0.3988248034722852,0.0,165.0,154.0
20.0,94.0,2615,206919,125.07649,-55.79181,0.3604385056152575,0.0,0.6705142,-3.1694803,0.41185292326311584,0.0,2.5744214,1.6266701,0.3758671013385615,0.0,653.0298,558.2923,0.05633422827160528,7.1076886e-07,165.0,154.0
20.0,98.0,1591,206919,579.79175,-55.79181,0.705147633216554,0.0,3.9577906,-3.1694803,0.9832955066550013,0.0,3.9577906,1.6266701,0.5267831099030973,0.0,771.2146,558.2923,0.9505792337223848,0.0,165.0,154.0
20.0,99.0,20413,206919,-555.72675,-55.79181,-0.8761254938955634,0.0,-3.1834638,-3.1694803,-0.07522627858301012,0.0,0.52991426,1.6266701,0.018619749250503137,1.1027609e-05,646.95264,558.2923,0.22699739521966045,0.0,165.0,154.0
20.0,105.0,32542,206919,-55.79181,-55.79181,0.13886055520597962,0.0,-1.6030793,-3.1694803,0.1757496929226019,0.0,2.4360738,1.6266701,0.311019181912463,0.0,707.41266,558.2923,0.6679005470132946,0.0,165.0,154.0
20.0,106.0,367,206919,-524.1743,-55.79181,-0.873199233814103,0.0,3.7957623,-3.1694803,0.8350302352776013,0.0,3.7957623,1.6266701,0.3302688978863413,6.7167274e-28,777.4372,558.2923,0.9465891910764013,0.0,165.0,154.0
21.0,20.0,154795,314998,-55.79181,-55.79181,-0.08027721758011319,0.0,-4.840882,-2.209218,-0.4429641384230678,0.0,4.737689,1.6634548,0.45863565805698725,0.0,788.37665,478.36157,0.6129292397423389,0.0,165.0,154.0
21.0,56.0,12830,314998,-55.791824,-55.79181,-0.10939823903767554,0.0,-6.8046637,-2.209218,-0.841749649085352,0.0,6.8046637,1.6634548,0.7861716740687517,0.0,815.05066,478.36157,0.8690258932324835,0.0,165.0,154.0
21.0,94.0,76050,314998,-55.79181,-55.79181,0.019310629270497204,1.04002636e-16,-2.069857,-2.209218,0.00419229799311327,0.07229875,1.8572035,1.6634548,0.031957218775992224,1.017e-42,323.38806,478.36157,-0.3652368870743151,0.0,165.0,154.0
21.0,98.0,5334,314998,729.48804,-55.79181,0.8125844469744141,0.0,3.781446,-2.209218,0.9280477978430717,0.0,3.781446,1.6634548,0.5657207450907378,0.0,749.1642,478.36157,0.8421965186211609,0.0,165.0,154.0
21.0,99.0,73818,314998,-619.60974,-55.79181,-0.8217359428318407,0.0,-1.8054965,-2.209218,-0.06081003389073869,0.0,0.28273368,1.6634548,-0.11201721753991811,0.0,538.35425,478.36157,0.14483070542978616,0.0,165.0,154.0
21.0,105.0,58861,314998,-55.79181,-55.79181,0.003407120573977851,0.1873401,-6.0462723,-2.209218,-0.6335884537394099,0.0,6.2644076,1.6634548,0.787082910800313,0.0,833.8578,478.36157,0.8784168889683337,0.0,165.0,154.0
21.0,106.0,1387,314998,-872.3338,-55.79181,-0.6814622066036349,0.0,4.4003363,-2.209218,0.8384520476212909,0.0,4.4003363,1.6634548,0.6330191895154134,0.0,719.9631,478.36157,0.8005892284009557,0.0,165.0,154.0
56.0,20.0,12762,8184,-52.519222,-52.6333,0.038282228153810216,2.8370282e-06,-5.524953,-4.272287,-0.7500074393785436,0.0,-5.524953,-4.272287,-0.7500074393785436,0.0,721.781,700.14825,0.46998626290507173,0.0,165.0,154.0
56.0,21.0,2122,8184,-49.768715,-52.6333,0.0257865051045556,0.06674539,-6.329873,-4.272287,-0.2242285814577627,0.0,-6.329873,-4.272287,-0.2242285814577627,0.0,744.0857,700.14825,0.5431042087593272,0.0,165.0,154.0
56.0,99.0,2206,8184,-124.813614,-52.6333,-0.5451711164521535,0.0,-4.5298786,-4.272287,-0.04767644715514163,0.00057726045,-4.5298786,-4.272287,-0.09216255941097284,2.8556055e-11,731.2683,700.14825,0.5988185713184251,0.0,165.0,154.0
56.0,105.0,3667,8184,-53.49579,-52.6333,0.11882750728339553,3.811545e-25,-0.1982175,-4.272287,0.47108853873854706,0.0,-0.1982175,-4.272287,0.38392804066599107,0.0,715.0186,700.14825,0.4942645509965635,0.0,165.0,154.0
94.0,20.0,6871,64723,-61.121567,-55.791824,-0.1125747248948793,0.0,-6.7894573,-0.9633495,-0.7641659119436814,0.0,6.75643,1.5396795,0.8076304116761408,0.0,770.46045,252.61177,0.9006383894980348,0.0,165.0,154.0
94.0,21.0,37755,64723,-55.679092,-55.791824,0.12257911389067133,0.0,2.4240236,-0.9633495,0.26613650294969626,0.0,3.1311893,1.5396795,0.3199192398764199,0.0,572.5298,252.61177,0.554492810803219,0.0,165.0,154.0
94.0,56.0,24,64723,-74.00833,-55.791824,-0.3947051280070454,0.00077188463,-2.8197045,-0.9633495,-0.6349880773964949,7.164074e-08,-2.8197045,1.5396795,-0.786177247655393,2.5642904e-11,678.96594,252.61177,0.8042278891069121,8.9297346e-12,165.0,154.0
94.0,98.0,1654,64723,429.99402,-55.791824,0.47786479003322513,0.0,5.5358615,-0.9633495,0.9080225261327124,0.0,5.5358615,1.5396795,0.9005800946423697,0.0,703.37244,252.61177,0.8584410999672476,0.0,165.0,154.0
94.0,99.0,18809,64723,-939.4959,-55.791824,-0.8472009313397159,0.0,-2.1985066,-0.9633495,-0.09730355564163107,0.0,-0.19716488,1.5396795,-0.11871469681935876,0.0,722.83813,252.61177,0.8011983624696151,0.0,165.0,154.0
94.0,105.0,1415,64723,-78.62549,-55.791824,-0.05670389098768225,0.0002433164,-3.6037083,-0.9633495,-0.2614489505126194,0.0,3.8108714,1.5396795,0.45522041770941346,0.0,845.3492,252.61177,0.898720161575759,0.0,165.0,154.0
94.0,106.0,1072,64723,-2431.6057,-55.791824,-0.9662630023099588,0.0,4.1281576,-0.9633495,0.7659354468330135,0.0,4.1281576,1.5396795,0.6131583480554677,0.0,710.2969,252.61177,0.8492221069074848,0.0,165.0,154.0
98.0,99.0,327,396,-495.21628,39.74907,-0.5098538905878356,3.463277e-32,3.1994228,4.1546574,-0.9800914342198745,0.0,3.1994228,4.1546574,-0.9800914342198745,0.0,719.85754,699.0593,0.999243196490903,0.0,165.0,154.0
98.0,105.0,73,396,99.879395,39.74907,0.09983395599833966,0.17520966,3.6712816,4.1546574,-0.9862321848623219,6.356e-41,3.6712816,4.1546574,-0.9862321848623219,6.356e-41,704.6491,699.0593,0.6863843918638439,1.1285567e-20,165.0,154.0
98.0,106.0,472,396,-1842.3367,39.74907,-0.837067711008389,0.0,4.2090487,4.1546574,-0.020951035781544225,0.5946817,4.2090487,4.1546574,-0.020951035781544225,0.5946817,698.2562,699.0593,-0.15079823660332137,0.00012790736,165.0,154.0
99.0,20.0,9290,2579679,1286.3625,-238.9414,0.8633247743750643,0.0,-2.9476275,-1.9752753,-0.07444565376789436,2.4285332e-35,-1.5760102,2.1613173,-0.2107869792367767,0.0,588.1341,775.2481,-0.5451451521143293,0.0,165.0,154.0
99.0,21.0,28859,2579679,1354.0276,-238.9414,0.8773210232936752,0.0,-2.7425346,-1.9752753,-0.04065024264242967,1.2629843e-32,-1.85647,2.1613173,-0.16296789146711899,0.0,577.64343,775.2481,-0.5063070093537991,0.0,165.0,154.0
99.0,56.0,490,2579679,351.02573,-238.9414,0.7652767160059015,0.0,-3.116484,-1.9752753,-0.05734207351269005,0.027926402,-3.1538067,2.1613173,-0.36432308920954104,2.5e-44,672.5958,775.2481,-0.3352361622337904,8.3891137e-38,165.0,154.0
99.0,94.0,14631,2579679,1426.712,-238.9414,0.8639705867419432,0.0,0.92726064,-1.9752753,0.0798256320775883,0.0,3.5650408,2.1613173,0.0918496530828945,0.0,701.8075,775.2481,-0.2538797320574365,0.0,165.0,154.0
99.0,98.0,3272,2579679,2201.8022,-238.9414,0.9172862861291671,0.0,5.5386086,-1.9752753,0.26681521403369457,0.0,5.5386086,2.1613173,0.20337620738698248,0.0,726.76953,775.2481,-0.14149493918715617,1.4e-44,165.0,154.0
99.0,105.0,23988,2579679,980.27594,-238.9414,0.8638186554758698,0.0,0.7549905,-1.9752753,0.0755382659163435,0.0,0.60702896,2.1613173,-0.10838357776416552,0.0,737.13654,775.2481,-0.14061831291648674,0.0,165.0,154.0
99.0,106.0,69185,2579679,-4.9956055,-238.9414,0.2769757375087145,0.0,6.0292506,-1.9752753,0.37590047919808156,0.0,6.0292506,2.1613173,0.35340343521470396,0.0,758.41113,775.2481,-0.07145963850525405,0.0,165.0,154.0
105.0,20.0,15310,263127,-55.791824,-55.955643,0.08003230463645727,0.0,-6.4737144,-5.4653544,-0.5423998998906377,0.0,-6.4276586,-3.7142124,-0.6688452206784178,0.0,747.8484,734.2707,0.16306355375918646,0.0,165.0,154.0
105.0,21.0,16449,263127,-60.468636,-55.955643,-0.09740400107567437,0.0,-6.529218,-5.4653544,-0.4774902125093169,0.0,-6.4460473,-3.7142124,-0.5708423943182128,0.0,729.0885,734.2707,0.017749236766658294,0.0001307174,165.0,154.0
105.0,56.0,4220,263127,-40.550735,-55.955643,0.2840031709770121,0.0,-5.874881,-5.4653544,-0.23531049294002282,0.0,-5.803738,-3.7142124,-0.30943420506382613,0.0,740.30896,734.2707,0.18873339270314693,0.0,165.0,154.0
105.0,94.0,1133,263127,-43.667793,-55.955643,0.20207438549225665,6.520826e-32,-3.2151308,-5.4653544,0.5478000781899033,0.0,-3.2151308,-3.7142124,0.04273562139849241,0.012912348,728.72656,734.2707,-0.07966793465718802,3.5739401e-06,165.0,154.0
105.0,98.0,3536,263127,-62.535637,-55.955643,0.09171127182412664,6.370864e-21,3.2668786,-5.4653544,0.80549510058861,0.0,3.2668786,-3.7142124,0.36809471827920204,0.0,746.66846,734.2707,0.39108339576984896,0.0,165.0,154.0
105.0,99.0,32268,263127,-566.06494,-55.955643,-0.6955770609081009,0.0,-5.4347095,-5.4653544,-0.03929166935617601,8.496033e-31,3.1789694,-3.7142124,0.3095520222119199,0.0,739.70276,734.2707,0.051585360360800525,0.0,165.0,154.0
105.0,106.0,2070,263127,-695.5791,-55.955643,-0.5921941754802593,0.0,-2.4646869,-5.4653544,0.7356503754023813,0.0,-2.4646869,-3.7142124,0.2713250314330864,0.0,729.8729,734.2707,-0.14959398291330417,7.724385e-32,165.0,154.0
106.0,98.0,189,2461,1798.1036,-144.93506,0.8259149612258105,0.0,5.284693,5.1816063,0.0023799849074128687,0.95649403,5.284693,5.1816063,0.0023799849074128687,0.95649403,706.00903,715.2971,-0.7835439200737859,0.0,165.0,154.0
106.0,99.0,2001,2461,-614.86816,-144.93506,-0.2716922725146975,0.0,4.665987,5.1816063,-0.5168382895102632,0.0,4.665987,5.1816063,-0.5168382895102632,0.0,716.70715,715.2971,0.0924446350575221,1.0449879e-07,165.0,154.0
106.0,105.0,201,2461,2238.9692,-144.93506,0.8469659019004934,0.0,5.007589,5.1816063,-0.28692579362432047,1.2594425e-11,5.007589,5.1816063,-0.28692579362432047,1.2594425e-11,705.56335,715.2971,-0.7806760589575488,0.0,165.0,154.0
20.0,21.0,67350,235461,27.551514,27.551514,0.03237159370254883,2.3731895e-38,-3.108041,-2.9518383,-0.015613814076085863,6.05888e-10,2.5385265,1.6374903,0.13320270557275782,0.0,560.2938,588.1555,-0.11565462860647968,0.0,180.0,165.0
20.0,56.0,5397,235461,41.63542,27.551514,0.3281937273481834,0.0,-3.906194,-2.9518383,-0.1187329071773392,0.0,-3.906194,1.6374903,-0.45311499862450555,0.0,619.5275,588.1555,0.14017852506444073,0.0,180.0,165.0
20.0,94.0,1498,235461,255.04462,27.551514,0.15056786678320755,3.3012683e-24,-1.6613879,-2.9518383,0.22878747947617617,0.0,1.232178,1.6374903,-0.39564496857906606,0.0,680.1316,588.1555,0.9708071412833759,0.0,180.0,165.0
20.0,99.0,14226,235461,-990.89465,27.551514,-0.9674310039257125,0.0,-0.7996322,-2.9518383,0.4106629321522892,0.0,0.97414917,1.6374903,-0.05547732601595656,9.008724e-29,638.7781,588.1555,0.318746794522053,0.0,180.0,165.0
20.0,105.0,25856,235461,28.01426,27.551514,0.19771663659531225,0.0,-3.9908051,-2.9518383,-0.5729111964688209,0.0,3.9338043,1.6374903,0.6328545426499232,0.0,512.3883,588.1555,-0.26794202554659885,0.0,180.0,165.0
21.0,20.0,73369,507244,27.551514,27.551514,-0.0013869938401487314,0.5404464,-2.2225087,-2.5265222,0.14158888128052505,0.0,1.3090786,2.5300627,-0.21839818793289134,0.0,581.2609,508.46875,0.13300342807564758,0.0,180.0,165.0
21.0,56.0,1441,507244,299.68628,27.551514,0.6773604407956539,0.0,5.9359026,-2.5265222,0.8755897615718213,0.0,5.9359026,2.5300627,0.3452993050562698,0.0,662.57947,508.46875,0.45866792664298783,0.0,180.0,165.0
21.0,94.0,41984,507244,27.551514,27.551514,-0.08278265264569473,0.0,-2.5734074,-2.5265222,-0.040841512161890026,4.2e-44,2.2275949,2.5300627,-0.10770396016799766,0.0,416.02988,508.46875,-0.18564732070489876,0.0,180.0,165.0
21.0,98.0,385,507244,-615.5068,27.551514,-0.4831107127725718,0.0,4.7136755,-2.5265222,0.9773342822179281,0.0,4.7136755,2.5300627,0.9773342822179281,0.0,609.09576,508.46875,0.2987421151448719,3.3484747e-24,180.0,165.0
21.0,99.0,41171,507244,-1002.7002,27.551514,-0.9255583195241436,0.0,-1.2035737,-2.5265222,0.28045055790067686,0.0,-0.49828234,2.5300627,-0.4671486111437503,0.0,510.62238,508.46875,-0.0553012991618963,0.0,180.0,165.0
21.0,105.0,13248,507244,36.074596,27.551514,0.20112969660295943,0.0,-3.2338097,-2.5265222,-0.18949271543848567,0.0,3.1574345,2.5300627,0.10973632416329981,0.0,389.51947,508.46875,-0.3154355081001904,0.0,180.0,165.0
21.0,106.0,147,507244,-919.5457,27.551514,-0.892731681627868,0.0,4.8781824,-2.5265222,0.9777045940723721,0.0,4.8781824,2.5300627,0.9777045940723721,0.0,613.8083,508.46875,0.31947519842722705,1.973071e-11,180.0,165.0
56.0,20.0,4961,4709,0.53796387,17.84082,0.009889112139885414,0.3998601,-4.332183,-4.6758175,0.0353301943308153,0.0026332045,-4.332183,-4.6758175,0.0353301943308153,0.0026332045,644.8164,628.27356,0.13743007734698875,1.286742e-31,180.0,165.0
56.0,21.0,3641,4709,187.59912,17.84082,0.27079894985666475,0.0,-6.4172106,-4.6758175,-0.6357078946046912,0.0,-6.4172106,-4.6758175,-0.6357078946046912,0.0,810.3612,628.27356,0.7848044868297275,0.0,180.0,165.0
56.0,94.0,469,4709,19.519897,17.84082,0.06433038218789866,0.021375377,-6.767665,-4.6758175,-1.0,0.0,-6.767665,-4.6758175,-1.0,0.0,825.5456,628.27356,0.9991641465034744,0.0,180.0,165.0
56.0,99.0,8844,4709,-2290.7932,17.84082,-0.8800810519114307,0.0,-4.0388165,-4.6758175,0.2443380214700932,0.0,-4.0388165,-4.6758175,0.2443380214700932,0.0,652.76697,628.27356,0.6144870975149928,0.0,180.0,165.0
56.0,105.0,1048,4709,-33.815895,17.84082,-0.027114920430100553,0.16910917,1.8553454,-4.6758175,0.8608235974964296,0.0,1.884381,-4.6758175,0.8608235974964296,0.0,242.9237,628.27356,-0.9789654859380851,0.0,180.0,165.0
94.0,20.0,182,66917,27.776237,27.551514,-0.04138627037890308,0.33124033,-4.322382,1.6511427,-0.9563191862906435,0.0,4.3224144,2.315188,0.7526391148490166,0.0,675.54663,422.90234,0.8697492563774674,0.0,180.0,165.0
94.0,21.0,47744,66917,28.456161,27.551514,0.1607407872697404,0.0,1.429104,1.6511427,-0.08143913812331083,0.0,1.987072,2.315188,-0.13661660126079123,0.0,459.11578,422.90234,0.17755527850495123,0.0,180.0,165.0
94.0,98.0,192,66917,-12.293846,27.551514,-0.5530872978216796,1.4353e-40,5.036372,1.6511427,0.819608463967801,0.0,5.036372,2.315188,0.8317428991636406,0.0,630.8783,422.90234,0.8159995934017763,0.0,180.0,165.0
94.0,99.0,11142,66917,-1577.4396,27.551514,-0.930113844162987,0.0,5.459484,1.6511427,0.20852473464027343,0.0,4.520996,2.315188,0.10695690804346847,0.0,675.9199,422.90234,0.6673841730226533,0.0,180.0,165.0
94.0,105.0,1048,66917,23.954613,27.551514,-0.2887460733799545,0.0,2.3870487,1.6511427,0.32727306483239404,0.0,2.3870487,2.315188,-0.007410370623195384,0.6801281,635.7427,422.90234,0.825331571742002,0.0,180.0,165.0
94.0,106.0,587,66917,-2202.7883,27.551514,-0.9471185527984667,0.0,5.092605,1.6511427,0.8289468870625893,0.0,5.092605,2.315188,0.841081322258429,0.0,613.93555,422.90234,0.7837796671454396,0.0,180.0,165.0
99.0,20.0,13468,2669997,365.74365,-204.2041,0.7675638932637536,0.0,-2.446426,0.65817046,-0.4629865709844452,0.0,0.20425671,-0.48474163,0.04512733340799446,1.4542608e-19,578.1389,668.9514,-0.3952513397476257,0.0,180.0,165.0
99.0,21.0,55840,2669997,372.62445,-204.2041,0.7578316905106404,0.0,-1.0414326,0.65817046,-0.23562724308132765,0.0,2.840105,-0.48474163,0.2924778772676748,0.0,633.5863,668.9514,-0.21989889652929684,0.0,180.0,165.0
99.0,56.0,2771,2669997,167.90092,-204.2041,0.6425779480021789,0.0,1.3004804,0.65817046,-0.16630400029805148,0.0,1.2973512,-0.48474163,0.08594531679276107,4.7992997e-15,623.53973,668.9514,-0.2468753133746765,0.0,180.0,165.0
99.0,94.0,20486,2669997,1055.6749,-204.2041,0.8235817405709172,0.0,4.1828794,0.65817046,-0.030243495324014713,8.081219e-14,4.2211804,-0.48474163,0.30108170263860257,0.0,671.34753,668.9514,0.014460159449213306,0.00035549162,180.0,165.0
99.0,98.0,445,2669997,677.93536,-204.2041,0.8442030198300143,0.0,4.8033824,0.65817046,0.28696335824271624,1.0222308e-25,4.8033824,-0.48474163,0.6451181746688239,0.0,618.1236,668.9514,-0.22589571987609813,1.5445438e-16,180.0,165.0
99.0,105.0,27170,2669997,610.6451,-204.2041,0.7984353407862637,0.0,-2.4234653,0.65817046,-0.4114386197097467,0.0,2.411871,-0.48474163,0.11283888861086622,0.0,643.8939,668.9514,-0.27047893979698334,0.0,180.0,165.0
99.0,106.0,4404,2669997,42.89685,-204.2041,0.3361288818077188,0.0,5.249541,0.65817046,0.29902778268947405,0.0,5.249541,-0.48474163,0.6629621769668264,0.0,622.8341,668.9514,-0.21406705108514557,0.0,180.0,165.0
105.0,20.0,18880,284992,12.339722,27.065727,-0.12280187555666144,0.0,-3.1430368,-3.6134372,-0.10089928985071717,0.0,-3.1430368,-1.9936869,-0.2838259342605395,0.0,620.0862,612.7294,0.20565497846564584,0.0,180.0,165.0
105.0,21.0,18958,284992,27.300343,27.065727,-0.025946226119129112,2.0730861e-09,-2.8498614,-3.6134372,0.11326762365207554,0.0,0.8685715,-1.9936869,0.24566380815131494,0.0,626.3733,612.7294,0.07125744187773608,0.0,180.0,165.0
105.0,56.0,14847,284992,39.09848,27.065727,0.1807825501112923,0.0,-3.8062422,-3.6134372,-0.20418740003299773,0.0,-3.8062422,-1.9936869,-0.3686686943650598,0.0,617.3698,612.7294,0.18094357079723467,0.0,180.0,165.0
105.0,94.0,1820,284992,-1.3120422,27.065727,-0.031165521052605616,0.021693023,-2.6434007,-3.6134372,0.36116545897259034,0.0,4.2601595,-1.9936869,0.8103349594698475,0.0,638.26843,612.7294,0.14453489382697926,1.8204739e-26,180.0,165.0
105.0,98.0,358,284992,-600.1737,27.065727,-0.4625377605424502,0.0,4.5751743,-3.6134372,0.9999312535833604,0.0,4.5751743,-1.9936869,0.9999312535833604,0.0,607.6629,612.7294,-0.049700111154742155,0.103579216,180.0,165.0
105.0,99.0,11561,284992,-688.55615,27.065727,-0.7700128483841837,0.0,-3.263868,-3.6134372,-0.05712340741170163,1.8305366e-25,-3.1028028,-1.9936869,-0.10270570931781942,0.0,638.0747,612.7294,0.18999285045115455,0.0,180.0,165.0
105.0,106.0,55,284992,-992.5491,27.065727,-0.8338377600391973,9.087929e-27,4.5056458,-3.6134372,0.9996468800400138,9.859184e-38,4.5056458,-1.9936869,0.9996468800400138,9.859184e-38,608.781,612.7294,-0.043555353387910056,0.5758732,180.0,165.0
20.0,21.0,84219,208169,132.31123,132.93607,-0.1280758021268893,0.0,0.8220182,2.1863995,-0.15643871541198884,0.0,-1.0219635,-0.71100783,0.005648677298852656,0.016587174,332.9826,343.71136,0.02741125696547586,3.0470095e-31,200.0,180.0
20.0,56.0,3615,208169,112.97602,132.93607,-0.07514475268714371,3.3998994e-15,1.6499732,2.1863995,-0.40607515756146295,0.0,1.3776153,-0.71100783,0.13667005463370097,3e-45,409.45175,343.71136,0.3843554564305054,0.0,200.0,180.0
20.0,94.0,1172,208169,912.86414,132.93607,0.6120725461691281,0.0,4.591477,2.1863995,0.5609288770804937,0.0,4.591477,-0.71100783,0.5658765381573259,0.0,512.0625,343.71136,0.8645523384067195,0.0,200.0,180.0
20.0,99.0,16388,208169,-2364.8315,132.93607,-0.9828400734273665,0.0,-0.38577044,2.1863995,-0.22027376121792808,0.0,-0.82441616,-0.71100783,-0.007257299954836038,0.12130092,405.18872,343.71136,0.33848509408883665,0.0,200.0,180.0
20.0,105.0,9300,208169,139.27545,132.93607,0.24991117587101086,0.0,-0.8874377,2.1863995,-0.5106071757143971,0.0,0.94525635,-0.71100783,0.25144251437146514,0.0,437.04678,343.71136,0.32092484254806,0.0,200.0,180.0
21.0,20.0,83535,445634,132.93607,132.93607,-0.05291352372158109,0.0,2.466938,1.9061971,0.15317299719736832,0.0,-0.87415445,-0.5022608,-0.012683988313717864,5.6445137e-09,391.68756,290.6483,0.32654245007330185,0.0,200.0,180.0
21.0,56.0,4915,445634,183.54773,132.93607,0.2237390978590057,0.0,1.0192995,1.9061971,-0.26691274156703304,0.0,1.0184813,-0.5022608,0.18530814974635956,0.0,406.16437,290.6483,0.515832153471143,0.0,200.0,180.0
21.0,94.0,37029,445634,132.9281,132.93607,-0.031717807664517705,1.1106238e-24,3.1792905,1.9061971,0.5002800249198482,0.0,1.005499,-0.5022608,0.12014175162825969,0.0,535.3416,290.6483,0.678448826926592,0.0,200.0,180.0
21.0,98.0,54,445634,199.1264,132.93607,0.612464239463077,3.3224092e-15,4.1090403,1.9061971,0.767030044087001,1.6373192e-22,4.1090403,-0.5022608,0.767030044087001,1.6373192e-22,524.2378,290.6483,0.8596680983348068,7.329569e-28,200.0,180.0
21.0,99.0,35421,445634,-2846.586,132.93607,-0.9691781085596967,0.0,1.5874943,1.9061971,-0.03488929256131812,6.908035e-28,-0.44923434,-0.5022608,0.06556268489388661,0.0,444.52713,290.6483,0.48201392506875895,0.0,200.0,180.0
21.0,105.0,14379,445634,140.71442,132.93607,0.11975846589228589,0.0,-0.53648007,1.9061971,-0.21333701048080755,0.0,1.1279315,-0.5022608,0.20883092752134158,0.0,428.19427,290.6483,0.4336244158824367,0.0,200.0,180.0
56.0,20.0,4539,4950,132.54759,132.44376,-0.0020175315614839873,0.86498797,3.0770218,-1.339788,0.5760785648954849,0.0,1.6860251,-1.339788,0.47544660083985923,0.0,475.25375,427.8701,0.4241472668967712,0.0,200.0,180.0
56.0,21.0,1385,4950,-52.420654,132.44376,-0.15370163731174558,2.0039873e-18,-3.751898,-1.339788,-0.5943931736133903,0.0,-3.751898,-1.339788,-0.5943931736133903,0.0,591.1499,427.8701,0.7241331728840754,0.0,200.0,180.0
56.0,94.0,165,4950,-296.7622,132.44376,-0.24377594123048674,9.558246e-08,-5.0545483,-1.339788,-1.0,0.0,-5.0545483,-1.339788,-1.0,0.0,676.3375,427.8701,1.0,0.0,200.0,180.0
56.0,99.0,3870,4950,-4727.654,132.44376,-0.9429776838148931,0.0,-2.4819372,-1.339788,-0.5938299271787644,0.0,-2.4819372,-1.339788,-0.5938299271787644,0.0,381.9762,427.8701,-0.22615754443661418,0.0,200.0,180.0
56.0,105.0,2237,4950,120.45093,132.44376,0.00979847649494503,0.50534004,2.538119,-1.339788,0.9866123009261141,0.0,2.5389464,-1.339788,0.9874891968410073,0.0,453.74042,427.8701,0.22156387297200886,0.0,200.0,180.0
94.0,20.0,5013,50054,62.033863,132.93607,-0.24882333542969282,0.0,1.9490637,4.760418,-0.6827160996863464,0.0,2.895921,4.760418,-0.17125240228285354,0.0,338.68997,532.21375,-0.5873472647944369,0.0,200.0,180.0
94.0,21.0,30142,50054,132.93607,132.93607,0.024356687942704403,6.0026717e-09,3.256914,4.760418,-0.4018802822140596,0.0,2.425415,4.760418,-0.41798030908782935,0.0,443.81924,532.21375,-0.34410185284677897,0.0,200.0,180.0
94.0,56.0,1522,50054,116.494385,132.93607,-0.3128260374984242,0.0,0.61736894,4.760418,-0.9691425507495269,0.0,0.61736894,4.760418,-0.2948594492980433,0.0,407.35382,532.21375,-0.6272126628865005,0.0,200.0,180.0
94.0,98.0,47,50054,158.8388,132.93607,0.5519196714357004,4.0665693e-11,4.132043,4.760418,-0.25171623157628065,0.0028124389,4.132043,4.760418,-0.25171623157628065,0.0028124389,525.30774,532.21375,-0.166157571099808,0.048602585,200.0,180.0
94.0,99.0,7722,50054,-2405.333,132.93607,-0.9584111319836737,0.0,3.1771822,4.760418,-0.24145175218016546,0.0,3.1737351,4.760418,0.05013989708519606,1.219526e-12,435.0887,532.21375,-0.1626520643382433,0.0,200.0,180.0
94.0,105.0,2437,50054,131.55588,132.93607,0.027503500978893536,0.02076624,3.7090092,4.760418,-0.4520781487056761,0.0,3.7090092,4.760418,-0.19498997709474175,0.0,513.397,532.21375,-0.09323678478125852,6.981196e-15,200.0,180.0
94.0,106.0,18,50054,-100.40462,132.93607,-0.8552984998423925,2.4038652e-10,4.3145323,4.760418,-0.23646461821233067,0.082331575,4.3145323,4.760418,-0.23646461821233067,0.082331575,530.4503,532.21375,-0.06812753337506605,0.61670196,200.0,180.0
99.0,20.0,37435,2449850,268.00787,-196.69067,0.6386533331421149,0.0,2.2253237,0.5087279,0.2421123556467133,0.0,2.163962,1.1815472,0.06774500732046951,0.0,415.97232,698.66785,-0.48134707054282244,0.0,200.0,180.0
99.0,21.0,112126,2449850,356.41614,-196.69067,0.68263043796965,0.0,2.3995957,0.5087279,0.175618266633218,0.0,2.534144,1.1815472,0.12624644092183912,0.0,410.61746,698.66785,-0.4779734116247967,0.0,200.0,180.0
99.0,56.0,6932,2449850,2307.8623,-196.69067,0.8793966585398418,0.0,1.8550925,0.5087279,0.21279045306081779,0.0,1.5808983,1.1815472,0.14637852970519383,0.0,418.3963,698.66785,-0.3615357676255153,0.0,200.0,180.0
99.0,94.0,36204,2449850,234.22533,-196.69067,0.6292566171511673,0.0,4.64314,0.5087279,0.3642559710334894,0.0,4.6349344,1.1815472,0.36118656390154125,0.0,525.46875,698.66785,-0.27951078278933006,0.0,200.0,180.0
99.0,98.0,860,2449850,1221.1862,-196.69067,0.8164814632694646,0.0,4.9084377,0.5087279,0.5426996517584608,0.0,4.9084377,1.1815472,0.5491407613470403,0.0,553.83044,698.66785,-0.11073669199490621,1.8686869e-08,200.0,180.0
99.0,105.0,55479,2449850,277.54724,-196.69067,0.6593126262136213,0.0,-0.6692212,0.5087279,-0.09365850360749295,0.0,-0.5076832,1.1815472,-0.12310720600442149,0.0,447.1062,698.66785,-0.38299015289553484,0.0,200.0,180.0
99.0,106.0,3721,2449850,179.86076,-196.69067,0.21241550523660502,0.0,4.4829125,0.5087279,0.4889063118931145,0.0,4.4829125,1.1815472,0.4978446611342806,0.0,535.199,698.66785,-0.13335418629390605,6e-45,200.0,180.0
105.0,20.0,13897,246884,0.4197998,132.93607,-0.3054632160986711,0.0,1.8215004,-2.5924702,0.5168003413849347,0.0,-2.9218895,-2.5924702,-0.05456928475945644,2.1958816e-27,328.6219,447.68787,-0.4573688593216918,0.0,200.0,180.0
105.0,21.0,7238,246884,132.93607,132.93607,-0.015950297181606787,0.020515662,0.7858473,-2.5924702,0.4224180419621677,0.0,-2.8463726,-2.5924702,0.030842759607530468,7.475601e-06,333.19067,447.68787,-0.17998987683117917,0.0,200.0,180.0
105.0,56.0,2559,246884,237.25366,132.93607,0.08150170517039901,1.2062325e-12,-2.1583,-2.5924702,0.0704354106709908,8.2677254e-10,-2.1583,-2.5924702,0.026053645494022115,0.023145078,427.67834,447.68787,-0.3051186217923678,0.0,200.0,180.0
105.0,94.0,1491,246884,112.84173,132.93607,-0.09752046081840926,7.878611e-11,3.585183,-2.5924702,0.8934234773036072,0.0,3.585183,-2.5924702,0.8141342342873039,0.0,543.2795,447.68787,0.6227037565498736,0.0,200.0,180.0
105.0,98.0,3897,246884,64.24658,132.93607,-0.17461198710727943,0.0,4.8771124,-2.5924702,0.9961588615406194,0.0,4.8771124,-2.5924702,0.9961588615406194,0.0,545.6332,447.68787,0.9277473027873819,0.0,200.0,180.0
105.0,99.0,13538,246884,-655.92175,132.93607,-0.8134695462354771,0.0,-3.0123825,-2.5924702,-0.14503967613361146,0.0,-3.0123825,-2.5924702,-0.1929449997311924,0.0,518.1876,447.68787,0.1960771058150872,0.0,200.0,180.0
105.0,106.0,349,246884,-760.78516,132.93607,-0.813544349145979,0.0,4.8139033,-2.5924702,0.9954714878567381,0.0,4.8139033,-2.5924702,0.9954714878567381,0.0,545.58435,447.68787,0.9230188565988486,0.0,200.0,180.0
106.0,20.0,17,12151,68.90263,-571.9877,0.7042799672745406,5.013139e-07,4.905782,4.839195,0.8113493442805482,7.0440214e-09,4.905782,4.839195,0.8113493442805482,7.0440214e-09,545.72754,544.42065,0.8232437901504113,4.2347548e-09,200.0,180.0
106.0,21.0,200,12151,150.71191,-571.9877,0.7260044440786766,0.0,4.906226,4.839195,0.7849004197185416,0.0,4.906226,4.839195,0.7849004197185416,0.0,545.67395,544.42065,0.7586881738128548,0.0,200.0,180.0
106.0,94.0,1595,12151,284.08212,-571.9877,0.8635385608831814,0.0,3.612552,4.839195,-0.22371594220995006,0.0,3.612552,4.839195,-0.22371594220995006,0.0,541.1577,544.42065,-0.17447257846600595,7.700831e-30,200.0,180.0
106.0,98.0,343,12151,239.71979,-571.9877,0.7971242813642616,0.0,4.8790517,4.839195,0.31491727156315097,2.2376933e-23,4.8790517,4.839195,0.31491727156315097,2.2376933e-23,545.3433,544.42065,0.36356052231960656,1.3094101e-30,200.0,180.0
106.0,99.0,44635,12151,-23.856445,-571.9877,0.3456639404663935,0.0,3.6315777,4.839195,-0.8854679656110629,0.0,3.6315777,4.839195,-0.8854679656110629,0.0,524.8712,544.42065,-0.8882957632458381,0.0,200.0,180.0
106.0,105.0,17183,12151,300.5294,-571.9877,0.8589033493662526,0.0,2.8825758,4.839195,-0.9014627346812057,0.0,2.8825758,4.839195,-0.9014627346812057,0.0,523.8895,544.42065,-0.8649252813942089,0.0,200.0,180.0
20.0,21.0,89358,174387,9.643005,9.643005,-0.14880998816776259,0.0,4.3379927,5.2788115,-0.20590821805286563,0.0,0.46725893,-3.980695,0.13586561828601007,0.0,690.6848,693.00433,0.022911014386794104,5.123478e-22,210.0,200.0
20.0,56.0,1529,174387,1.0123749,9.643005,-0.2397415387469387,0.0,6.1619635,5.2788115,0.14659356733255624,4.829273e-23,6.1619635,-3.980695,0.8123251262537972,0.0,783.1375,693.00433,0.5924001008664479,0.0,210.0,200.0
20.0,94.0,2871,174387,9.643005,9.643005,-0.04194090014390994,0.00010039192,2.6001558,5.2788115,-0.7545263457630779,0.0,2.6001558,-3.980695,0.4874522534352841,0.0,695.04486,693.00433,-0.2112203683821151,0.0,210.0,200.0
20.0,98.0,120,174387,2.0749245,9.643005,-0.5857122377241423,4.274069e-29,6.7091446,5.2788115,0.5486077421673252,2.340467e-25,6.7091446,-3.980695,0.9660110367554156,0.0,789.026,693.00433,0.8435988156609533,0.0,210.0,200.0
20.0,99.0,20889,174387,-777.5326,9.643005,-0.9305095756767757,0.0,3.92939,5.2788115,-0.33788556276430326,0.0,3.7207637,-3.980695,0.5506525082072,0.0,659.81323,693.00433,-0.06450205838590184,0.0,210.0,200.0
20.0,105.0,30263,174387,8.554527,9.643005,-0.20237101259414103,0.0,4.486207,5.2788115,-0.10556672323143845,0.0,4.283753,-3.980695,0.60620659329809,0.0,753.7362,693.00433,0.34149917096480586,0.0,210.0,200.0
21.0,20.0,110940,399147,9.643005,9.643005,0.005588322609954233,0.004185868,5.218059,5.006278,0.04577868004800201,0.0,0.49214292,-3.9759512,0.24772140482223004,0.0,679.5205,660.68695,0.09346989614628476,0.0,210.0,200.0
21.0,56.0,5265,399147,-1.1866064,9.643005,-0.07094642477980784,5.0362757e-19,5.9065566,5.006278,0.32787348603042243,0.0,5.9065566,-3.9759512,0.7978270242488688,0.0,767.19775,660.68695,0.7014964111823163,0.0,210.0,200.0
21.0,94.0,30399,399147,9.643005,9.643005,-0.05790176394214708,0.0,2.716143,5.006278,-0.38646893957926354,0.0,2.3005648,-3.9759512,0.5034337201103625,0.0,557.1648,660.68695,-0.2019650723220493,0.0,210.0,200.0
21.0,98.0,645,399147,7.1562424,9.643005,-0.1673293375642938,1.3572402e-13,5.2651663,5.006278,-0.10009901541393607,1.08419845e-05,5.2651663,-3.9759512,0.7471056135736589,0.0,767.36066,660.68695,0.6239657969845502,0.0,210.0,200.0
21.0,99.0,42581,399147,-752.99536,9.643005,-0.9068610198722061,0.0,3.3480089,5.006278,-0.24100470902234528,0.0,1.0247737,-3.9759512,0.3717271295005271,0.0,658.6684,660.68695,-0.0325202637787525,2.2239955e-28,210.0,200.0
21.0,105.0,26598,399147,9.125513,9.643005,-0.010310773818106411,0.0045871115,4.0216436,5.006278,-0.17114637539031263,0.0,2.1185877,-3.9759512,0.37884781608231544,0.0,732.7002,660.68695,0.3020255578659359,0.0,210.0,200.0
21.0,106.0,310,399147,-31.802269,9.643005,-0.6995898592458094,0.0,4.838587,5.006278,-0.15779204799396007,1.508256e-06,4.838587,-3.9759512,0.7413150559697588,0.0,783.45764,660.68695,0.6712428366394563,0.0,210.0,200.0
56.0,20.0,5560,62,-76.68998,-851.5387,0.8285565096310048,2.6992113e-29,3.7574458,3.0501742,0.42206428405662577,1.0415937e-08,3.7572732,-3.0501742,0.9434033418426548,1.7714886e-37,782.92145,598.34766,0.42647946159201666,7.307957e-09,210.0,200.0
56.0,21.0,3612,62,30.464016,-851.5387,0.9700371521451792,2.679019e-39,3.535345,3.0501742,0.6323366555924697,1.23491704e-17,3.5320873,-3.0501742,0.9861572535991141,1.47694e-40,782.515,598.34766,1.0,1.1802e-41,210.0,200.0
56.0,94.0,247,62,5.618164,-851.5387,1.0,4.3315654e-34,5.7823277,3.0501742,1.0,4.3315654e-34,5.7823277,-3.0501742,1.0,4.3315654e-34,788.00476,598.34766,1.0,4.3315654e-34,210.0,200.0
56.0,98.0,5,62,-22.746828,-851.5387,1.0,2.0708976e-07,5.9083242,3.0501742,1.0,2.0708976e-07,5.9083242,-3.0501742,1.0,2.0708976e-07,788.1055,598.34766,1.0,2.0708976e-07,210.0,200.0
56.0,99.0,1773,62,-525.5109,-851.5387,0.19702345214053096,0.008280428,3.6520069,3.0501742,0.5318668922729837,1.0180937e-12,3.6520069,-3.0501742,0.612175463493623,2.3185007e-16,670.9306,598.34766,0.5984207557811618,1.0574231e-15,210.0,200.0
56.0,105.0,3765,62,-22.43618,-851.5387,0.7473846549286725,4.9718653e-24,4.3996654,3.0501742,0.5770038127061645,5.987963e-15,4.37157,-3.0501742,0.4615088034956947,4.318052e-10,671.63684,598.34766,0.996641391423553,2.051e-41,210.0,200.0
56.0,106.0,32,62,-22.682772,-851.5387,1.0,2.5460817e-15,5.861754,3.0501742,1.0,2.5460817e-15,5.861754,-3.0501742,1.0,2.5460817e-15,787.9613,598.34766,1.0,2.5460817e-15,210.0,200.0
94.0,20.0,3568,47835,97.32225,9.643028,0.3243401153348042,0.0,5.804784,1.9013287,0.7271833273101997,0.0,5.7979465,-0.9776053,0.7658379936450082,0.0,738.25525,422.08127,0.7844938294520449,0.0,210.0,200.0
94.0,21.0,63237,47835,9.643005,9.643028,0.11667999196394474,0.0,4.0413947,1.9013287,0.49289223024893847,0.0,-3.098898,-0.9776053,-0.3077494782755158,0.0,504.84677,422.08127,0.3496323105406294,0.0,210.0,200.0
94.0,56.0,2116,47835,133.37337,9.643028,0.2104441998260007,0.0,6.733796,1.9013287,0.806137275207407,0.0,6.733796,-0.9776053,0.815313885179106,0.0,753.5552,422.08127,0.9452207918563793,0.0,210.0,200.0
94.0,98.0,1950,47835,-59.481995,9.643028,-0.4134762819842782,0.0,-2.2174416,1.9013287,-0.7216803917311914,0.0,-2.2174416,-0.9776053,-0.3356160090910797,0.0,752.10315,422.08127,0.9125272933400874,0.0,210.0,200.0
94.0,99.0,18012,47835,-760.19,9.643028,-0.9727956863525312,0.0,4.8989153,1.9013287,0.2840280294885347,0.0,3.2188497,-0.9776053,0.296585401261243,0.0,716.2508,422.08127,0.5731817117102123,0.0,210.0,200.0
94.0,105.0,23215,47835,-162.69849,9.643028,-0.3322174461753703,0.0,3.9580097,1.9013287,0.2560407366291906,0.0,2.8284955,-0.9776053,0.0665930369761929,0.0,728.79517,422.08127,0.8768722100282755,0.0,210.0,200.0
94.0,106.0,898,47835,-919.67883,9.643028,-0.9396414875466264,0.0,-1.137924,1.9013287,-0.3898894050004388,0.0,-1.137924,-0.9776053,0.015684623018575206,0.41992953,765.2632,422.08127,0.9313329762223195,0.0,210.0,200.0
98.0,99.0,3431,2006,-848.60834,9.643032,-0.9371445558399125,0.0,2.4075816,4.8419433,-0.7199000491966246,0.0,2.4075816,4.8419433,-0.7199000491966246,0.0,626.854,752.99963,-0.8279755603489735,0.0,210.0,200.0
98.0,105.0,35013,2006,-34.931076,9.643032,-0.14130374705717486,1.5478403e-26,3.2947195,4.8419433,-0.24734147313863397,0.0,3.2947195,4.8419433,-0.24734147313863397,0.0,691.348,752.99963,-0.7390759632108159,0.0,210.0,200.0
98.0,106.0,488,2006,-110.93068,9.643032,-0.7709903077652289,0.0,4.7221627,4.8419433,-0.1253973734534103,1.6914817e-05,4.7221627,4.8419433,-0.1253973734534103,1.6914817e-05,757.0616,752.99963,0.19496020136312375,2.2509765e-11,210.0,200.0
99.0,20.0,12645,2734162,558.149,-248.34229,0.7962633651966098,0.0,5.798136,1.7741671,0.35434076708663853,0.0,3.8691714,-0.27185977,0.15858016964031552,0.0,772.7802,753.3765,0.05654555932419281,4.3678213e-28,210.0,200.0
99.0,21.0,46784,2734162,779.9972,-248.34229,0.80602642043253,0.0,3.5086155,1.7741671,0.17796630814021408,0.0,0.5200406,-0.27185977,-0.024092567529745534,3.5650712e-19,744.2146,753.3765,-0.10397620472971136,0.0,210.0,200.0
99.0,56.0,7825,2734162,2944.968,-248.34229,0.9172894110644594,0.0,6.5790052,1.7741671,0.2379068947100842,0.0,6.575992,-0.27185977,0.2742605470629005,0.0,768.1408,753.3765,-0.029573403678904486,6.050069e-06,210.0,200.0
99.0,94.0,16589,2734162,1851.941,-248.34229,0.8422983168428508,0.0,1.2719487,1.7741671,-0.0668773819617543,0.0,-0.86473453,-0.27185977,-0.10478927753020428,0.0,731.2173,753.3765,-0.1194132138085301,0.0,210.0,200.0
99.0,98.0,2693,2734162,287.5801,-248.34229,0.7127193262152234,0.0,5.0498066,1.7741671,0.22078516668814485,0.0,5.0498066,-0.27185977,0.28123764279529984,0.0,767.6812,753.3765,0.096626719934638,3.9282183e-18,210.0,200.0
99.0,105.0,40649,2734162,2616.123,-248.34229,0.9150533123090034,0.0,3.9337947,1.7741671,0.29598357085458327,0.0,3.89479,-0.27185977,0.2692400849156389,0.0,658.01556,753.3765,-0.13238395105806688,0.0,210.0,200.0
99.0,106.0,72672,2734162,53.19876,-248.34229,0.3985266314344975,0.0,-0.47390696,1.7741671,-0.07629675189934704,0.0,-0.47390696,-0.27185977,0.03606395798910689,0.0,779.5386,753.3765,0.12006321574055501,0.0,210.0,200.0
105.0,20.0,9225,119527,9.643005,9.643028,0.054684155565944303,1.8428037e-18,6.077656,4.682008,0.3226490922451035,0.0,-5.717392,2.9277627,-0.37257591876997187,0.0,769.38184,729.37415,0.2416745245367904,0.0,210.0,200.0
105.0,21.0,4312,119527,2.0044518,9.643028,-0.056892407601123796,2.0513613e-10,6.254266,4.682008,0.544848213008067,0.0,-5.4964933,2.9277627,-0.3684861365189719,0.0,778.37897,729.37415,0.3206622119503728,0.0,210.0,200.0
105.0,94.0,128,119527,9.27184,9.643028,0.0167324903578272,0.74311465,5.8659277,4.682008,0.2633143949693375,2.5079723e-07,5.8659277,2.9277627,0.6337969794481582,2.2179888e-35,789.0918,729.37415,0.648815095124951,5.388244e-37,210.0,200.0
105.0,98.0,11318,119527,0.85264206,9.643028,-0.1477143163464758,0.0,6.2098947,4.682008,0.37558148981394734,0.0,6.2098947,2.9277627,0.7009342767939482,0.0,788.30286,729.37415,0.4512672952051995,0.0,210.0,200.0
105.0,99.0,5679,119527,-616.4442,9.643028,-0.7834136701710429,0.0,2.502192,4.682008,-0.2131725068280047,0.0,2.0158415,2.9277627,0.10796935304507982,3.9e-43,713.4276,729.37415,-0.2178901528116859,0.0,210.0,200.0
105.0,106.0,989,119527,-179.49194,9.643028,-0.6013093504399034,0.0,5.8840966,4.682008,0.34840932623512644,0.0,5.8840966,2.9277627,0.7085757889141107,0.0,770.22235,729.37415,0.36362882096021854,0.0,210.0,200.0
106.0,98.0,650,1663,201.25269,19.798145,0.6091086544243489,0.0,4.988079,5.206455,-0.37322632869235395,2.2e-44,4.988079,5.206455,-0.37322632869235395,2.2e-44,768.456,762.1752,0.3296479948193718,5.484893e-35,210.0,200.0
106.0,99.0,4887,1663,-23.957367,19.798145,-0.14626592253725534,4.533194e-19,2.3305821,5.206455,-0.7387317783592904,0.0,2.3305821,5.206455,-0.7387317783592904,0.0,650.6464,762.1752,-0.6643691628027333,0.0,210.0,200.0
106.0,105.0,8685,1663,2332.832,19.798145,0.9592907505319994,0.0,0.7827661,5.206455,-0.8523880689503089,0.0,0.7827661,5.206455,-0.8523880689503089,0.0,615.9186,762.1752,-0.6669186199275712,0.0,210.0,200.0
20.0,21.0,110599,122814,-15.842102,-15.842102,0.043463625403051376,0.0,5.4820247,4.812912,0.32401275990493494,0.0,-4.432395,-4.289212,-0.10432451106472607,0.0,627.57666,575.91797,0.4278438098861437,0.0,220.0,210.0
20.0,56.0,5330,122814,-163.75912,-15.842102,-0.3889741900158604,0.0,4.5093026,4.812912,-0.23554881157555752,0.0,4.5093026,-4.289212,0.6304894669652679,0.0,571.5468,575.91797,0.06871547178024917,1.792136e-17,220.0,210.0
20.0,94.0,8164,122814,-41.109344,-15.842102,-0.10818668306922252,0.0,3.7992501,4.812912,-0.22548970098040733,0.0,0.20193312,-4.289212,0.47277926511114465,0.0,606.0432,575.91797,0.21243338187093896,0.0,220.0,210.0
20.0,98.0,6501,122814,-15.842102,-15.842102,0.11123769208732659,0.0,5.0094733,4.812912,0.19958487216254506,0.0,5.0094733,-4.289212,0.7971681925333021,0.0,714.69763,575.91797,0.7839916281809223,0.0,220.0,210.0
20.0,99.0,12559,122814,-379.20786,-15.842102,-0.817428937201223,0.0,4.6511416,4.812912,-0.019167610206060615,0.00039448368,4.4034977,-4.289212,0.5453000282168092,0.0,611.46936,575.91797,0.25925471985883064,0.0,220.0,210.0
20.0,105.0,26429,122814,-15.842102,-15.842102,0.01596649652461002,4.019554e-05,5.173122,4.812912,0.3786076079915044,0.0,5.0741124,-4.289212,0.7064174641651766,0.0,643.0273,575.91797,0.6220971418121131,0.0,220.0,210.0
20.0,106.0,221,122814,-273.318,-15.842102,-0.8460865700823974,0.0,5.4552536,4.812912,0.3297023781759667,2.2179088e-17,5.4552536,-4.289212,0.8323887050771033,0.0,641.30286,575.91797,0.6760890746975874,0.0,220.0,210.0
21.0,20.0,137467,366473,-15.842102,-15.842102,0.0046609957823615655,0.0103972405,2.9794552,3.6523476,-0.018249877724053953,1.6138657e-23,0.7461329,-2.296012,0.3221378166824955,0.0,448.94452,511.23605,-0.04184358924137421,0.0,220.0,210.0
21.0,56.0,5828,366473,-15.916063,-15.842102,-0.015925158274915696,0.03608723,6.1754074,3.6523476,0.7653327192596928,0.0,6.1754074,-2.296012,0.8153865845794088,0.0,899.8882,511.23605,0.8424877275433063,0.0,220.0,210.0
21.0,94.0,29054,366473,-15.930475,-15.842102,-0.04931935330855042,8e-45,4.2336683,3.6523476,0.25149178490169,0.0,3.5426197,-2.296012,0.34401227672896795,0.0,557.56635,511.23605,0.30959099193761275,0.0,220.0,210.0
21.0,98.0,6084,366473,89.766075,-15.842102,0.14836402527493853,0.0,4.92901,3.6523476,0.4034897238793149,0.0,4.92901,-2.296012,0.7539513971691052,0.0,656.9064,511.23605,0.6408029960841806,0.0,220.0,210.0
21.0,99.0,52473,366473,-433.3614,-15.842102,-0.7768172284027889,0.0,4.093858,3.6523476,0.08911369954233916,0.0,2.6427834,-2.296012,0.39709725817178176,0.0,589.4721,511.23605,0.22097083479328417,0.0,220.0,210.0
21.0,105.0,15588,366473,-15.566618,-15.842102,0.09910730591140737,0.0,4.9300976,3.6523476,0.45371862941442576,0.0,4.9300976,-2.296012,0.7602748937347081,0.0,643.6154,511.23605,0.5876183404901087,0.0,220.0,210.0
21.0,106.0,1663,366473,-211.40723,-15.842102,-0.8013834970420338,0.0,4.895281,3.6523476,0.41000248326099276,0.0,4.895281,-2.296012,0.7546122875723442,0.0,698.96674,511.23605,0.7452465437305484,0.0,220.0,210.0
56.0,20.0,15085,774,-15.842102,-207.48619,0.6124127789211693,0.0,5.597859,2.1452408,0.88187523071244,0.0,-5.597859,-1.8753108,-0.6648834896824969,0.0,633.053,545.3091,0.8770022413900902,0.0,220.0,210.0
56.0,21.0,9571,774,-15.842102,-207.48619,0.4825708960935773,0.0,5.611168,2.1452408,0.28499070053620734,7.84055e-40,-1.3911365,-1.8753108,-0.2687584183163124,1.2927666e-35,632.92377,545.3091,0.33323884030597384,0.0,220.0,210.0
56.0,94.0,1457,774,150.59161,-207.48619,0.47846536102110626,0.0,3.3342383,2.1452408,0.011563174481563632,0.6526021,-3.1290412,-1.8753108,-0.48692314922702307,0.0,625.5674,545.3091,0.924475799801014,0.0,220.0,210.0
56.0,98.0,5555,774,-15.400948,-207.48619,0.31871884862904887,0.0,5.0414653,2.1452408,0.7327932793279328,0.0,5.0414653,-1.8753108,0.7587637833550798,0.0,684.7698,545.3091,0.7088867026237506,0.0,220.0,210.0
56.0,99.0,2452,774,-444.9923,-207.48619,-0.4924535579245546,0.0,5.346547,2.1452408,0.5844287846023497,0.0,5.34188,-1.8753108,0.47944039775577396,0.0,628.4387,545.3091,0.7875931054541776,0.0,220.0,210.0
56.0,105.0,13080,774,-31.215477,-207.48619,0.2047739413191727,9.025213e-22,4.991748,2.1452408,0.5352028660834933,0.0,4.991748,-1.8753108,0.5382147429059099,0.0,640.7031,545.3091,0.6379790634457798,0.0,220.0,210.0
56.0,106.0,32,774,-2247.0222,-207.48619,-0.9517926356589147,6.56764e-20,1.477619,2.1452408,-0.9375,2.3531133e-19,1.477619,-1.8753108,0.05628229974160215,0.5894236,541.4896,545.3091,-0.18879198966408273,0.070114024,220.0,210.0
94.0,20.0,7659,97231,-17.58081,-15.842102,-0.02756245627480558,5.5722743e-05,6.376404,1.028028,0.4746446548457268,0.0,6.374672,-0.5967654,0.42620864652530166,0.0,879.11774,305.2008,0.9031977490932028,0.0,220.0,210.0
94.0,21.0,90312,97231,-15.842102,-15.842102,-0.0034935646918702323,0.1886754,1.6673572,1.028028,0.17594025200552887,0.0,-0.45825428,-0.5967654,0.018936237634739728,1.2745921e-12,410.67017,305.2008,0.35195718791178754,0.0,220.0,210.0
94.0,56.0,84,97231,-383.04846,-15.842102,-0.6607952784018031,7.7675294e-26,-4.4209614,1.028028,-0.8432549681636907,7.8714e-41,-4.4209614,-0.5967654,-0.8249556407397014,3.753997e-39,579.01587,305.2008,0.7957382786501073,1.5096722e-36,220.0,210.0
94.0,98.0,687,97231,265.54114,-15.842102,0.3380159798024174,0.0,5.0444517,1.028028,0.6137341980517681,0.0,5.0444517,-0.5967654,0.7392725680347931,0.0,1044.5323,305.2008,0.8983108504474338,0.0,220.0,210.0
94.0,99.0,30699,97231,-1061.9246,-15.842102,-0.8944998038387936,0.0,1.2491673,1.028028,-0.0034050188727124953,0.3676471,1.5050632,-0.5967654,0.1616954773485495,0.0,622.10486,305.2008,0.8003508716341154,0.0,220.0,210.0
94.0,105.0,352,97231,-3.6584988,-15.842102,0.1547105837924867,4.9004404e-07,5.3147717,1.028028,0.8149075748381782,0.0,5.3147717,-0.5967654,0.8866027576315447,0.0,644.59033,305.2008,0.8979354227654668,0.0,220.0,210.0
94.0,106.0,684,97231,-1672.1597,-15.842102,-0.9144734210763888,0.0,1.2112476,1.028028,0.13101060770392992,3.3419874e-09,1.2112476,-0.5967654,0.3960240040884129,0.0,544.6488,305.2008,0.832059718999205,0.0,220.0,210.0
99.0,20.0,25441,2862582,1393.697,-208.24316,0.8618239659648037,0.0,5.0740905,-0.99709964,0.5473960594177831,0.0,4.9540663,-0.43950838,0.3903004987195271,0.0,635.27374,594.63885,0.06652060875822174,0.0,220.0,210.0
99.0,21.0,45216,2862582,1365.9575,-208.24316,0.8496726919277642,0.0,3.93356,-0.99709964,0.2357056107624964,0.0,0.5265547,-0.43950838,-0.008599841090883964,0.0016744043,614.1915,594.63885,0.09956889694111437,0.0,220.0,210.0
99.0,56.0,2220,2862582,1381.5521,-208.24316,0.8798290130888637,0.0,4.8641763,-0.99709964,0.24081609030078632,0.0,4.8264937,-0.43950838,0.08417550897995119,6.5659192e-12,613.24335,594.63885,0.11702907148634112,1.3363422e-21,220.0,210.0
99.0,94.0,21111,2862582,1731.3785,-208.24316,0.8646524999066585,0.0,4.5629935,-0.99709964,0.3679122184059411,0.0,4.3471866,-0.43950838,0.2612341218101164,0.0,593.8163,594.63885,0.0019567557988851014,0.6236719,220.0,210.0
99.0,98.0,2342,2862582,740.71326,-208.24316,0.8003207662914551,0.0,4.0939217,-0.99709964,0.5298979288082308,0.0,4.0939217,-0.43950838,0.43735801506081917,0.0,611.05853,594.63885,0.0573069485707165,1.574205e-06,220.0,210.0
99.0,105.0,13199,2862582,1063.4858,-208.24316,0.8319519152791968,0.0,5.0345783,-0.99709964,0.622005251278344,0.0,4.653813,-0.43950838,0.30560205055629375,0.0,641.91864,594.63885,0.20667237783371495,0.0,220.0,210.0
99.0,106.0,18507,2862582,3.2473297,-208.24316,0.19609811853263337,0.0,3.939122,-0.99709964,0.48831930777170496,0.0,3.939122,-0.43950838,0.3981193048020615,0.0,562.39667,594.63885,-0.046718600790327636,5.163565e-28,220.0,210.0
105.0,20.0,11638,89361,-15.842102,-15.842121,-0.042808377047448,5.2179493e-14,5.6046486,4.938144,0.39248080131223806,0.0,-4.8051167,3.1391833,-0.3604733936703396,0.0,634.54004,618.5179,0.25531315589814096,0.0,220.0,210.0
105.0,21.0,6269,89361,-25.375944,-15.842121,-0.2089531139087022,0.0,4.410767,4.938144,-0.19262998301213818,0.0,-3.9242837,3.1391833,-0.15525430214222158,0.0,625.3896,618.5179,0.029373768838243164,9.860627e-05,220.0,210.0
105.0,56.0,301,89361,-209.73688,-15.842121,-0.25777810196953554,1.0371856e-14,4.9847746,4.938144,-0.08237935633139248,0.013461515,4.9847746,3.1391833,0.5055390504029329,0.0,570.49164,618.5179,-0.4210263859002461,1.4336813e-36,220.0,210.0
105.0,94.0,7863,89361,21.28479,-15.842121,0.11645343490067517,0.0,4.454982,4.938144,-0.4345480833712483,0.0,4.4530916,3.1391833,0.27594529408407564,0.0,574.85657,618.5179,-0.31294370424833107,0.0,220.0,210.0
105.0,98.0,20923,89361,-15.842121,-15.842121,0.05544419091021524,6.947492e-36,4.8747797,4.938144,-0.07506183385700793,0.0,4.8747797,3.1391833,0.5212556368321686,0.0,596.5512,618.5179,-0.229395182346247,0.0,220.0,210.0
105.0,99.0,6405,89361,-194.75095,-15.842121,-0.6484076058761241,0.0,5.0741963,4.938144,0.1525335441527289,0.0,2.1355069,3.1391833,-0.11907847827302187,0.0,627.10065,618.5179,0.06444685709861897,6.1599483e-18,220.0,210.0
105.0,106.0,3038,89361,-852.9751,-15.842121,-0.8779880307229092,0.0,4.1648784,4.938144,-0.29548608300117285,0.0,4.1648784,3.1391833,0.37223131059577197,0.0,627.2975,618.5179,-0.04190182966754685,8.357156e-05,220.0,210.0
20.0,21.0,128583,141844,-0.68878937,-0.68878174,-0.04248338865924495,0.0,2.8293986,3.053133,-0.015706284993644237,1.6076049e-12,-1.0788915,-1.6514635,0.027805772933281014,6.800882e-36,380.73645,380.40625,0.027472183479222423,4.4488122e-35,230.0,220.0
20.0,56.0,8195,141844,-76.897705,-0.68878174,-0.1416083793659385,0.0,3.2455533,3.053133,0.17560402400671205,0.0,3.2421908,-1.6514635,0.6711664993908613,0.0,418.67743,380.40625,0.46086715946171153,0.0,230.0,220.0
20.0,94.0,4882,141844,-68.158646,-0.68878174,-0.10749006637580893,1.5207964e-37,8.566025,3.053133,0.38130892128020677,0.0,8.566025,-1.6514635,0.7185512790672943,0.0,1045.1741,380.40625,0.5735734473705214,0.0,230.0,220.0
20.0,99.0,19351,141844,-515.6123,-0.68878174,-0.8403790335287615,0.0,3.2834377,3.053133,0.10139008499302848,0.0,2.7801154,-1.6514635,0.4374172623408461,0.0,410.6432,380.40625,0.1606372734433168,0.0,230.0,220.0
20.0,105.0,2450,141844,57.83043,-0.68878174,0.12996612259861218,1.9316413e-28,3.4507341,3.053133,0.13939117938707035,2.1941576e-32,3.4507341,-1.6514635,0.4937463750058271,0.0,409.04877,380.40625,0.40129828745462826,0.0,230.0,220.0
21.0,20.0,72286,366411,-0.68878174,-0.68878174,-0.04663441857156447,0.0,3.000001,1.9524373,0.46257439029276304,0.0,2.0051684,-0.21147616,0.12846708642409954,0.0,394.3267,303.55893,0.39870759766973296,0.0,230.0,220.0
21.0,56.0,6590,366411,-4.939064,-0.68878174,-0.18967635202256705,0.0,3.285901,1.9524373,0.6478849639932478,0.0,3.285901,-0.21147616,0.5909925431837908,0.0,410.38504,303.55893,0.698013461164279,0.0,230.0,220.0
21.0,94.0,42020,366411,-0.68878174,-0.68878174,0.006027622783611353,0.04167232,1.1280787,1.9524373,-0.19451674430548038,0.0,0.45888823,-0.21147616,0.18384446371269347,0.0,265.38562,303.55893,-0.02925360216542805,7.7487926e-23,230.0,220.0
21.0,99.0,40777,366411,-621.434,-0.68878174,-0.8647768462878729,0.0,2.6153862,1.9524373,0.23765820652737313,0.0,2.423746,-0.21147616,0.35688696480143145,0.0,385.10947,303.55893,0.4026963237455812,0.0,230.0,220.0
21.0,105.0,2206,366411,-6.633423,-0.68878174,-0.13088662755938507,1.489161e-26,2.593107,1.9524373,0.37377643636276225,0.0,-2.469881,-0.21147616,-0.2969282461824764,0.0,404.98688,303.55893,0.6452968757126429,0.0,230.0,220.0
56.0,20.0,28927,13517,-0.77334595,-0.68878174,-0.0827111107702243,4.85e-43,3.5839708,3.1177785,0.3272383908309764,0.0,-3.352809,2.6937082,-0.30525612123257595,0.0,417.65024,416.2123,0.1136059589266063,0.0,230.0,220.0
56.0,21.0,6219,13517,7.3082886,-0.68878174,0.04448799789651048,4.904232e-07,2.9385285,3.1177785,0.22379277312235724,0.0,2.9385285,2.6937082,0.4388071916680101,0.0,929.89795,416.2123,0.7265463584040599,0.0,230.0,220.0
56.0,94.0,264,13517,-137.12839,-0.68878174,-0.29953526535608355,6.5839136e-17,2.116576,3.1177785,-0.47841578842355637,1.4733e-40,2.116576,2.6937082,-0.18561222568213764,2.3021703e-07,333.61774,416.2123,-0.7617618442320669,0.0,230.0,220.0
56.0,99.0,3689,13517,-850.36847,-0.68878174,-0.8292278873427723,0.0,2.810858,3.1177785,-0.0958710608748603,3.926498e-19,2.810858,2.6937082,0.22880876511577553,0.0,409.94934,416.2123,-0.1015714015179584,2.784387e-21,230.0,220.0
56.0,105.0,5225,13517,-142.71143,-0.68878174,-0.15931890835322382,0.0,3.4489725,3.1177785,0.4307806473011302,0.0,3.4489725,2.6937082,0.7975513096568454,0.0,383.62247,416.2123,-0.340006775094131,0.0,230.0,220.0
94.0,20.0,3242,151360,-411.94324,-0.68878174,-0.3189782166673405,0.0,2.8129764,0.21986063,0.6760552585613244,0.0,2.6502938,0.043303393,0.19201246962762797,0.0,405.83765,216.86826,0.8249039451314863,0.0,230.0,220.0
94.0,21.0,54152,151360,-0.68878174,-0.68878174,-0.012817127663827477,8.468588e-06,1.8275527,0.21986063,0.6082395670108132,0.0,-0.6235117,0.043303393,-0.06765192368626782,0.0,270.25504,216.86826,0.28255968215456173,0.0,230.0,220.0
94.0,56.0,441,151360,-422.49347,-0.68878174,-0.2801431795410201,1.7982189e-24,3.5670435,0.21986063,0.9308936541494681,0.0,3.5670435,0.043303393,0.6751209891990624,0.0,404.93127,216.86826,0.7235378823833973,0.0,230.0,220.0
94.0,99.0,38977,151360,-1038.3179,-0.68878174,-0.9181837003564904,0.0,0.6613778,0.21986063,0.019945803166783405,1.1854135e-09,-0.3640036,0.043303393,-0.009850329449725304,0.0026673404,383.93597,216.86826,0.6865725994502856,0.0,230.0,220.0
94.0,105.0,1212,151360,-12.607279,-0.68878174,-0.17791070531471753,8.1120046e-27,3.0813074,0.21986063,0.9233734601657839,0.0,-3.0813074,0.043303393,-0.940689394157439,0.0,424.0603,216.86826,0.7526061508767157,0.0,230.0,220.0
99.0,20.0,10966,2780563,1254.034,-181.01074,0.8502505575701331,0.0,3.0105646,-1.266218,0.3852178616057016,0.0,2.7347555,-1.0938469,0.13714140785783813,0.0,439.0985,498.88907,-0.011159201091046289,0.043377478,230.0,220.0
99.0,21.0,58738,2780563,1218.813,-181.01074,0.8479444929555358,0.0,2.8014116,-1.266218,0.39532533267032655,0.0,1.0376593,-1.0938469,0.1148503869568438,0.0,411.40417,498.88907,-0.15280473439885,0.0,230.0,220.0
99.0,56.0,3099,2780563,1319.0657,-181.01074,0.8578906705116298,0.0,3.2082696,-1.266218,0.4989202364424159,0.0,3.2060244,-1.0938469,0.3742780763801563,0.0,409.9419,498.88907,-0.16938667031242371,0.0,230.0,220.0
99.0,94.0,30956,2780563,2022.9769,-181.01074,0.8924229143288158,0.0,1.6866344,-1.266218,0.1825646635886331,0.0,1.2948136,-1.0938469,0.11621883321368709,0.0,429.06384,498.88907,-0.07619166486120821,0.0,230.0,220.0
99.0,105.0,6549,2780563,786.6209,-181.01074,0.8505631961218145,0.0,2.9206238,-1.266218,0.5356199187289132,0.0,1.784901,-1.0938469,0.13442765343638463,0.0,362.25842,498.88907,-0.38930268776939203,0.0,230.0,220.0
105.0,20.0,42806,134213,-0.68878174,-1.632843,0.22390501891820858,0.0,3.513451,3.1055272,0.3285935854464248,0.0,-3.513451,2.5383413,-0.5598113756782298,0.0,420.23798,361.3692,0.38445596364965273,0.0,230.0,220.0
105.0,21.0,6579,134213,-38.519043,-1.632843,-0.15203713563603616,0.0,2.7701483,3.1055272,-0.5566753983548396,0.0,2.40896,2.5383413,-0.10128020104641888,7e-44,394.5119,361.3692,0.0634032248120815,3.4138799e-18,230.0,220.0
105.0,56.0,17361,134213,-0.68878174,-1.632843,0.16752852312098176,0.0,3.55778,3.1055272,0.3236081557248329,0.0,-3.5569427,2.5383413,-0.45556377388566693,0.0,416.57584,361.3692,0.3656685935569972,0.0,230.0,220.0
105.0,94.0,1562,134213,-218.96591,-1.632843,-0.29918952858325143,0.0,2.1828315,3.1055272,-0.8565497437315441,0.0,0.347028,2.5383413,-0.19109908454515512,1.130312e-38,351.91263,361.3692,-0.26380360978177586,0.0,230.0,220.0
105.0,99.0,8527,134213,-604.3424,-1.632843,-0.7842588713294286,0.0,2.722061,3.1055272,-0.5086167068937191,0.0,2.5945811,2.5383413,0.08103282029436576,3.193525e-36,334.79434,361.3692,-0.48269526844141963,0.0,230.0,220.0
20.0,21.0,56603,115815,-86.78728,-86.78729,-0.00836310853375355,0.0047187987,2.5683866,3.1134732,0.07079060811116977,0.0,-0.46183655,-0.83181155,-0.030004756580282343,3.9214942e-24,401.39713,447.76282,-0.042023582009835136,0.0,240.0,230.0
20.0,56.0,8358,115815,-34.442154,-86.78729,0.08647026069509556,5.79154e-40,3.8542037,3.1134732,0.2656930729180984,0.0,3.0391464,-0.83181155,0.14985405355309522,0.0,592.6853,447.76282,0.4765413195746444,0.0,240.0,230.0
20.0,94.0,9703,115815,-119.545715,-86.78729,-0.23972673904761155,0.0,1.0314586,3.1134732,-0.23000210513352648,0.0,0.9728276,-0.83181155,0.20389384785994924,0.0,540.9789,447.76282,0.00019465132525198214,0.97455007,240.0,230.0
20.0,99.0,31987,115815,-311.36826,-86.78729,-0.7710360712811759,0.0,2.6649947,3.1134732,-0.03274977844587257,2.697325e-19,0.06500317,-0.83181155,0.0719462391254091,0.0,492.28226,447.76282,0.10501391589677089,0.0,240.0,230.0
20.0,105.0,3208,115815,-57.15529,-86.78729,0.1527790392128301,0.0,4.8523836,3.1134732,0.6469732529833299,0.0,4.8523836,-0.83181155,0.8893652439078878,0.0,602.43066,447.76282,0.7253053498232143,0.0,240.0,230.0
20.0,106.0,8,115815,-1509.8894,-86.78729,-0.9730971808487674,1.8381862e-06,-0.20599672,3.1134732,-0.3075400423088547,0.13192128,0.20599672,-0.83181155,0.11473902344255915,0.57406354,565.5598,447.76282,0.4569485817899235,0.02518916,240.0,230.0
21.0,20.0,84165,354324,-86.78728,-86.78729,0.04643827158887981,0.0,2.7558186,0.48208514,0.39266543313587077,0.0,0.43190348,0.5317744,-0.06444265530308935,0.0,426.4739,333.17438,0.3025485449302727,0.0,240.0,230.0
21.0,56.0,7884,354324,-86.78727,-86.78729,0.10737771151171893,0.0,2.8617442,0.48208514,0.025198365670712874,0.00012663934,2.6794033,0.5317744,0.17631295141697745,0.0,471.81848,333.17438,0.6358328272138236,0.0,240.0,230.0
21.0,94.0,58730,354324,-86.78729,-86.78729,-0.0305041257287485,8.993308e-33,-0.76787674,0.48208514,-0.2118951852934544,0.0,0.56186235,0.5317744,-0.06074792197328249,0.0,402.08044,333.17438,0.2927897432334261,0.0,240.0,230.0
21.0,99.0,77706,354324,-262.82477,-86.78729,-0.7481017586255195,0.0,2.3163762,0.48208514,0.25431118612842285,0.0,-1.3609056,0.5317744,-0.2559631609431342,0.0,462.66833,333.17438,0.4806366504464201,0.0,240.0,230.0
21.0,105.0,3611,354324,361.9939,-86.78729,0.3935597337386205,0.0,5.220042,0.48208514,0.8807161949892948,0.0,5.220042,0.5317744,0.2841732868062239,0.0,592.21075,333.17438,0.8191837890637146,0.0,240.0,230.0
21.0,106.0,17,354324,-2009.5065,-86.78729,-0.967104883068139,3.669461e-12,-0.42567402,0.48208514,-0.23650005943380503,0.0912378,0.42567402,0.5317744,-0.09520548491012215,0.49657744,566.29694,333.17438,0.894881188835476,1.6527248e-10,240.0,230.0
56.0,20.0,34242,15764,-86.78729,-73.5338,-0.15369549365197877,0.0,4.743449,4.2965474,0.21847112950895164,0.0,-3.3161964,3.3584752,-0.3335509620532905,0.0,585.56067,507.64825,0.1475046870372514,0.0,240.0,230.0
56.0,21.0,9041,15764,-97.719986,-73.5338,-0.271133903205227,0.0,4.2831507,4.2965474,0.10409376989951413,1.614e-42,1.6972873,3.3584752,-0.13238728832403823,0.0,577.4068,507.64825,0.20483465453454164,0.0,240.0,230.0
56.0,94.0,430,15764,-251.6857,-73.5338,-0.3226807621722736,2.624433e-30,1.3639436,4.2965474,-0.6189908711636168,0.0,1.3516357,3.3584752,-0.45946430784300996,0.0,557.45044,507.64825,-0.17069330768368318,1.4612488e-09,240.0,230.0
56.0,99.0,5667,15764,-168.49092,-73.5338,-0.6595338974418284,0.0,4.464975,4.2965474,0.07625430589101723,1.5004039e-17,1.5630604,3.3584752,-0.43633273374473946,0.0,564.09326,507.64825,0.024427369609629768,0.0063029653,240.0,230.0
56.0,105.0,10042,15764,47.09967,-73.5338,0.028524557427189512,0.0001088237,4.7520623,4.2965474,0.3444382805614037,0.0,4.7520623,3.3584752,0.4940270844690311,0.0,603.7144,507.64825,0.42683543757173936,0.0,240.0,230.0
94.0,20.0,2257,142061,444.9826,-86.78729,0.6820053777780666,0.0,15.094549,-1.5634593,0.8931998319055667,0.0,3.0461853,0.94097334,0.40086331208004755,0.0,1683.4572,296.74802,0.6708348252190941,0.0,240.0,230.0
94.0,21.0,49761,142061,-86.78727,-86.78729,0.09432908676843099,0.0,1.030872,-1.5634593,0.5283182214896796,0.0,-0.8044792,0.94097334,-0.2566669431673122,0.0,211.71582,296.74802,-0.2468614683136081,0.0,240.0,230.0
94.0,56.0,627,142061,-13.032837,-86.78729,0.1400143750724061,9.915647e-10,15.935993,-1.5634593,0.9846562083473656,0.0,-6.6007776,0.94097334,-0.9455666140318656,0.0,1772.2915,296.74802,0.9264423182228692,0.0,240.0,230.0
94.0,98.0,6,142061,886.18713,-86.78729,0.3197546593834104,0.17122309,0.8781762,-1.5634593,0.7365896809586492,0.001778029,-0.8781762,0.94097334,-0.45189507793600403,0.05521553,574.2638,296.74802,0.7464070598780337,0.0015420362,240.0,230.0
94.0,99.0,36082,142061,-399.5862,-86.78729,-0.8101945246841469,0.0,2.4666555,-1.5634593,0.3363857766528695,0.0,-1.4703759,0.94097334,-0.18632426821867443,0.0,585.5532,296.74802,0.6687656204318446,0.0,240.0,230.0
94.0,105.0,1232,142061,223.41736,-86.78729,0.3288619464914331,0.0,4.7089777,-1.5634593,0.8495736340900566,0.0,3.039099,0.94097334,-0.009436801522155647,0.56784225,591.2375,296.74802,0.7732792980279095,0.0,240.0,230.0
94.0,106.0,46,142061,-780.54224,-86.78729,-0.269833259013351,0.0013903293,-0.5365926,-1.5634593,0.4499368458681099,1.2592082e-07,0.5365926,0.94097334,-0.16310384730625516,0.055401035,571.5912,296.74802,0.7390386187439995,3.947238e-18,240.0,230.0
98.0,20.0,421,129,-65.05268,-316.08566,0.43615238726546246,6.399125e-14,-0.7669231,2.5996306,-1.0,0.0,0.7669231,-2.5996306,1.0,0.0,507.3097,566.5514,-1.0,0.0,240.0,230.0
98.0,21.0,2587,129,-93.232834,-316.08566,0.4547993395720402,2.5414806e-18,1.032455,2.5996306,-1.0,0.0,-1.032455,-2.5996306,1.0,0.0,485.35126,566.5514,-1.0,0.0,240.0,230.0
98.0,94.0,820,129,-86.65375,-316.08566,0.3453393836263945,2.7628577e-10,1.4867015,2.5996306,-0.6890338438268104,2.3022626e-36,-1.1967059,-2.5996306,0.9695216487048592,0.0,559.0587,566.5514,-0.561032331253545,1.1388222e-24,240.0,230.0
98.0,99.0,3988,129,-126.64037,-316.08566,0.33877990560829785,5.4348994e-11,0.324691,2.5996306,-0.9996073491793209,0.0,-0.324691,-2.5996306,0.9996073491793209,0.0,492.70358,566.5514,-0.9990902941382286,0.0,240.0,230.0
98.0,105.0,481,129,501.43036,-316.08566,0.7040725877935181,1.0384124e-34,5.7052608,2.5996306,0.9710551338458315,0.0,5.7052608,-2.5996306,0.7753066125159149,1.0081e-41,634.5343,566.5514,0.9766958371609535,0.0,240.0,230.0
98.0,106.0,1124,129,-169.36665,-316.08566,0.1486799635852023,0.005622953,1.6034508,2.5996306,-0.946426108306436,0.0,-1.6034508,-2.5996306,0.946426108306436,0.0,550.0171,566.5514,-0.9571022648900659,0.0,240.0,230.0
99.0,20.0,21377,2681378,3439.4878,-327.10425,0.9250383217715195,0.0,5.9469295,2.4022377,0.33921490252415243,0.0,3.5287905,0.57603,0.2554528073727256,0.0,1341.4647,679.1103,0.27132901805509113,0.0,240.0,230.0
99.0,21.0,42221,2681378,3041.7378,-327.10425,0.8986139631227157,0.0,3.7546234,2.4022377,0.17389010620085044,0.0,3.3549411,0.57603,0.16513381041962027,0.0,926.48596,679.1103,0.060123361663344754,0.0,240.0,230.0
99.0,56.0,7054,2681378,4451.718,-327.10425,0.9441073007198624,0.0,5.41278,2.4022377,0.36054023230174526,0.0,2.2247915,0.57603,0.007526806445179224,0.2741769,1136.4648,679.1103,0.19908648857573197,0.0,240.0,230.0
99.0,94.0,32281,2681378,1867.4673,-327.10425,0.8985753714913458,0.0,3.137734,2.4022377,-0.030194220352734003,9.610344e-21,2.9854372,0.57603,-0.0018658946716560987,0.5638126,698.76807,679.1103,-0.07959947760598707,0.0,240.0,230.0
99.0,98.0,53,2681378,105.47046,-327.10425,0.5991922387639688,4.1733933e-14,3.2522955,2.4022377,0.11781238165670294,0.13740061,-3.2522955,0.57603,-0.4305742005339215,5.6581914e-08,528.232,679.1103,-0.5622272549610052,1.3474825e-12,240.0,230.0
99.0,105.0,6505,2681378,1337.7267,-327.10425,0.8564489335395926,0.0,4.8267775,2.4022377,0.40058318563149764,0.0,4.784742,0.57603,0.3798532097933429,0.0,665.4368,679.1103,0.11966851524045352,0.0,240.0,230.0
99.0,106.0,2060,2681378,-144.48563,-327.10425,0.29096088051870916,0.0,2.8632016,2.4022377,0.05368773107367697,2.4545849e-05,-2.8632016,0.57603,-0.36727765871898055,0.0,538.09955,679.1103,-0.5364699424908799,0.0,240.0,230.0
105.0,20.0,47012,177030,-86.66798,-86.78729,0.16235843380765558,0.0,4.427627,4.810133,-0.25891493681979827,0.0,-4.427627,-2.3992028,-0.3043012670722095,0.0,590.61414,604.2727,-0.3616906795203667,0.0,240.0,230.0
105.0,21.0,19123,177030,-84.85414,-86.78729,0.11456141855971547,0.0,2.4719067,4.810133,-0.6652329420553037,0.0,0.0696965,-2.3992028,-0.005798042089474764,0.18706363,427.80472,604.2727,-0.6885748588277432,0.0,240.0,230.0
105.0,56.0,18488,177030,-87.19686,-86.78729,-0.05557001262941519,9.261458e-36,3.6601527,4.810133,-0.4796800249332507,0.0,-3.6601527,-2.3992028,-0.07133335278990205,0.0,475.80646,604.2727,-0.7889824243265968,0.0,240.0,230.0
105.0,94.0,2439,177030,-595.8908,-86.78729,-0.420550041008516,0.0,-0.26831257,4.810133,-0.8776645871864582,0.0,-0.7246855,-2.3992028,-0.012784485072439233,0.27742696,642.31305,604.2727,0.009645851923694604,0.41251865,240.0,230.0
105.0,98.0,5799,177030,-86.78729,-86.78729,0.10909734128671733,0.0,3.0827544,4.810133,-0.6729552952021669,0.0,-3.0827544,-2.3992028,-0.06301323780451051,2.875988e-16,515.6492,604.2727,-0.7333667953452074,0.0,240.0,230.0
105.0,99.0,14501,177030,-145.91066,-86.78729,-0.5257003754526444,0.0,2.645922,4.810133,-0.5347734033251366,0.0,-0.44137967,-2.3992028,0.04601834926541937,2.765046e-20,557.1721,604.2727,-0.40713153644486644,0.0,240.0,230.0
105.0,106.0,3468,177030,-138.51053,-86.78729,-0.40994754471462713,0.0,3.3783545,4.810133,-0.6746564843693856,0.0,-3.3783545,-2.3992028,-0.060362200842935754,1.0774761e-09,533.6489,604.2727,-0.676058978007038,0.0,240.0,230.0
106.0,21.0,43,1865,214.08603,-137.75496,0.9983290728848433,3.7562555e-29,-0.013903709,1.4451771,-1.0,3.0385042e-29,0.013903709,-1.4451771,1.0,3.0385042e-29,510.50446,535.348,-0.8744310742564998,9.5733225e-23,240.0,230.0
106.0,94.0,24,1865,258.30927,-137.75496,0.6722520107238605,1.4599328e-08,5.605856,1.4451771,0.7852100089365506,3.6328638e-11,5.605856,-1.4451771,0.8814566577301162,1.08936975e-13,630.2814,535.348,0.9998212689901698,3.5379418e-17,240.0,230.0
106.0,99.0,6475,1865,-119.408264,-137.75496,0.20781549991201476,1.076e-42,0.06513972,1.4451771,-0.892588156137754,0.0,0.016776068,-1.4451771,0.9889588125084103,0.0,506.2203,535.348,-0.7077726458745226,0.0,240.0,230.0
106.0,105.0,319,1865,6407.2695,-137.75496,1.0,0.0,4.833811,1.4451771,1.0,0.0,4.833811,-1.4451771,1.0,0.0,636.08466,535.348,1.0,0.0,240.0,230.0
20.0,21.0,44510,81326,-23.480408,-23.418793,-0.04154249222308071,2.8195026e-34,0.22009195,-0.09258352,-0.04075966578517354,4.878614e-33,-0.09653465,-0.7614231,0.048856948217644414,0.0,554.30743,520.50195,0.02144113254949298,3.0028183e-10,250.0,240.0
20.0,56.0,22450,81326,-38.724976,-23.418793,-0.07443803314187603,0.0,4.164117,-0.09258352,0.3940894528425205,0.0,4.4604006,-0.7614231,0.6290268033404232,0.0,639.7312,520.50195,0.3984380688528617,0.0,250.0,240.0
20.0,94.0,2627,81326,-33.397522,-23.418793,-0.11605090430080311,3.5706223e-24,3.8791547,-0.09258352,0.5185370058842258,0.0,1.1512325,-0.7614231,-0.047482533535016413,3.3426455e-05,556.91046,520.50195,0.101992510866308,5.0328543e-19,250.0,240.0
20.0,98.0,300,81326,27.744596,-23.418793,0.2857259261080918,1.1433006e-17,-4.360304,-0.09258352,-0.8008742181672118,0.0,4.360304,-0.7614231,0.6855613620900245,0.0,628.2905,520.50195,0.6034295715187434,0.0,250.0,240.0
20.0,99.0,21441,81326,-669.6702,-23.418793,-0.7916015218317463,0.0,2.393934,-0.09258352,0.3699820919727004,0.0,1.8239992,-0.7614231,0.2548746900379004,0.0,610.3438,520.50195,0.23309401589139478,0.0,250.0,240.0
20.0,105.0,28715,81326,-8.839355,-23.418793,0.195552599093326,0.0,3.9408069,-0.09258352,0.3845457690615075,0.0,4.030493,-0.7614231,0.6208399316074016,0.0,736.96655,520.50195,0.5965477953401219,0.0,250.0,240.0
21.0,20.0,86240,391665,-23.418793,-23.418793,-0.00967488923353177,7.071415e-06,-0.36130404,-1.0684621,0.1449309168990187,0.0,-1.661989,0.7646696,-0.24472990719156817,0.0,415.3998,422.18484,0.12198904473094463,0.0,250.0,240.0
21.0,56.0,10070,391665,-23.418793,-23.418793,0.09880209146065244,0.0,3.1334262,-1.0684621,0.8332835243360688,0.0,-3.016183,0.7646696,-0.4012658680924134,0.0,441.2898,422.18484,0.25474339270466917,0.0,250.0,240.0
21.0,94.0,49212,391665,-23.418793,-23.418793,-0.05726317357600874,0.0,-2.2584743,-1.0684621,-0.14524443871753456,0.0,3.3279197,0.7646696,0.31675887975238615,0.0,486.4761,422.18484,0.1785707668277221,0.0,250.0,240.0
21.0,98.0,339,391665,151.15826,-23.418793,0.4810657262446645,0.0,-4.5205255,-1.0684621,-0.8447954834076303,0.0,4.5205255,0.7646696,0.8900175022397949,0.0,633.6206,422.18484,0.9320292494560418,0.0,250.0,240.0
21.0,99.0,46899,391665,-753.1895,-23.418793,-0.8414464204967103,0.0,2.1282187,-1.0684621,0.4708022627126123,0.0,-0.25218856,0.7646696,-0.08269208385571358,0.0,490.91785,422.18484,0.27114945152286296,0.0,250.0,240.0
21.0,105.0,11533,391665,50.01213,-23.418793,0.3113488448822077,0.0,3.802085,-1.0684621,0.8127723878026047,0.0,3.8667252,0.7646696,0.7124020232533597,0.0,738.1854,422.18484,0.5646345939886737,0.0,250.0,240.0
56.0,20.0,13541,5526,-23.418793,-44.198685,0.17963668629820195,0.0,5.7593856,3.6755967,0.6280503898790453,0.0,-5.75708,3.9194164,-0.6721454229848931,0.0,659.97955,583.417,0.4540711774588526,0.0,250.0,240.0
56.0,21.0,5554,5526,-47.071327,-44.198685,-0.08791106460949127,1.0470472e-15,-4.828636,3.6755967,-0.4261663298296813,0.0,4.8926163,3.9194164,0.38279034090457387,0.0,585.2474,583.417,0.17744900168138278,0.0,250.0,240.0
56.0,94.0,583,5526,-187.9957,-44.198685,-0.09174654789552461,0.00026329493,4.9018207,3.6755967,0.6904991156727374,0.0,4.9018207,3.9194164,0.6466664059313558,0.0,572.0943,583.417,-0.08971001887847807,0.0003597802,250.0,240.0
56.0,99.0,3059,5526,-912.95026,-44.198685,-0.5984785051899446,0.0,5.007163,3.6755967,0.5792491898679333,0.0,4.7904835,3.9194164,-0.03389486793507401,0.009189708,576.04865,583.417,0.11228242915271003,6.176765e-18,250.0,240.0
56.0,105.0,1456,5526,59.086014,-44.198685,0.2672262590829366,0.0,2.0913463,3.6755967,-0.1968792382065998,5.5096586e-31,2.3444285,3.9194164,-0.14940187843282304,1.5807192e-18,557.94403,583.417,-0.12907688131629502,3.2285328e-14,250.0,240.0
94.0,20.0,8238,148015,428.45737,-23.418793,0.38519184402852424,0.0,9.621254,-3.3126175,0.9082949753202854,0.0,-8.448534,2.0215492,-0.5267619059592664,0.0,1169.1633,445.48825,0.8110295680500679,0.0,250.0,240.0
94.0,21.0,93085,148015,-23.418793,-23.418793,0.05794546804733858,0.0,-2.6554096,-3.3126175,0.18266083935465338,0.0,0.6828505,2.0215492,-0.13581174169934473,0.0,490.05243,445.48825,0.20479914093915075,0.0,250.0,240.0
94.0,56.0,7274,148015,17.595459,-23.418793,0.049677254526264036,2.2016379e-13,10.003833,-3.3126175,0.9548850965741671,0.0,-9.986973,2.0215492,-0.6538029055400729,0.0,1153.3157,445.48825,0.9378846766370152,0.0,250.0,240.0
94.0,98.0,236,148015,207.8081,-23.418793,0.4600264689160569,3.129921e-36,-4.7652984,-3.3126175,-0.6858768322266926,0.0,4.7652984,2.0215492,0.8035375193879228,0.0,639.1623,445.48825,0.8438426991767325,0.0,250.0,240.0
94.0,99.0,38058,148015,-1264.105,-23.418793,-0.9242021627571549,0.0,7.5521317,-3.3126175,0.47610668566617975,0.0,-5.2999034,2.0215492,-0.3240673668892047,0.0,922.1049,445.48825,0.7619775356895166,0.0,250.0,240.0
94.0,105.0,722,148015,-93.556335,-23.418793,-0.060275962148404694,0.004039854,-2.0859022,-3.3126175,0.08700600551171966,5.358155e-05,2.0859022,2.0215492,0.18273267766995605,2.1807259e-17,644.0392,445.48825,0.8473409569648505,0.0,250.0,240.0
98.0,99.0,245,6454,-63.42222,-39.45077,-0.3525622458465878,6.5261012e-21,-1.6749777,-2.786409,0.658927543747589,0.0,1.6749777,2.786409,-0.6589275437475889,0.0,587.9083,566.12695,0.7162449485527089,0.0,250.0,240.0
98.0,105.0,3754,6454,-42.903774,-39.45077,-0.11205219545592848,3.2375918e-21,-1.6189632,-2.786409,0.7959556083055876,0.0,1.6189632,2.786409,-0.7959556083055875,0.0,615.35156,566.12695,0.6564280406446739,0.0,250.0,240.0
98.0,106.0,1290,6454,-110.71434,-39.45077,-0.6418316385727978,0.0,-3.611813,-2.786409,-0.45389458613491307,0.0,3.611813,2.786409,0.45389458613491307,0.0,584.16364,566.12695,0.5252389600343996,0.0,250.0,240.0
99.0,20.0,18461,2663106,2680.9165,-196.84235,0.8792220467137426,0.0,2.520787,3.1719475,0.027743523047897956,7.6903234e-11,-1.3067969,-0.9453856,-0.06886142089325087,0.0,616.00586,686.1085,-0.22921629526143295,0.0,250.0,240.0
99.0,21.0,40413,2663106,2116.3145,-196.84235,0.8612346626033585,0.0,2.0607371,3.1719475,0.002786085191516241,0.335635,1.5909965,-0.9453856,0.10205838919425858,0.0,593.07745,686.1085,-0.272478576323096,0.0,250.0,240.0
99.0,56.0,6749,2663106,4231.0796,-196.84235,0.9203959894160785,0.0,5.7351813,3.1719475,0.36153163517513565,0.0,-3.8250875,-0.9453856,-0.3080189925390736,0.0,674.6172,686.1085,0.12945454930846356,0.0,250.0,240.0
99.0,94.0,26225,2663106,2926.3516,-196.84235,0.8558416504474586,0.0,3.0092318,3.1719475,0.05670528097427607,0.0,0.14415085,-0.9453856,0.03439855226366895,7.890568e-22,613.30707,686.1085,-0.21580307084061634,0.0,250.0,240.0
99.0,98.0,323,2663106,4602.1777,-196.84235,0.8910163883012099,0.0,6.0888634,3.1719475,0.31889575602262554,3.2015418e-23,6.0888634,-0.9453856,0.579101477445902,0.0,766.4333,686.1085,0.10546437083676352,0.0010278992,250.0,240.0
99.0,105.0,5868,2663106,570.41724,-196.84235,0.7658807980103901,0.0,2.3556232,3.1719475,-0.021070813612669825,0.0052286666,1.5944445,-0.9453856,0.08242728316686287,8.809555e-28,690.07056,686.1085,-0.05015443304721712,2.987595e-11,250.0,240.0
99.0,106.0,4190,2663106,-36.892975,-196.84235,0.2864757449305426,0.0,6.136757,3.1719475,0.018980383981338722,0.0334757,6.136757,-0.9453856,0.48930069304633284,0.0,730.1776,686.1085,-0.16242385309065077,0.0,250.0,240.0
105.0,20.0,17529,236400,-23.418793,-23.418793,0.09130580322345216,0.0,5.632189,3.911255,0.32969148876712784,0.0,-5.6284037,-1.2810329,-0.5083898676392102,0.0,639.09204,619.70605,-0.08485981943965426,0.0,250.0,240.0
105.0,21.0,6082,236400,-42.80807,-23.418793,-0.10363892635393002,1.15e-43,5.359844,3.911255,0.20678708663494016,0.0,-4.8798494,-1.2810329,-0.07130494285375666,1.9041233e-21,674.0996,619.70605,0.24807777005293152,0.0,250.0,240.0
105.0,56.0,24610,236400,-23.418793,-23.418793,-0.04426585460768362,1.741721e-30,3.7293859,3.911255,0.10685324857970468,0.0,-3.4235363,-1.2810329,-0.2038793199289629,0.0,567.52856,619.70605,-0.31589122751471177,0.0,250.0,240.0
105.0,94.0,3013,236400,59.968018,-23.418793,0.07346837982953724,3.4233226e-12,5.592579,3.911255,0.23772579117114057,0.0,5.5924573,-1.2810329,0.5163286053722083,0.0,720.2141,619.70605,0.49295900505592516,0.0,250.0,240.0
105.0,98.0,2217,236400,-36.055183,-23.418793,-0.034308844057647114,0.005231499,-2.5093727,3.911255,-0.600725319348184,0.0,3.8480163,-1.2810329,0.6237158852491171,0.0,615.2165,619.70605,-0.11752738033363175,1.4264072e-21,250.0,240.0
105.0,99.0,10355,236400,-280.38245,-23.418793,-0.7526383034263346,0.0,2.4265163,3.911255,-0.22790689450072343,0.0,0.5948573,-1.2810329,0.056242394569761656,2.938197e-22,657.7927,619.70605,0.05659736584744124,1.6087705e-22,250.0,240.0
105.0,106.0,403,236400,-68.6991,-23.418793,-0.5291350509923459,0.0,-3.7083144,3.911255,-0.864380765242072,0.0,3.786163,-1.2810329,0.6311221360103789,0.0,556.9448,619.70605,-0.24238051752297696,3.7475034e-17,250.0,240.0
106.0,98.0,224,4432,98.251755,-9.978708,0.6779912325941206,0.0,-3.359743,-3.287251,-0.14304248323878288,0.00029760748,3.359743,3.287251,0.14304248323878288,0.00029760748,577.2844,595.0575,-0.2180569881382156,3.4994336e-08,250.0,240.0
106.0,99.0,1431,4432,15.700287,-9.978708,0.1897884832247274,3.0638909e-27,-1.6634455,-3.287251,0.9549335624023996,0.0,1.6634455,3.287251,-0.9549335624023997,0.0,598.61505,595.0575,0.19262031171557092,5.2117797e-28,250.0,240.0
106.0,105.0,51,4432,35.560547,-9.978708,0.4148881574290366,3.3610013e-07,-1.5002773,-3.287251,0.9764900545055568,3.2169214e-33,1.5002773,3.287251,-0.9764900545055567,3.2169214e-33,589.3812,595.0575,0.083200608763361,0.30626264,250.0,240.0
20.0,21.0,78032,60344,44.320816,45.460022,-0.08937034976808922,0.0,7.776829,6.1114893,0.22715223131484463,0.0,-0.6170397,4.639705,-0.300007539474792,0.0,916.51697,840.44653,0.18823680136250331,0.0,270.0,250.0
20.0,56.0,11661,60344,45.479095,45.460022,0.10719382898765151,0.0,7.3021755,6.1114893,-0.09619493351459063,0.0,7.3021755,4.639705,0.1221677688686571,0.0,865.1759,840.44653,0.20189548449791728,0.0,270.0,250.0
20.0,94.0,4574,60344,-154.50638,45.460022,-0.18598791792237834,0.0,3.0189657,6.1114893,-0.299055746035802,0.0,-2.259383,4.639705,-0.4374502379333274,0.0,714.9244,840.44653,-0.08189668477612189,2.2609872e-20,270.0,250.0
20.0,98.0,141,60344,579.9049,45.460022,0.7586348904578291,0.0,-1.3328896,6.1114893,-0.9728206039510588,0.0,1.3328896,4.639705,-0.19409522520057576,6.68412e-05,911.5061,840.44653,0.3732416415388651,1.754788e-14,270.0,250.0
20.0,99.0,27102,60344,-1264.5806,45.460022,-0.9063636312852239,0.0,6.680069,6.1114893,0.009016302742782978,0.03270683,-3.1072884,4.639705,-0.41406275520606806,0.0,889.4705,840.44653,0.1334377139756513,0.0,270.0,250.0
20.0,105.0,22733,60344,23.96624,45.460022,-0.043141357663299074,7.840997e-22,7.8601394,6.1114893,0.2937649951506931,0.0,7.8601394,4.639705,0.4777251016079491,0.0,886.4695,840.44653,0.4169060713152626,0.0,270.0,250.0
21.0,20.0,76434,351794,45.460022,45.460022,0.004121567736585785,0.07244692,7.8502474,6.28353,0.3026488754266061,0.0,7.73885,-2.2986417,0.4795732685322036,0.0,886.5802,773.35785,0.3767539535820472,0.0,270.0,250.0
21.0,56.0,2364,351794,57.903587,45.460022,0.12953762131424273,7.452016e-28,7.6525946,6.28353,0.15662963766087268,1.787292e-39,7.6525946,-2.2986417,0.6045760602553061,0.0,950.38025,773.35785,0.6498343583380932,0.0,270.0,250.0
21.0,94.0,100993,351794,45.460022,45.460022,-0.01570175056519263,1.7151863e-14,6.252389,6.28353,-0.12769336347981397,0.0,-5.892261,-2.2986417,-0.19983228302395972,0.0,739.16364,773.35785,-0.10652630793132944,0.0,270.0,250.0
21.0,98.0,67,351794,802.78186,45.460022,0.9242095038828269,1.081158e-39,-2.1000845,6.28353,-0.979548326238074,7.6e-44,2.1000845,-2.2986417,0.1891246734541645,0.007339258,914.66345,773.35785,0.5658885428115623,1.0396984e-15,270.0,250.0
21.0,99.0,63381,351794,-1248.3665,45.460022,-0.9441705710774955,0.0,5.820105,6.28353,-0.12872387985031775,0.0,3.9471402,-2.2986417,0.27137108279614797,0.0,897.66394,773.35785,0.189664776155968,0.0,270.0,250.0
21.0,105.0,20781,351794,12.55542,45.460022,-0.08974753503066712,0.0,7.192059,6.28353,0.1113284320202399,0.0,7.192059,-2.2986417,0.589331400506498,0.0,879.867,773.35785,0.4646552340050132,0.0,270.0,250.0
56.0,20.0,6494,3773,44.07634,45.01671,-0.09003234121553705,2.528741e-14,1.7491001,0.969823,0.29079822586544646,0.0,-0.040454783,-0.61400896,0.3769462092309557,0.0,755.24133,748.24725,0.22307810728833588,0.0,270.0,250.0
56.0,21.0,2193,3773,-181.25854,45.01671,-0.2940465826922736,0.0,4.179919,0.969823,0.3275721644743672,0.0,2.1590965,-0.61400896,0.3836963356771279,0.0,836.47626,748.24725,0.6045912173386419,0.0,270.0,250.0
56.0,94.0,629,3773,-698.6259,45.01671,-0.8763172520675522,0.0,2.7465253,0.969823,0.047201330514655915,0.057690807,-2.8494585,-0.61400896,-0.32721702229505356,1.530577e-39,834.9979,748.24725,0.6368507388915552,0.0,270.0,250.0
56.0,98.0,362,3773,234.71304,45.01671,0.6477516169702437,0.0,-0.411838,0.969823,-0.779252994158846,0.0,0.411838,-0.61400896,0.6191681810128085,0.0,906.2622,748.24725,1.0,0.0,270.0,250.0
56.0,99.0,6671,3773,-1179.8129,45.01671,-0.9709796901295896,0.0,3.6701884,0.969823,-0.006473859841619745,0.5820142,-3.6457725,-0.61400896,-0.1447850972139776,7.971228e-35,774.3126,748.24725,0.31524703747758753,0.0,270.0,250.0
56.0,105.0,1234,3773,45.12549,45.01671,0.18425918010808684,1.9867921e-22,5.4335957,0.969823,0.0024708529984223127,0.89618796,5.4335957,-0.61400896,0.8299750723922985,0.0,890.4335,748.24725,0.9483693959597774,0.0,270.0,250.0
94.0,20.0,3952,144223,47.95025,45.460022,0.0756174136088903,3.8097313e-16,7.487998,3.6773632,0.8492879307660111,0.0,7.487998,-2.616845,0.8696674302961049,0.0,922.16266,601.2982,0.6043437066125752,0.0,270.0,250.0
94.0,21.0,54113,144223,45.460007,45.460022,-0.06710898407223365,0.0,7.470409,3.6773632,0.6735138103266338,0.0,7.465777,-2.616845,0.7446565361670412,0.0,892.31165,601.2982,0.43473731388235115,0.0,270.0,250.0
94.0,56.0,51,144223,49.419754,45.460022,0.054679076098520074,0.49767667,8.352179,3.6773632,0.9299941688885118,1.2991487e-30,8.352179,-2.616845,0.916057554117242,9.431443e-30,935.995,601.2982,0.6560835188099909,4.904428e-16,270.0,250.0
94.0,98.0,304,144223,494.35736,45.460022,0.834719405657248,0.0,-3.4427748,3.6773632,-0.747911631366192,0.0,3.4427748,-2.616845,0.476755797035074,0.0,923.8606,601.2982,0.6095817852616399,0.0,270.0,250.0
94.0,99.0,38083,144223,-1185.6559,45.460022,-0.9069189583686698,0.0,5.8979616,3.6773632,0.1218992559511356,0.0,1.126709,-2.616845,0.10236429172451755,0.0,963.1253,601.2982,0.6618558789339242,0.0,270.0,250.0
94.0,105.0,5981,144223,52.3631,45.460022,-0.03558671876592845,2.8294203e-06,1.7043648,3.6773632,-0.11197402212599983,0.0,4.2029777,-2.616845,0.5417179814782338,0.0,928.2128,601.2982,0.6158220700138775,0.0,270.0,250.0
99.0,20.0,25066,2582794,566.0333,-36.974243,0.6983396397161556,0.0,8.186087,-1.0080373,0.6741865259817652,0.0,8.144386,0.09231684,0.5289154305664654,0.0,920.70447,780.89246,0.3139812837353795,0.0,270.0,250.0
99.0,21.0,51891,2582794,776.4103,-36.974243,0.7229636667773198,0.0,7.6869316,-1.0080373,0.5656743698218938,0.0,6.105715,0.09231684,0.3270120895391999,0.0,904.5665,780.89246,0.17811686315011865,0.0,270.0,250.0
99.0,56.0,1277,2582794,385.29575,-36.974243,0.6154303520425761,0.0,7.3232193,-1.0080373,0.573691963250843,0.0,7.3232193,0.09231684,0.23059358064293978,0.0,877.461,780.89246,0.039831271964684944,0.01371095,270.0,250.0
99.0,94.0,46906,2582794,2138.3306,-36.974243,0.8086395125756594,0.0,1.2754436,-1.0080373,0.02437711301359724,1.2748537e-19,-0.4798845,0.09231684,-0.023400434371593892,3.3362124e-18,700.1998,780.89246,-0.0590134705262354,0.0,270.0,250.0
99.0,98.0,143,2582794,375.0937,-36.974243,0.6058647871502478,4.0501355e-36,2.170356,-1.0080373,0.3392028303322041,2.1333334e-12,-2.170356,0.09231684,-0.3366451892118283,3.1134216e-12,847.6893,780.89246,0.09569352311591928,0.04748163,270.0,250.0
99.0,105.0,13158,2582794,1903.0013,-36.974243,0.7980006767605625,0.0,3.482037,-1.0080373,0.17989238512410077,0.0,7.304497,0.09231684,0.38404603565968753,0.0,905.40515,780.89246,0.20343787787138945,0.0,270.0,250.0
99.0,106.0,2876,2582794,57.6262,-36.974243,0.18287137793612107,0.0,2.320778,-1.0080373,0.34768013982847656,0.0,-2.320778,0.09231684,-0.37711271377067856,0.0,873.21857,780.89246,0.13913603172675693,3.62157e-38,270.0,250.0
105.0,20.0,22749,214462,35.603333,45.460022,-0.12703979325482928,0.0,5.0996833,6.16536,0.030481590917451618,3.6879737e-14,-4.9133234,-3.6138911,-0.2522220825415863,0.0,816.4057,912.0087,-0.4076668468016822,0.0,270.0,250.0
105.0,21.0,39899,214462,32.364716,45.460022,-0.1266910043531878,0.0,7.7616715,6.16536,0.419521434098554,0.0,-7.3678937,-3.6138911,-0.3442730726962556,0.0,911.90546,912.0087,-0.04433771486972582,6e-45,270.0,250.0
105.0,56.0,11128,214462,-29.88002,45.460022,-0.3304077002348398,0.0,1.4752264,6.16536,-0.5473961523071851,0.0,-1.4167871,-3.6138911,0.17312780734840794,0.0,749.17615,912.0087,-0.822411606775193,0.0,270.0,250.0
105.0,94.0,694,214462,-854.08093,45.460022,-0.5213835736724699,0.0,7.9100733,6.16536,0.30944391591564413,3e-45,-7.671821,-3.6138911,-0.12140396650211671,3.191719e-08,894.8166,912.0087,0.07441885205837906,0.0006985158,270.0,250.0
105.0,98.0,8190,214462,-133.77654,45.460022,-0.5358819090696999,0.0,3.6673007,6.16536,-0.4443257198929532,0.0,-3.6673007,-3.6138911,0.03831942289664414,3.7470955e-09,856.90454,912.0087,-0.5617555740952893,0.0,270.0,250.0
105.0,99.0,22293,214462,-746.9202,45.460022,-0.8860648273657071,0.0,6.6783485,6.16536,0.09951386071199875,0.0,-6.0206466,-3.6138911,-0.1383420202938298,0.0,882.2116,912.0087,-0.30040206560359306,0.0,270.0,250.0
105.0,106.0,2034,214462,-265.0161,45.460022,-0.7732160369612366,0.0,3.0341902,6.16536,-0.501430498692633,0.0,-3.0341902,-3.6138911,0.09422319106399524,2.3784547e-13,867.78253,912.0087,-0.5280100779864626,0.0,270.0,250.0
20.0,21.0,100505,92015,-101.25183,-101.25183,-0.0674620865547314,0.0,6.316413,6.247752,0.16515144561371375,0.0,6.246339,0.4098233,0.25818775700021845,0.0,706.6255,701.3188,0.12129605601477245,0.0,290.0,270.0
20.0,56.0,8523,92015,32.42109,-101.25183,0.24359269915596204,0.0,-0.19067363,6.247752,-0.7768908227771938,0.0,0.30803993,0.4098233,-0.04971462798028081,2.8476943e-14,653.6993,701.3188,-0.4170323007125418,0.0,290.0,270.0
20.0,94.0,14690,92015,-101.25183,-101.25183,0.07810903281929304,0.0,10.599722,6.247752,0.6693935560496083,0.0,-5.402687,0.4098233,-0.2382545288236405,0.0,1190.2957,701.3188,0.7538038012640893,0.0,290.0,270.0
20.0,99.0,31649,92015,-1230.8098,-101.25183,-0.8037662488923449,0.0,5.68827,6.247752,-0.025987436190194946,4.938435e-12,0.6068124,0.4098233,-0.04397274300851861,1.4728713e-31,720.52637,701.3188,0.08559672269329632,0.0,290.0,270.0
20.0,105.0,10915,92015,-101.25183,-101.25183,0.08810476911179,0.0,2.775081,6.247752,-0.2716630563903807,0.0,2.775081,0.4098233,0.2811419108532789,0.0,565.4942,701.3188,-0.21684369760960076,0.0,290.0,270.0
21.0,20.0,59997,374074,-101.25183,-101.25183,0.0036058648636758672,0.15383297,6.1799893,5.735948,0.16113369581858095,0.0,-1.9960997,-3.9554338,0.20186173772582583,0.0,724.2498,674.5177,0.2626846314487006,0.0,290.0,270.0
21.0,56.0,6501,374074,-100.25925,-101.25183,0.16768277532643783,0.0,5.3887196,5.735948,-0.4412983522224483,0.0,5.3887196,-3.9554338,0.5506647255904691,0.0,679.1032,674.5177,0.35968010361788516,0.0,290.0,270.0
21.0,94.0,71870,374074,-101.25183,-101.25183,-0.15742061272848096,0.0,5.4174504,5.735948,0.11622907163892826,0.0,-3.0456605,-3.9554338,0.2181432042906184,0.0,672.5729,674.5177,0.12377065239740292,0.0,290.0,270.0
21.0,99.0,57399,374074,-600.0596,-101.25183,-0.7677540044020917,0.0,6.567295,5.735948,0.12141452969416489,0.0,2.4375052,-3.9554338,0.36159499964445985,0.0,775.41156,674.5177,0.4391323759677024,0.0,290.0,270.0
21.0,105.0,8977,374074,38.723877,-101.25183,0.3139679932763415,0.0,3.5914557,5.735948,-0.30609362000585494,0.0,3.5914557,-3.9554338,0.5758532553585163,0.0,594.8142,674.5177,-0.06516913909856237,4.165805e-26,290.0,270.0
56.0,20.0,6710,309,-180.50836,284.64066,-0.6425110567717602,0.0,6.8306193,-0.2991695,0.9953303527074018,0.0,2.0822048,0.2991695,0.20188097752955314,1.862113e-09,771.5404,550.5601,0.9964840189255277,0.0,290.0,270.0
56.0,21.0,3107,309,-738.984,284.64066,-0.7329154440906482,0.0,5.5584493,-0.2991695,0.9498845388271395,0.0,-1.0431355,0.2991695,-0.17752064187454364,2.551511e-07,677.91943,550.5601,0.9902839709477398,0.0,290.0,270.0
56.0,94.0,3167,309,-679.5455,284.64066,-0.691727901917325,0.0,5.406063,-0.2991695,0.7786007195972218,0.0,-5.406063,0.2991695,-0.39164094121926873,5.250082e-30,785.8384,550.5601,0.9938974231634279,0.0,290.0,270.0
56.0,99.0,5944,309,-2086.8994,284.64066,-0.9996036360943782,0.0,6.7118692,-0.2991695,0.687396281148323,0.0,4.851509,0.2991695,0.32880454903805534,1.6766804e-22,794.4083,550.5601,0.997364833374712,0.0,290.0,270.0
56.0,105.0,1595,309,-101.25183,284.64066,-0.8172606547564699,0.0,9.130562,-0.2991695,0.9969118706313216,0.0,9.130562,0.2991695,0.9352872548721227,0.0,1020.2044,550.5601,0.5515192095038095,0.0,290.0,270.0
94.0,20.0,1236,129519,-458.63458,-101.25183,-0.23272378025230567,3e-45,-0.5044504,4.8300104,-0.8894941530113998,0.0,-0.5044504,3.096724,-0.0998905559732074,1.4144385e-09,326.83145,643.6909,-0.7549423406809327,0.0,290.0,270.0
94.0,21.0,62480,129519,-101.25183,-101.25183,0.022095390416223326,3.5328298e-15,5.7383213,4.8300104,0.23389006538315682,0.0,5.4743967,3.096724,0.39740584472110485,0.0,753.81934,643.6909,0.21341683078963136,0.0,290.0,270.0
94.0,99.0,52926,129519,-856.89734,-101.25183,-0.7255562423641861,0.0,4.3749866,4.8300104,-0.16550923536219875,0.0,1.9981182,3.096724,0.051501305544866094,0.0,740.7166,643.6909,0.32349005777847006,0.0,290.0,270.0
94.0,105.0,1316,129519,432.37366,-101.25183,0.48070060533302184,0.0,-0.62199557,4.8300104,-0.7024711094364557,0.0,-0.62199557,3.096724,0.01372397839272077,0.39090866,325.10693,643.6909,-0.6506767816229847,0.0,290.0,270.0
99.0,20.0,27097,2494507,1244.171,-169.56592,0.8361364386819317,0.0,4.543985,3.1683722,0.10116494848113367,0.0,-1.0145038,2.5847988,-0.22037609978594264,0.0,698.1816,1166.4042,-0.524987337495508,0.0,290.0,270.0
99.0,21.0,49405,2494507,3404.5583,-169.56592,0.8618070376746716,0.0,2.43724,3.1683722,0.0409478969046877,0.0,2.3288615,2.5847988,0.15287982982096326,0.0,773.19543,1166.4042,-0.2497687826909154,0.0,290.0,270.0
99.0,56.0,2368,2494507,1629.864,-169.56592,0.8997613192530953,0.0,1.2805479,3.1683722,-0.3352995741093683,0.0,0.27047497,2.5847988,-0.36909354937371097,0.0,694.7468,1166.4042,-0.4513224857995827,0.0,290.0,270.0
99.0,94.0,23592,2494507,3558.2827,-169.56592,0.8614496840107135,0.0,1.8551817,3.1683722,-0.11582272232503144,0.0,2.904334,2.5847988,0.13246768561837263,0.0,778.30493,1166.4042,-0.2870832342330877,0.0,290.0,270.0
99.0,105.0,30497,2494507,1461.706,-169.56592,0.8663266731741877,0.0,1.1288574,3.1683722,-0.17981964420859808,0.0,-1.7671431,2.5847988,-0.43685389719686984,0.0,661.20496,1166.4042,-0.706661162025148,0.0,290.0,270.0
105.0,20.0,19254,278038,-21.705547,-101.25183,0.34275290272360803,0.0,6.736912,3.6973896,0.3537699918241677,0.0,-6.736912,-2.2240527,-0.47615463245063494,0.0,793.0109,767.7167,0.28604126384225625,0.0,290.0,270.0
105.0,21.0,26639,278038,-101.251816,-101.25183,0.16709858012514167,0.0,5.5560694,3.6973896,0.18238239136972867,0.0,-4.914632,-2.2240527,-0.10453812943337804,0.0,690.5947,767.7167,-0.37586028009508765,0.0,290.0,270.0
105.0,56.0,4578,278038,-278.19348,-101.25183,-0.0947311203687452,2.962617e-28,-1.6445966,3.6973896,-0.5634083387798955,0.0,1.6445966,-2.2240527,0.3775249953968942,0.0,738.2126,767.7167,-0.35003801099680276,0.0,290.0,270.0
105.0,94.0,9167,278038,-101.09979,-101.25183,0.09466586847072733,0.0,-6.6413674,3.6973896,-0.9703219309631266,0.0,6.6413674,-2.2240527,0.856200271092967,0.0,786.20245,767.7167,0.39209103488049624,0.0,290.0,270.0
105.0,99.0,20165,278038,-634.03296,-101.25183,-0.7343176296328565,0.0,4.010167,3.6973896,-0.08627172705819208,0.0,-3.9025269,-2.2240527,-0.057165596725966994,5.516e-42,753.8908,767.7167,-0.010207996068202219,0.015335998,290.0,270.0
20.0,21.0,52854,102532,-5.5102844,-4.9607925,-0.02931733228765787,2.4338996e-21,2.0268931,2.4319825,-0.13451755432938983,0.0,-1.5187247,1.6979259,-0.22429074104542546,0.0,275.43616,486.43097,-0.19434408700710015,0.0,300.0,290.0
20.0,56.0,9976,102532,187.37598,-4.9607925,0.23854639168960445,0.0,10.358517,2.4319825,0.4086317578448566,0.0,-8.090887,1.6979259,-0.7119068090886626,0.0,1182.6306,486.43097,0.4667421782629029,0.0,300.0,290.0
20.0,94.0,2660,102532,-45.57733,-4.9607925,-0.03522453947258419,0.0018897789,-1.9128108,2.4319825,-0.6981400525168889,0.0,-0.9498451,1.6979259,-0.019931312843025184,0.078778766,1229.0192,486.43097,0.6423309106652637,0.0,300.0,290.0
20.0,99.0,23503,102532,-1798.4265,-4.9607925,-0.8829284070956118,0.0,2.474287,2.4319825,-0.03757713105230742,2.2629878e-19,-1.8793992,1.6979259,-0.3530220019922271,0.0,482.74506,486.43097,0.03920650127579628,6.003919e-21,300.0,290.0
20.0,105.0,4340,102532,-5.5102844,-4.9607925,0.05576733288256541,4.5234916e-10,3.6916413,2.4319825,0.27628487030956816,0.0,3.7423637,1.6979259,0.354260079487829,0.0,712.64166,486.43097,0.3594874595517983,0.0,300.0,290.0
21.0,20.0,74580,369208,13.603081,-5.5102844,0.15819069654285078,0.0,1.6951224,0.7365123,0.2297553193436246,0.0,1.1319498,0.40896624,0.2108846840523655,0.0,267.55768,160.26938,0.37188291862292444,0.0,300.0,290.0
21.0,56.0,4098,369208,249.33838,-5.5102844,0.35677456586559453,0.0,11.254133,0.7365123,0.7144672684089961,0.0,-10.640377,0.40896624,-0.5462719593021397,0.0,1279.8655,160.26938,0.6866860692052748,0.0,300.0,290.0
21.0,94.0,55562,369208,-5.5102844,-5.5102844,0.016395004162052862,4.0686782e-10,1.2327297,0.7365123,-0.05716010277621775,0.0,1.2117679,0.40896624,0.08962544389075267,0.0,265.46338,160.26938,0.3622299500642814,0.0,300.0,290.0
21.0,99.0,73249,369208,-1265.7307,-5.5102844,-0.9197067329763069,0.0,1.6066656,0.7365123,0.1872663797435652,0.0,-0.69731575,0.40896624,-0.23308840952294319,0.0,299.71368,160.26938,0.5312589692428067,0.0,300.0,290.0
21.0,105.0,3750,369208,132.69801,-5.5102844,0.2639240074249023,0.0,3.6682181,0.7365123,0.5338649209479029,0.0,3.7945652,0.40896624,0.8488506424562847,0.0,508.24612,160.26938,0.7315829971181556,0.0,300.0,290.0
56.0,20.0,7502,1041,-36.269516,291.42883,-0.6456027992279229,0.0,3.1263752,5.0287166,-0.3584898653986859,0.0,-2.4931886,5.0287166,-0.6701129458657327,0.0,516.7289,913.1352,-0.3632815431094776,0.0,300.0,290.0
56.0,21.0,3183,1041,-29.242462,291.42883,-0.2276904532755818,2.333602e-28,5.1468253,5.0287166,0.032877290287650185,0.11077601,-3.7046354,5.0287166,-0.58331771542081,0.0,2053.5132,913.1352,0.8452513850145904,0.0,300.0,290.0
56.0,94.0,2024,1041,-66.94113,291.42883,-0.30191401548374364,8.97e-43,-1.4261386,5.0287166,-0.9862390981611631,0.0,-1.4261386,5.0287166,-0.9862390981611631,0.0,1453.4562,913.1352,0.8685770750988142,0.0,300.0,290.0
56.0,99.0,4774,1041,-2897.0215,291.42883,-0.975624852356283,0.0,-1.3497386,5.0287166,-0.8485862623633378,0.0,-1.9857299,5.0287166,-0.9629787026830813,0.0,479.7433,913.1352,-0.6041055718475073,0.0,300.0,290.0
56.0,105.0,775,1041,-5.510315,291.42883,-0.4208224102135044,0.0,5.1970162,5.0287166,0.15700412134733965,1.0033383e-08,5.1970162,5.0287166,0.09593628954789124,0.00046289104,878.9343,913.1352,-0.5704180223730284,0.0,300.0,290.0
94.0,20.0,5505,147126,475.08374,-5.5102844,0.45439486439687893,0.0,-0.25557104,0.106833175,0.009186019266907541,0.24645194,-0.24484587,0.4754815,-0.17271116098217199,0.0,129.66443,196.22525,-0.21090267052295708,0.0,300.0,290.0
94.0,21.0,94028,147126,-5.5102844,-5.5102844,-0.054158384578907204,0.0,-0.12733024,0.106833175,-0.09321891845311503,0.0,0.3398951,0.4754815,-0.06684260328780012,0.0,130.13995,196.22525,-0.3808583725362559,0.0,300.0,290.0
94.0,99.0,19340,147126,-731.6676,-5.5102844,-0.9327164690569555,0.0,1.9932861,0.106833175,0.5151914184917805,0.0,0.7684554,0.4754815,0.08679587100496677,0.0,619.05115,196.22525,0.6473595935420133,0.0,300.0,290.0
94.0,105.0,33,147126,1670.696,-5.5102844,0.8678811276584615,4.286378e-18,-6.568099,0.106833175,-0.8805410658108346,1.9480281e-18,6.568099,0.4754815,0.8060203190091857,1.0672041e-15,1445.9264,196.22525,0.8613297445726793,1.0426896e-17,300.0,290.0
99.0,20.0,17141,2711105,1719.0204,-125.458496,0.8856228881437707,0.0,2.4807405,1.2747011,0.2083386976039352,0.0,-0.10961862,0.6376873,-0.07546570400819663,0.0,527.55286,832.3323,-0.24403562950592506,0.0,300.0,290.0
99.0,21.0,34019,2711105,3324.5317,-125.458496,0.8909960851117553,0.0,1.1456679,1.2747011,-0.14948828415353554,0.0,2.0207555,0.6376873,0.23066365068901984,0.0,691.69507,832.3323,-0.1612956410224502,0.0,300.0,290.0
99.0,56.0,1167,2711105,3923.6301,-125.458496,0.9394422979653552,0.0,-0.0117045315,1.2747011,-0.009049410279840409,0.5924242,-0.7940798,0.6376873,-0.34784796253604855,0.0,733.4309,832.3323,0.12785382016019242,3.926986e-14,300.0,290.0
99.0,94.0,45112,2711105,1440.2461,-125.458496,0.8710897719674553,0.0,0.34053236,1.2747011,-0.20710912054847963,0.0,-0.16332927,0.6376873,-0.1846434122294245,0.0,279.50018,832.3323,-0.4449883902036845,0.0,300.0,290.0
99.0,105.0,16901,2711105,4303.624,-125.458496,0.908410461182543,0.0,-3.1870031,1.2747011,-0.2793124974182548,0.0,4.9015374,0.6376873,0.44804787211916786,0.0,790.9547,832.3323,-0.005055442199830007,0.2564539,300.0,290.0
105.0,20.0,57159,353937,-5.5102844,-4.080597,-0.08501682476126171,0.0,0.20944127,1.5644162,-0.17068112146976633,0.0,-0.13157573,-0.89551806,0.0671861367097637,0.0,181.61736,430.14902,-0.49582953189321577,0.0,300.0,290.0
105.0,21.0,37230,353937,-5.5102844,-4.080597,-0.016798876854798972,9.194455e-08,0.8326924,1.5644162,-0.10377654402441416,0.0,-0.74620247,-0.89551806,0.0006307899369994985,0.841052,133.95593,430.14902,-0.5283387102134554,0.0,300.0,290.0
105.0,56.0,4492,353937,43.767586,-4.080597,0.1341361692596983,0.0,1.9577589,1.5644162,-0.043732874280258294,4.5384817e-07,-1.9395096,-0.89551806,-0.1055235262788855,4.339317e-34,308.6222,430.14902,-0.2827949460928433,0.0,300.0,290.0
105.0,94.0,2717,353937,41.37973,-4.080597,0.019329152282786755,0.08210237,-1.5510632,1.5644162,-0.6006663460853569,0.0,-1.5576347,-0.89551806,-0.13893570796561117,7.886119e-36,282.402,430.14902,-0.6215290717711086,0.0,300.0,290.0
105.0,99.0,50086,353937,-727.74994,-4.080597,-0.9055497945861781,0.0,0.7778077,1.5644162,-0.14148273163142888,0.0,-1.3065414,-0.89551806,-0.10439953540775504,0.0,308.13922,430.14902,-0.37720628076138574,0.0,300.0,290.0
20.0,21.0,114199,61015,-2.0663605,-2.0663757,0.058599923029220236,0.0,4.822218,2.649814,0.16258242259432842,0.0,-0.23978835,0.07278355,-0.0805479188146101,0.0,554.1101,764.38403,-0.24690699568584473,0.0,315.0,300.0
20.0,56.0,3935,61015,-56.58249,-2.0663757,-0.0729698833613206,1.5131547e-14,3.0783627,2.649814,-0.25846304171876,0.0,4.0244927,0.07278355,0.35976180998256835,0.0,1036.5046,764.38403,0.40840045061512886,0.0,315.0,300.0
20.0,94.0,34539,61015,-41.441376,-2.0663757,-0.13337814785864144,0.0,4.330075,2.649814,0.08374633392833042,0.0,4.264341,0.07278355,0.23164168702454102,0.0,508.65714,764.38403,-0.5120957776213304,0.0,315.0,300.0
20.0,99.0,23372,61015,-582.6505,-2.0663757,-0.670523591238068,0.0,4.1814284,2.649814,-0.14047623248388563,0.0,3.4396086,0.07278355,0.19279672069819953,0.0,547.41785,764.38403,-0.11268570395703048,0.0,315.0,300.0
20.0,105.0,10451,61015,-2.0663757,-2.0663757,-0.0037448842972327423,0.53992987,-1.1298211,2.649814,-0.36488486445602275,0.0,1.1298211,0.07278355,0.23628055120521885,0.0,1772.2351,764.38403,0.6175932744538215,0.0,315.0,300.0
21.0,20.0,72405,256691,-2.0663605,-2.0663605,-0.0013190391732779139,0.5869834,0.10515334,4.9996867,-0.4164335514497839,0.0,3.73445,-3.4907959,0.3336177691968205,0.0,899.35565,709.0458,0.09675921073295912,0.0,315.0,300.0
21.0,56.0,6379,256691,240.24268,-2.0663605,0.36744437007846753,0.0,-7.913776,4.9996867,-0.8030973061133537,0.0,7.913776,-3.4907959,0.6998657353008226,0.0,1710.6664,709.0458,0.476214912045114,0.0,315.0,300.0
21.0,94.0,149949,256691,-2.0663757,-2.0663605,-0.003953041262733659,0.034846023,4.4811625,4.9996867,-0.1713039206649154,0.0,3.0914562,-3.4907959,0.0400405254350753,0.0,522.13135,709.0458,-0.2719193850505671,0.0,315.0,300.0
21.0,99.0,39070,256691,-775.3786,-2.0663605,-0.814460589976922,0.0,4.3673286,4.9996867,-0.4444467221689753,0.0,4.3466682,-3.4907959,0.3645747069307044,0.0,589.85175,709.0458,-0.14297863080309736,0.0,315.0,300.0
21.0,105.0,15035,256691,-2.0663757,-2.0663605,0.061850809957223474,2.3001765e-37,-6.958982,4.9996867,-0.890491896498347,0.0,6.958982,-3.4907959,0.6733315308964456,0.0,1758.619,709.0458,0.4966768763630285,0.0,315.0,300.0
21.0,106.0,19,256691,-894.80865,-2.0663605,-0.8398114956565635,2.2415113e-10,-13.57392,4.9996867,-0.9704703320334566,2.3605906e-13,13.57392,-3.4907959,0.9704703320334567,2.3605906e-13,1783.5361,709.0458,0.9303229420423369,2.1636417e-12,315.0,300.0
56.0,20.0,5818,4467,-34.971348,-17.653656,-0.1656127979654166,0.0,0.28870687,0.5145776,-0.1689782979772293,0.0,1.0694883,0.74699765,-0.1409553716675428,1.2810304e-34,580.6301,1033.2993,-0.05128991851400555,7.990587e-06,315.0,300.0
56.0,21.0,2209,4467,-103.72478,-17.653656,-0.20802671124892236,1.23e-43,3.257786,0.5145776,0.11939515604752238,1.8664968e-15,3.251059,0.74699765,0.09963899034041002,3.2572323e-11,614.38385,1033.2993,-0.05101775983488599,0.0006812746,315.0,300.0
56.0,94.0,156,4467,469.51074,-17.653656,0.5475194158874481,2.5180923e-31,5.28156,0.5145776,1.0,0.0,5.28156,0.74699765,1.0,0.0,611.13324,1033.2993,-0.17662860980523842,0.00017292572,315.0,300.0
56.0,99.0,536,4467,-429.0431,-17.653656,-0.588486379385811,0.0,3.5636988,0.5145776,0.3218494498628417,3.3477315e-34,3.5636988,0.74699765,0.30384427760458954,1.1506586e-30,1032.0172,1033.2993,0.07465067209286014,0.0046797674,315.0,300.0
56.0,105.0,2135,4467,-757.3926,-17.653656,-0.5994685985019469,0.0,0.4728223,0.5145776,-0.36486962156517033,0.0,0.56118953,0.74699765,-0.031235985569953773,0.039769948,202.03674,1033.2993,0.14112568410865212,1.5469395e-20,315.0,300.0
94.0,20.0,4451,51247,3.5222168,-2.0663757,0.06652354050922593,9.0135114e-14,-2.0438673,7.4517026,-0.7927291463679478,0.0,1.4770006,-7.486558,0.7739640146264191,0.0,355.9086,901.4833,-0.5028968581760075,0.0,315.0,300.0
94.0,21.0,20042,51247,-2.0663757,-2.0663757,0.01719922029135823,0.0003170429,4.997134,7.4517026,-0.4665241366109101,0.0,4.9354258,-7.486558,0.7458727524346316,0.0,694.7573,901.4833,-0.30984491274199644,0.0,315.0,300.0
94.0,56.0,1173,51247,-2.0663757,-2.0663757,-0.030976050647241404,0.065306865,-1.3950144,7.4517026,-0.7822084975643512,0.0,1.2745738,-7.486558,0.7340891066819106,0.0,212.42413,901.4833,-0.9959220285633005,0.0,315.0,300.0
94.0,99.0,11309,51247,-1628.7584,-2.0663757,-0.8894929595511258,0.0,4.1293125,7.4517026,-0.5122758588269863,0.0,2.4705167,-7.486558,0.7206797892517463,0.0,758.2614,901.4833,-0.14489746079406185,0.0,315.0,300.0
94.0,105.0,96,51247,-19.993347,-2.0663757,-0.07279531809992135,0.21080597,1.9710147,7.4517026,-0.7563491521454915,1.2105011e-37,1.9710147,-7.486558,0.7404791174767953,3.756971e-36,518.5282,901.4833,-0.8140370818454413,2.5e-43,315.0,300.0
99.0,20.0,32318,2515766,3741.7676,-172.39307,0.9199596484951327,0.0,4.4955153,1.3344207,0.12810401018485562,0.0,1.2761153,1.1161065,0.03692101286232763,3.2055024e-30,673.9889,982.3557,-0.24747008815914717,0.0,315.0,300.0
99.0,21.0,81925,2515766,2722.197,-172.39307,0.8999310056521863,0.0,3.0662584,1.3344207,0.12243723548915186,0.0,2.6476212,1.1161065,0.17963082564058208,0.0,655.69745,982.3557,-0.31944072004645574,0.0,315.0,300.0
99.0,56.0,2612,2515766,5195.1167,-172.39307,0.9467391208554043,0.0,1.3535085,1.3344207,-0.16484147907157443,0.0,0.72405946,1.1161065,0.17786637196513166,0.0,738.29443,982.3557,0.0868914709659383,1.4974689e-14,315.0,300.0
99.0,94.0,21561,2515766,3184.856,-172.39307,0.8372626646178518,0.0,0.92143524,1.3344207,-0.16124725169824605,0.0,3.694847,1.1161065,0.3273744970003394,0.0,621.15424,982.3557,-0.19163769596736413,0.0,315.0,300.0
99.0,105.0,22429,2515766,3900.7268,-172.39307,0.9199442859419651,0.0,1.6854318,1.3344207,0.06944121772982403,0.0,5.605553,1.1161065,0.32296442194717545,0.0,1047.2278,982.3557,0.15779149587236363,0.0,315.0,300.0
99.0,106.0,1526,2515766,-709.8115,-172.39307,-0.5864993469144248,0.0,-13.835245,1.3344207,-0.8780167397149682,0.0,13.835245,1.1161065,0.8796053873844742,0.0,1774.4912,982.3557,0.774552581260777,0.0,315.0,300.0
105.0,20.0,22356,336521,-2.0663605,-2.0663757,0.049083703924235556,5.97256e-35,13.3440075,0.06536793,0.508621610582551,0.0,-13.3440075,-0.56798226,-0.5285927261069914,0.0,1793.4691,1667.8462,0.2778827270464719,0.0,315.0,300.0
105.0,21.0,71401,336521,-2.0663757,-2.0663757,-0.015764500256925773,3.0668985e-11,13.525859,0.06536793,0.6911147889106275,0.0,-13.525859,-0.56798226,-0.6942228165933022,0.0,1537.0427,1667.8462,-0.24061824731882264,0.0,315.0,300.0
105.0,56.0,920,336521,-2.6748047,-2.0663757,-0.10779674516080984,1.46582835e-08,-10.130655,0.06536793,-0.27499183137740746,0.0,10.130655,-0.56798226,0.32706133527683456,0.0,1796.4902,1667.8462,-0.02228555282356559,0.2423262,315.0,300.0
105.0,94.0,389,336521,-106.41168,-2.0663757,-0.17231503308666418,3.778113e-09,2.552429,0.06536793,0.08608521694185045,0.0032917848,2.5551796,-0.56798226,0.15848107784332965,6.2744995e-08,992.4545,1667.8462,-0.768128925501878,0.0,315.0,300.0
105.0,98.0,517,336521,-696.3894,-2.0663757,-0.6398867552228599,0.0,-13.723279,0.06536793,-0.8772209771878029,0.0,13.723279,-0.56798226,0.877220977187803,0.0,1765.1923,1667.8462,0.32632971129199784,9.553223e-38,315.0,300.0
105.0,99.0,10834,336521,-963.15045,-2.0663757,-0.8917682048914395,0.0,-0.9434972,0.06536793,-0.27202820403193506,0.0,3.560586,-0.56798226,0.37208501644829206,0.0,1584.7987,1667.8462,-0.07996372959707898,0.0,315.0,300.0
105.0,106.0,218,336521,-935.1791,-2.0663757,-0.952141896402501,0.0,-13.737221,0.06536793,-0.8778422814187558,0.0,13.737221,-0.56798226,0.8778422814187556,0.0,1770.3411,1667.8462,0.3536675424293627,1.5446892e-19,315.0,300.0
20.0,21.0,130469,90865,-28.929108,-28.929108,-0.005495842176769905,0.027392609,7.013615,6.095206,0.18317472569954818,0.0,5.8433676,0.5294089,0.14137514009058827,0.0,1093.7603,1033.1506,0.19250096816313,0.0,331.0,315.0
20.0,56.0,3565,90865,-30.63034,-28.929108,-0.016914398153511145,0.08550275,-0.13325432,6.095206,-0.15951643503620994,0.0,-0.029931815,0.5294089,0.15880522165452216,0.0,1197.6835,1033.1506,0.35376329834135056,0.0,331.0,315.0
20.0,94.0,8897,90865,-28.929108,-28.929108,0.06629609549684079,3.8423327e-25,-8.52305,6.095206,-0.4492203104253568,0.0,-7.7952013,0.5294089,-0.28573496664484055,0.0,961.322,1033.1506,0.11404417699850922,0.0,331.0,315.0
20.0,98.0,1513,90865,-66.871704,-28.929108,-0.026805532738897186,0.072621554,-16.467258,6.095206,-0.9861331000657593,0.0,16.467258,0.5294089,0.9861331000657592,0.0,1831.6576,1033.1506,0.9793179229269222,0.0,331.0,315.0
20.0,99.0,16484,90865,-623.2595,-28.929108,-0.6950770088549971,0.0,5.73113,6.095206,0.009659935736145764,0.048116855,1.4039136,0.5294089,-0.005602176167307182,0.25172845,1114.8154,1033.1506,0.19948752674773051,0.0,331.0,315.0
20.0,105.0,26169,90865,-28.929108,-28.929108,-0.014525550987226743,0.00032776868,-20.046127,6.095206,-0.922462895555206,0.0,20.046127,0.5294089,0.9069109308262511,0.0,2638.17,1033.1506,0.7391792623457687,0.0,331.0,315.0
21.0,20.0,79278,165671,-28.929077,-28.929108,-0.004743316516866325,0.057059526,3.876377,8.25508,-0.29704704455084474,0.0,-0.8047966,7.0397005,-0.07389240537837183,0.0,1224.8206,1291.4645,-0.021736026759881066,2.8387654e-18,331.0,315.0
21.0,56.0,3970,165671,-4.004608,-28.929108,0.18987765454908234,0.0,-3.7629352,8.25508,-0.4317560537380791,0.0,4.269925,7.0397005,0.16976944852934306,0.0,1223.4368,1291.4645,0.015991675833139984,0.084586546,331.0,315.0
21.0,94.0,35683,165671,-6.503708,-28.929108,0.1187674451989682,0.0,12.104008,8.25508,0.1472340415398281,0.0,-7.7912617,7.0397005,-0.2738219425428571,0.0,1662.61,1291.4645,0.10012814632128242,0.0,331.0,315.0
21.0,98.0,1354,165671,411.0558,-28.929108,0.47421959792230095,0.0,-15.90634,8.25508,-0.774181508336712,0.0,15.90634,7.0397005,0.7445263929907815,0.0,1778.8186,1291.4645,0.43677917402937383,0.0,331.0,315.0
21.0,99.0,55938,165671,-1423.2104,-28.929108,-0.803694217339768,0.0,0.15391138,8.25508,-0.24431844091455945,0.0,7.274172,7.0397005,0.11827622153390704,0.0,1378.2115,1291.4645,0.09555044487274,0.0,331.0,315.0
21.0,105.0,75214,165671,-28.67987,-28.929108,0.028205865897435567,1.0598407e-28,-21.562216,8.25508,-0.8344646340162715,0.0,21.562216,7.0397005,0.8674077365602537,0.0,3202.2324,1291.4645,0.6854454192062021,0.0,331.0,315.0
56.0,20.0,1591,384,-80.654724,-17.454407,-0.31197294678399334,2.0730921e-21,-1.5399944,-1.5812075,0.16785171799706688,3.187932e-07,-5.866698,-1.5812075,-0.5838767546616384,0.0,1254.5889,1234.898,0.3643247171590196,1.3163212e-28,331.0,315.0
56.0,21.0,8947,384,-28.929108,-17.454407,0.10421323721172837,0.00051356584,-7.7952385,-1.5812075,-0.5486755336984463,0.0,-1.9809493,-1.5812075,-0.07045890615103756,0.019201541,1056.9282,1234.898,-0.6434559070079356,0.0,331.0,315.0
56.0,94.0,2735,384,-29.14798,-17.454407,-0.14976195917123702,1.8008908e-06,-8.588411,-1.5812075,-1.0,0.0,-5.6669984,-1.5812075,-0.9992020871419866,0.0,961.24023,1234.898,-1.0,0.0,331.0,315.0
56.0,98.0,401,384,-34.860107,-17.454407,-0.022456878636741506,0.5862587,-16.330954,-1.5812075,-1.0,0.0,16.330954,-1.5812075,1.0,0.0,1816.0068,1234.898,1.0,0.0,331.0,315.0
56.0,99.0,241,384,-1009.0921,-17.454407,-0.7621023513139695,0.0,6.3329477,-1.5812075,0.6846473029045643,0.0,-6.3329477,-1.5812075,-0.6846473029045643,0.0,1572.0505,1234.898,0.6846473029045643,0.0,331.0,315.0
56.0,105.0,546,384,-458.53894,-17.454407,-0.6154800061050061,0.0,-10.473791,-1.5812075,-0.8681700244200244,0.0,10.473791,-1.5812075,0.9669948107448108,0.0,1233.0093,1234.898,0.0025564713064714084,0.94711906,331.0,315.0
94.0,20.0,8308,7438,-19.038681,170.41048,-0.1574528216760398,0.0,10.694914,-5.661952,0.32258789495004314,0.0,-9.864617,-4.864765,-0.35437967506187884,0.0,1416.675,1229.9509,0.2792360353857011,0.0,331.0,315.0
94.0,21.0,45325,7438,-23.984207,170.41048,-0.04893888911712441,1.2205738e-11,-4.215333,-5.661952,-0.061558597960088335,1.5579745e-17,6.416804,-4.864765,0.24593527342115662,0.0,2212.6526,1229.9509,0.412559031475791,0.0,331.0,315.0
94.0,56.0,170,7438,-794.771,170.41048,-0.5214526359078184,2.4919815e-31,2.9133973,-5.661952,0.5770811255397561,5.464899e-38,2.9133973,-4.864765,0.3963873906647897,8.711904e-19,759.59326,1229.9509,-0.9786137956123563,0.0,331.0,315.0
94.0,98.0,1197,7438,476.1283,170.41048,0.3162352641485402,0.0,-8.507889,-5.661952,-0.6062646982249026,0.0,8.507889,-4.864765,0.5668718268738082,0.0,1073.4498,1229.9509,-0.6170676759120173,0.0,331.0,315.0
94.0,99.0,20666,7438,-1521.876,170.41048,-0.7623009263428867,0.0,5.684457,-5.661952,0.4492484430861561,0.0,-3.089517,-4.864765,-0.1558689872994281,0.0,1219.0371,1229.9509,-0.24398075804664088,0.0,331.0,315.0
94.0,105.0,2326,7438,-15.477798,170.41048,0.048850780669643434,0.00036878788,-8.528976,-5.661952,-0.6460039276823691,0.0,8.528976,-4.864765,0.7250303858991856,0.0,1067.644,1229.9509,-0.005723091919281331,0.6765044,331.0,315.0
98.0,99.0,296,3423,-283.67737,-20.377357,-0.6901347008708971,0.0,-4.654805,-11.077113,0.9999980260716457,0.0,4.654805,11.077113,-0.9999980260716457,0.0,1264.1515,1654.0924,-0.7798418488602538,0.0,331.0,315.0
98.0,105.0,806,3423,-80.160965,-20.377357,-0.21973744969984832,2.478621e-22,-6.984439,-11.077113,0.8702464499021001,0.0,6.984439,11.077113,-0.8702464499021,0.0,1609.7688,1654.0924,-0.27163894223066987,2.9349998e-33,331.0,315.0
98.0,106.0,647,3423,-2219.3843,-20.377357,-0.9587507185007683,0.0,-11.741125,-11.077113,-0.08489890869159034,0.00060408516,11.741125,11.077113,0.08489890869159034,0.00060408516,1535.8434,1654.0924,-0.6407726440060668,0.0,331.0,315.0
99.0,20.0,34920,2266230,4040.5146,-279.84985,0.8880203719911091,0.0,7.8392406,-5.177227,0.17278531306306477,0.0,-4.052297,0.12414388,0.02453513727495471,3.2555553e-15,1415.6423,1447.3357,0.1241515121780663,0.0,331.0,315.0
99.0,21.0,69646,2266230,4504.9453,-279.84985,0.9172730184804436,0.0,3.3543522,-5.177227,0.17639505194298088,0.0,-3.4622383,0.12414388,-0.006079226637106916,0.006198868,1379.4182,1447.3357,-0.01955448574840224,1.3194371e-18,331.0,315.0
99.0,56.0,5044,2266230,4267.1973,-279.84985,0.9727647082729911,0.0,8.455345,-5.177227,0.37451290270433213,0.0,8.518873,0.12414388,0.3715005321924867,0.0,1290.9779,1447.3357,-0.3040028552976973,0.0,331.0,315.0
99.0,94.0,12236,2266230,4506.4766,-279.84985,0.9147796005949498,0.0,-5.3115416,-5.177227,-0.06400730288756362,2.1391772e-34,8.177217,0.12414388,0.39267797958967887,0.0,1475.325,1447.3357,0.1452193080870865,0.0,331.0,315.0
99.0,98.0,1812,2266230,820.80725,-279.84985,0.774256230156688,0.0,-16.739328,-5.177227,-0.46078158473439457,0.0,16.739328,0.12414388,0.8146311328246825,0.0,1952.5483,1447.3357,0.33331091130830326,0.0,331.0,315.0
99.0,105.0,16546,2266230,4115.627,-279.84985,0.9136371221956012,0.0,-18.523434,-5.177227,-0.3115099852898848,0.0,18.523434,0.12414388,0.759989394768674,0.0,2516.7654,1447.3357,0.33415216550531923,0.0,331.0,315.0
99.0,106.0,13326,2266230,-2.8693094,-279.84985,0.2921073836211643,0.0,-11.185708,-5.177227,-0.34446666496983314,0.0,11.185708,0.12414388,0.6605147312892863,0.0,3328.7605,1447.3357,0.6433422790670849,0.0,331.0,315.0
105.0,20.0,33070,272006,24.481125,-28.929108,0.40660570006325636,0.0,16.591862,-1.0156603,0.5934867745284287,0.0,-16.591862,-0.36714196,-0.6032153634678201,0.0,3177.518,2497.12,0.17360569504504575,0.0,331.0,315.0
105.0,21.0,103784,272006,7.844017,-28.929108,0.402325912367381,0.0,20.924236,-1.0156603,0.7472401028039792,0.0,-20.924236,-0.36714196,-0.7463052080509451,0.0,2601.6118,2497.12,-0.016155367191794445,1.7288793e-14,331.0,315.0
105.0,56.0,2955,272006,-54.047638,-28.929108,-0.1326982858806004,1.255358e-35,0.07580973,-1.0156603,0.14903366257733963,2.8e-44,0.037370875,-0.36714196,-0.07765661161077453,3.5347563e-13,1161.7953,2497.12,-0.5396009217622887,0.0,331.0,315.0
105.0,94.0,18244,272006,-25.301582,-28.929108,0.2620214575144719,0.0,16.069174,-1.0156603,0.6935941766928697,0.0,-16.069174,-0.36714196,-0.6871954306571739,0.0,1914.0322,2497.12,-0.3245004803915015,0.0,331.0,315.0
105.0,98.0,7598,272006,9.679764,-28.929108,0.29695752911958384,0.0,-12.4609375,-1.0156603,-0.40676184935509907,0.0,12.4609375,-0.36714196,0.3873232355594436,0.0,1559.9471,2497.12,-0.40762135467038696,0.0,331.0,315.0
105.0,99.0,7632,272006,-452.06268,-28.929108,-0.8227594677781109,0.0,-0.15350291,-1.0156603,0.13305311721142044,0.0,-0.017169775,-0.36714196,0.03905911516380267,5.576927e-09,1478.1807,2497.12,0.0014133670338787319,0.8329505,331.0,315.0
105.0,106.0,1048,272006,-367.6729,-28.929108,-0.8519596917007837,0.0,-11.306822,-1.0156603,-0.3629642445022402,0.0,11.306822,-0.36714196,0.33162204184651745,0.0,3246.3882,2497.12,0.5078302781320552,0.0,331.0,315.0
106.0,21.0,79,16661,2736.9038,7.984375,0.9425718668397889,0.0,-3.753531,-8.834868,0.982992192028834,0.0,3.753531,8.834868,-0.9829921920288341,0.0,606.4198,1384.4192,-1.0,0.0,331.0,315.0
106.0,98.0,716,16661,944.6412,7.984375,0.7696782269099987,0.0,-11.161724,-8.834868,-0.29430302392198826,1.09918e-40,11.161724,8.834868,0.29430302392198815,1.09918e-40,1581.4937,1384.4192,0.18286273198809377,1.0555004e-16,331.0,315.0
106.0,99.0,2895,16661,-57.39171,7.984375,-0.024860307426804895,0.032483395,-3.59758,-8.834868,0.9071253967281518,0.0,3.59758,8.834868,-0.9071253967281518,0.0,687.5861,1384.4192,-0.7186012985347661,0.0,331.0,315.0
106.0,105.0,151,16661,2891.4958,7.984375,0.9161216800467125,0.0,-6.0149393,-8.834868,0.6164211063549687,5.548436e-39,6.0149393,8.834868,-0.6164211063549687,5.548436e-39,855.80896,1384.4192,-0.7394987143310845,0.0,331.0,315.0
20.0,21.0,104109,84165,46.837585,46.837585,0.01645991173663308,7.529909e-10,-1.9517242,5.564744,-0.21035613423950084,0.0,10.338959,-0.46566522,0.5653609146239362,0.0,2014.9519,1434.4045,0.5997179816468727,0.0,350.0,331.0
20.0,56.0,4928,84165,46.837585,46.837585,0.146722619780564,0.0,-7.416233,5.564744,-0.5100183617175909,0.0,-7.3432565,-0.46566522,-0.46231218526765216,0.0,1328.2295,1434.4045,-0.2551889151141735,0.0,350.0,331.0
20.0,94.0,26333,84165,46.612244,46.837585,-0.21537472701134808,0.0,-21.503134,5.564744,-0.5874029059503492,0.0,17.935751,-0.46566522,0.6942415747310906,0.0,2473.9968,1434.4045,0.9094729328074509,0.0,350.0,331.0
20.0,99.0,14807,84165,-709.4153,46.837585,-0.7921606734346165,0.0,7.9578753,5.564744,0.004477326680217608,0.38419047,9.997481,-0.46566522,0.29040992078231276,0.0,1724.1787,1434.4045,0.5059881214412425,0.0,350.0,331.0
20.0,105.0,33972,84165,46.837585,46.837585,0.06582039084622848,0.0,-17.766838,5.564744,-0.7450457755513784,0.0,17.766838,-0.46566522,0.8267576681154434,0.0,2425.3242,1434.4045,0.6669904847677404,0.0,350.0,331.0
21.0,20.0,113176,181719,46.837585,46.82512,0.10579788426191072,0.0,12.846924,-6.6172304,0.2392627131031695,0.0,-5.9817743,11.559804,-0.37452417457079024,0.0,1719.7678,1910.1755,-0.3057577900969479,0.0,350.0,331.0
21.0,56.0,5157,181719,46.837585,46.82512,-0.11484454094897834,6e-45,-7.0103765,-6.6172304,0.1160567390461662,0.0,-7.2143936,11.559804,-0.5323677495393109,0.0,1366.1346,1910.1755,-0.5833281987455241,0.0,350.0,331.0
21.0,94.0,14053,181719,-124.95454,46.82512,-0.25559430020531404,0.0,5.598339,-6.6172304,-0.0026825209541188055,0.5956604,6.1118636,11.559804,-0.0358017095094747,1.4182162e-12,1864.2328,1910.1755,-0.03481918460739364,5.661445e-12,350.0,331.0
21.0,98.0,890,181719,39.5281,46.82512,-0.08983531246632115,3.6419308e-06,-9.304941,-6.6172304,-0.08194868221963392,2.398847e-05,9.304941,11.559804,-0.05662119023005696,0.0035162743,1662.6335,1910.1755,-0.48647358426156295,0.0,350.0,331.0
21.0,99.0,33742,181719,-1584.1907,46.82512,-0.82563597886367,0.0,4.9715376,-6.6172304,0.13264687675699194,0.0,-6.93044,11.559804,-0.401773236235225,0.0,1590.4978,1910.1755,-0.45642641609098056,0.0,350.0,331.0
21.0,105.0,61230,181719,46.837585,46.82512,0.11101337706061942,0.0,-17.423203,-6.6172304,-0.3805439684022467,0.0,17.423203,11.559804,0.3812897295919151,0.0,2013.4268,1910.1755,0.19204739402721294,0.0,350.0,331.0
21.0,106.0,20,181719,-194.40819,46.82512,-0.5675999757867918,1.09986395e-05,-8.572752,-6.6172304,-0.06584341758429224,0.61005896,8.572752,11.559804,-0.06860317303088836,0.59516585,1633.7593,1910.1755,-0.5087195064907908,8.138164e-05,350.0,331.0
56.0,20.0,11875,2258,46.526627,44.837555,0.17366802480070853,3.219368e-39,-10.890676,-10.343073,0.03546016502727145,0.007470349,-3.1760683,-1.5999825,-0.042254999766910606,0.0014336241,1629.0404,1491.4629,0.1567376812269825,2.919916e-32,350.0,331.0
56.0,21.0,5006,2258,34.4728,44.837555,-0.007873987884158162,0.5906041,-14.308226,-10.343073,-0.5017376844863224,0.0,7.907339,-1.5999825,0.4524696139654558,0.0,2115.2295,1491.4629,0.6661894123862702,0.0,350.0,331.0
56.0,94.0,1791,2258,-733.446,44.837555,-0.34628708941815667,0.0,-21.896297,-10.343073,-0.6721517240765386,0.0,17.834244,-1.5999825,0.687083186822806,0.0,2546.5562,1491.4629,0.9973244828611121,0.0,350.0,331.0
56.0,99.0,1463,2258,-1534.6141,44.837555,-0.7587119421066556,0.0,-9.445333,-10.343073,0.18198285794202063,5.9745264e-21,9.445333,-1.5999825,0.545008951237099,0.0,1434.1954,1491.4629,-0.29107624928332587,0.0,350.0,331.0
56.0,105.0,4558,2258,53.794792,44.837555,0.26748053141266337,0.0,-7.382771,-10.343073,0.20795933604120642,1.7e-44,8.582941,-1.5999825,0.6233809212702259,0.0,2411.129,1491.4629,0.7946487181649684,0.0,350.0,331.0
94.0,20.0,22429,9848,46.837585,-4.7890472,0.03882718330709345,2.5140704e-08,15.829146,3.0175629,0.18714449828665947,0.0,-14.111137,-4.8210325,-0.3118555913182347,0.0,1943.0591,1459.8398,0.676476046862418,0.0,350.0,331.0
94.0,21.0,39634,9848,46.83757,-4.7890472,-0.03287055128757943,4.2469208e-07,-3.1553931,3.0175629,-0.12207445742270451,0.0,-5.8790197,-4.8210325,-0.024378547052401944,0.00017671289,1956.596,1459.8398,0.5740863896529771,0.0,350.0,331.0
94.0,56.0,402,9848,-571.7376,-4.7890472,-0.3811143308639581,1.7550252e-38,-11.831797,3.0175629,-0.9976286318205884,0.0,-11.831797,-4.8210325,-0.621242891957758,0.0,1493.4719,1459.8398,0.09629502770469345,0.0010466188,350.0,331.0
94.0,98.0,120,9848,-48.57473,-4.7890472,-0.044164635797454666,0.40493038,-8.010538,3.0175629,-0.7047539263471432,2.6334e-40,8.010538,-4.8210325,0.8274184267533171,0.0,1645.9917,1459.8398,0.26621818304901157,5.157179e-07,350.0,331.0
94.0,99.0,17512,9848,-2864.9883,-4.7890472,-0.8267727243038915,0.0,0.03059256,3.0175629,-0.14095360141116187,0.0,-4.49212,-4.8210325,-0.058809093516099864,6.1224156e-16,1401.7847,1459.8398,0.02307714886187817,0.0015068959,350.0,331.0
94.0,105.0,5312,9848,45.65164,-4.7890472,0.07705087969669089,4.530214e-15,-18.435719,3.0175629,-0.18155878999344255,0.0,18.435719,-4.8210325,0.9914918737704677,0.0,2056.2446,1459.8398,0.8708434468988873,0.0,350.0,331.0
94.0,106.0,7,9848,-151.70674,-4.7890472,-0.20131716374608333,0.36416793,-8.420827,3.0175629,-0.7118776836486016,0.001110816,8.420827,-4.8210325,0.8345421840547755,0.00013198006,1634.0366,1459.8398,0.26421608448415923,0.22618978,350.0,331.0
98.0,99.0,184,1576,-414.8136,53.15535,-0.722688148311631,0.0,10.255424,-8.030843,0.9924133745310086,0.0,-10.255424,8.030843,-0.9924133745310086,0.0,1668.9697,1765.3318,-0.8109688810417126,0.0,350.0,331.0
98.0,105.0,9791,1576,37.055786,53.15535,-0.08502376055499017,5.7751528e-08,8.399423,-8.030843,0.8439867209449059,0.0,-8.399423,8.030843,-0.8439867209449059,0.0,1772.8872,1765.3318,0.024502067837084418,0.11791743,350.0,331.0
98.0,106.0,8,1576,-479.42587,53.15535,-0.7116116751269035,0.00050918385,-7.2564683,-8.030843,0.8185279187817258,6.383599e-05,7.2564683,8.030843,-0.8185279187817259,6.383599e-05,1760.8695,1765.3318,-0.26871827411167515,0.18941388,350.0,331.0
99.0,20.0,29693,2217588,3235.3572,-300.73608,0.8574977386002289,0.0,9.783722,-2.4097505,0.18871006091809917,0.0,-8.055957,-0.3327794,-0.17665977678650435,0.0,1760.4137,2031.2759,-0.13938347112083738,0.0,350.0,331.0
99.0,21.0,72836,2217588,3416.501,-300.73608,0.8603491035963717,0.0,-2.6383362,-2.4097505,-0.04278312853845634,0.0,-6.7797737,-0.3327794,-0.13313189464374853,0.0,2087.8008,2031.2759,0.1402580776291038,0.0,350.0,331.0
99.0,56.0,1433,2217588,3935.0056,-300.73608,0.8754510617012945,0.0,-11.419649,-2.4097505,-0.22442372307159109,0.0,-11.474541,-0.3327794,-0.3823351872565879,0.0,1494.3446,2031.2759,-0.426081065329423,0.0,350.0,331.0
99.0,94.0,26624,2217588,3907.8362,-300.73608,0.9192206871324695,0.0,7.531247,-2.4097505,0.2851934233653113,0.0,-6.0939054,-0.3327794,-0.279666343805677,0.0,1793.7439,2031.2759,-0.2082203828261594,0.0,350.0,331.0
99.0,98.0,1515,2217588,1369.7734,-300.73608,0.8047911770652063,0.0,-6.123755,-2.4097505,-0.21883535806759535,0.0,6.123755,-0.3327794,0.3076348274116585,0.0,1415.6145,2031.2759,-0.5140550866162434,0.0,350.0,331.0
99.0,105.0,23437,2217588,212.68776,-300.73608,0.6757756630862111,0.0,2.2363732,-2.4097505,0.20511179304314098,0.0,-1.0241299,-0.3327794,-0.02252600217670364,2.8201568e-09,2188.3489,2031.2759,0.09040153445138155,0.0,350.0,331.0
99.0,106.0,17532,2217588,281.21796,-300.73608,0.43257433335358453,0.0,-5.75253,-2.4097505,-0.1957945299846987,0.0,5.75253,-0.3327794,0.2889803758410767,0.0,1486.519,2031.2759,-0.49039141585204704,0.0,350.0,331.0
105.0,20.0,18446,328244,73.03688,46.837585,0.22111878001312757,0.0,18.374672,-6.1271944,0.6593805960952537,0.0,-18.374672,6.1271944,-0.7014454877708217,0.0,2491.1006,2434.1108,0.09121615650917714,0.0,350.0,331.0
105.0,21.0,30010,328244,76.68988,46.837585,0.30559323181862164,0.0,20.389439,-6.1271944,0.811494551697693,0.0,-20.389439,6.1271944,-0.8241436164385495,0.0,2378.2136,2434.1108,-0.11465444523614332,0.0,350.0,331.0
105.0,56.0,1028,328244,-248.12598,46.837585,-0.5726355363337239,0.0,-2.229086,-6.1271944,0.2196056896698797,4.1488187e-34,-2.331286,6.1271944,-0.399690814966014,0.0,2108.1108,2434.1108,-0.37026453451610475,0.0,350.0,331.0
105.0,94.0,8280,328244,49.30728,46.837585,-0.09951366742791257,0.0,-4.301689,-6.1271944,0.3342338659994124,0.0,-4.872079,6.1271944,-0.570390243969565,0.0,1808.4446,2434.1108,-0.6866165543047481,0.0,350.0,331.0
105.0,98.0,1207,328244,25.04663,46.837585,-0.18031738912836348,2.342686e-27,-9.18581,-6.1271944,-0.06419104316350754,0.00011545316,9.18581,6.1271944,0.06488705680954876,9.723338e-05,1702.8162,2434.1108,-0.9701901566001172,0.0,350.0,331.0
105.0,99.0,2343,328244,-713.84314,46.837585,-0.9341435394112028,0.0,1.2482548,-6.1271944,0.3657721274071941,0.0,-4.171336,6.1271944,-0.44404847344986687,0.0,1864.1105,2434.1108,-0.5675580070212387,0.0,350.0,331.0
105.0,106.0,14,328244,-134.35786,46.837585,-0.7751019711817168,5.026723e-07,-2.4942603,-6.1271944,0.10030560889373241,0.51566744,2.4942603,6.1271944,-0.09692180207406687,0.5299324,1641.9265,2434.1108,-0.9862419419699979,1.6434111e-10,350.0,331.0
106.0,21.0,72,4757,274.53604,224.3623,0.19906920795085603,0.0036905003,2.8300838,-0.49504015,0.6199810805129282,1.5290253e-19,-2.8300838,0.49504015,-0.6199810805129283,1.5290253e-19,1259.3265,1494.1688,-0.9616646812883937,1.1e-44,350.0,331.0
106.0,94.0,18,4757,811.2168,224.3623,0.7088734730105342,2.0071137e-07,4.48711,-0.49504015,0.6862168033074065,4.840818e-07,-4.48711,0.49504015,-0.6862168033074066,4.840818e-07,1364.0198,1494.1688,-0.8260575058977413,1.3775082e-09,350.0,331.0
106.0,98.0,114,4757,221.80103,224.3623,0.26068324057990266,1.9016178e-06,-6.046803,-0.49504015,-0.5916083039214601,3.059021e-27,6.046803,0.49504015,0.5916083039214601,3.059021e-27,1715.6885,1494.1688,0.7175925413702429,2.773243e-39,350.0,331.0
106.0,99.0,6673,4757,140.47656,224.3623,0.011182775564390957,0.30740112,3.4304338,-0.49504015,0.6318635828651451,0.0,-3.4304338,0.49504015,-0.6318635828651451,0.0,1525.0833,1494.1688,-0.05592858951328594,3.3114833e-07,350.0,331.0
106.0,105.0,4585,4757,94.94516,224.3623,-0.09547369668621275,1.351124e-15,11.230862,-0.49504015,0.8209124864259041,0.0,-11.230862,0.49504015,-0.8209124864259042,0.0,1919.9891,1494.1688,0.8072562067173463,0.0,350.0,331.0
20.0,21.0,56225,116317,-22.558777,77.42563,-0.1860937342105613,0.0,4.6310306,2.3947072,0.3507360513282469,0.0,3.8037167,0.7613379,0.16638401200215913,0.0,779.29016,885.007,0.12624200085709725,0.0,370.0,350.0
20.0,56.0,13217,116317,63.356247,77.42563,-0.07782056758274225,0.0,1.8529223,2.3947072,-0.07224088616918267,2.609e-42,4.868275,0.7613379,0.4413392246735488,0.0,909.81946,885.007,0.21218240841811364,0.0,370.0,350.0
20.0,94.0,9635,116317,-171.46268,77.42563,-0.26905942160753826,0.0,2.786371,2.3947072,0.09388794224312091,0.0,-0.021201039,0.7613379,-0.2249028866005497,0.0,2608.9763,885.007,0.49557447110104014,0.0,370.0,350.0
20.0,99.0,36382,116317,-1037.085,77.42563,-0.8847608690376132,0.0,3.8617253,2.3947072,0.18011658746221593,0.0,4.2216535,0.7613379,0.39478137996324314,0.0,902.42786,885.007,0.2147780726399151,0.0,370.0,350.0
20.0,105.0,41300,116317,78.52182,77.42563,0.15193201008823665,0.0,-3.2303636,2.3947072,-0.4310506459959831,0.0,6.2864475,0.7613379,0.5712507587337359,0.0,790.49695,885.007,-0.12228312205430258,0.0,370.0,350.0
21.0,20.0,93341,243507,78.51694,78.13988,-0.03294748693488536,0.0,3.337084,4.360496,-0.019781553613656078,5.5798435e-19,0.1424449,-3.043811,0.24804714902602232,0.0,855.64355,728.7681,0.2728913715583723,0.0,370.0,350.0
21.0,56.0,3837,243507,-135.31516,78.13988,-0.14241199191093445,0.0,-3.8354986,4.360496,-0.3331865264594718,0.0,2.4682732,-3.043811,0.3741260046586714,0.0,1074.18,728.7681,0.7990662985641128,0.0,370.0,350.0
21.0,94.0,29900,243507,7.1726494,78.13988,-0.0832566054394156,0.0,5.728771,4.360496,0.201543231579822,0.0,-3.2348986,-3.043811,-0.10953198065508563,0.0,741.6162,728.7681,0.12919563436694892,0.0,370.0,350.0
21.0,99.0,72688,243507,-1297.2056,78.13988,-0.8872893978843801,0.0,4.786775,4.360496,0.0198346591393892,4.3588138e-16,0.537829,-3.043811,0.14956440512072655,0.0,872.6526,728.7681,0.4826406315877123,0.0,370.0,350.0
21.0,105.0,7575,243507,80.14102,78.13988,0.11001699221284111,0.0,-2.3540463,4.360496,-0.3632113681621584,0.0,2.0909896,-3.043811,0.4448727366299443,0.0,1052.3867,728.7681,0.19467382922056942,0.0,370.0,350.0
56.0,20.0,16984,4262,78.52182,79.59314,-0.22605806928341532,0.0,1.8762167,-0.3239173,0.23140397907832977,0.0,1.8871735,-0.3239173,0.2400143409326867,0.0,1066.4524,1018.17676,0.054671683709049734,3.2547792e-08,370.0,350.0
56.0,21.0,6484,4262,78.82906,79.59314,-0.16810788046727154,0.0,7.3129616,-0.3239173,0.726999731642789,0.0,7.329391,-0.3239173,0.7456251550580701,0.0,1053.5994,1018.17676,0.2826360508819168,0.0,370.0,350.0
56.0,94.0,24,4262,-281.23175,79.59314,-0.757175817300172,1.4937329e-10,7.872183,-0.3239173,1.0,2.6641269e-17,7.872183,-0.3239173,1.0,2.6641269e-17,1031.96,1018.17676,0.022857031127796024,0.84672457,370.0,350.0
56.0,99.0,4175,4262,-1909.8334,79.59314,-0.9601467922905947,0.0,-8.311543,-0.3239173,-0.18750703192395124,0.0,0.0039054549,-0.3239173,0.00554686029161755,0.6590741,1295.7417,1018.17676,0.5486696246174942,0.0,370.0,350.0
56.0,105.0,14834,4262,76.955505,79.59314,-0.24492024264523005,0.0,-4.6582184,-0.3239173,-0.512224285692684,0.0,5.540731,-0.3239173,0.4285662947759048,0.0,698.0304,1018.17676,-0.22845730827381916,0.0,370.0,350.0
94.0,20.0,10334,35181,78.52182,78.52182,-0.12279327277988272,0.0,5.9579215,2.6891525,0.16256644348892801,0.0,-5.8905973,-2.4359167,-0.08389663304799366,1.4487478e-38,780.2064,664.52954,0.5508381722947238,0.0,370.0,350.0
94.0,21.0,45632,35181,78.52182,78.52182,-0.09788125086384569,0.0,5.3282995,2.6891525,0.20207387214299066,0.0,-4.99858,-2.4359167,-0.1120712592279246,0.0,734.1873,664.52954,0.20486960505345775,0.0,370.0,350.0
94.0,56.0,250,35181,-508.40173,78.52182,-0.5043720189875216,1.35e-43,-5.8098335,2.6891525,-0.9363199454250875,0.0,5.8098335,-2.4359167,0.8655963161933999,0.0,4064.8013,664.52954,1.0,0.0,370.0,350.0
94.0,99.0,14775,35181,-1518.8569,78.52182,-0.9369546773607947,0.0,4.3721223,2.6891525,0.04928820456704175,3.0899419e-18,-3.6324596,-2.4359167,-0.04458061431501614,3.3708722e-15,922.24176,664.52954,0.4546752551742208,0.0,370.0,350.0
94.0,105.0,1099,35181,14.981308,78.52182,-0.3088865099267356,0.0,-7.319301,2.6891525,-0.6724041864457662,0.0,4.916329,-2.4359167,0.6255711170923983,0.0,1342.5654,664.52954,0.7312161242630371,0.0,370.0,350.0
98.0,20.0,1324,4004,213.8789,51.100346,0.6207534912217691,0.0,8.436522,6.4850616,0.6762076669554011,0.0,-8.436522,-6.4850616,-0.6762076669554011,0.0,1051.2036,724.4299,0.9028233850741403,0.0,370.0,350.0
98.0,21.0,2013,4004,10.322968,51.100346,-0.11363301378204504,5.869027e-13,8.1490345,6.4850616,0.4685031808727784,0.0,-8.1490345,-6.4850616,-0.46850318087277854,0.0,993.68115,724.4299,0.5899051271629514,0.0,370.0,350.0
98.0,94.0,1406,4004,78.43525,51.100346,0.0925235859446385,2.3461472e-07,8.873795,6.4850616,0.8969995154205681,0.0,-8.873795,-6.4850616,-0.8969995154205681,0.0,1147.1492,724.4299,0.9782312282312282,0.0,370.0,350.0
98.0,99.0,774,4004,-1115.5791,51.100346,-0.8911540655726702,0.0,8.907492,6.4850616,0.8365242638498454,0.0,-8.907492,-6.4850616,-0.8365242638498452,0.0,1172.2327,724.4299,0.8829265050195283,0.0,370.0,350.0
98.0,105.0,8599,4004,77.425964,51.100346,0.1241633410199523,2.5687605e-29,7.5153847,6.4850616,0.37487326605247295,0.0,-7.5153847,-6.4850616,-0.37487326605247295,0.0,838.1407,724.4299,0.3976258652383784,0.0,370.0,350.0
98.0,106.0,268,4004,-275.22092,51.100346,-0.7592370316250914,0.0,7.210304,6.4850616,0.6435914831437219,0.0,-7.210304,-6.4850616,-0.6435914831437219,0.0,801.7595,724.4299,0.6589082559231814,0.0,370.0,350.0
99.0,20.0,40374,2122759,4557.149,-366.6604,0.9013053735848187,0.0,-2.6299305,1.3005756,-0.23950330817924037,0.0,-1.9041321,1.0418983,-0.2356017398242486,0.0,1353.0765,1408.8385,0.031139156775903176,6.926003e-27,370.0,350.0
99.0,21.0,73479,2122759,4468.3823,-366.6604,0.8994901107492275,0.0,-4.4886684,1.3005756,-0.286574100057823,0.0,-5.4914637,1.0418983,-0.38883411310164595,0.0,1368.4374,1408.8385,0.009123900102003368,2.5371519e-05,370.0,350.0
99.0,56.0,5648,2122759,4231.7,-366.6604,0.9598351295189655,0.0,-1.2861204,1.3005756,-0.18457691401513177,0.0,-1.2539246,1.0418983,-0.13148229599311867,0.0,1415.415,1408.8385,0.14218970980210277,0.0,370.0,350.0
99.0,94.0,24824,2122759,3665.2866,-366.6604,0.8953590442554951,0.0,1.9429202,1.3005756,-0.013394502265045127,0.0002789473,-4.3224573,1.0418983,-0.33342661542600693,0.0,1207.397,1408.8385,-0.10915402375476158,0.0,370.0,350.0
99.0,98.0,1422,2122759,153.50021,-366.6604,0.537309950755255,0.0,8.809631,1.3005756,0.6640515828599993,0.0,-8.809631,1.0418983,-0.7509862869206594,0.0,1119.578,1408.8385,-0.3234521905327956,0.0,370.0,350.0
99.0,105.0,44003,2122759,155.17224,-366.6604,0.5963479740486199,0.0,-4.893372,1.3005756,-0.25690872155805256,0.0,6.203176,1.0418983,0.23597979984440687,0.0,1176.9154,1408.8385,-0.3373916574701704,0.0,370.0,350.0
99.0,106.0,3340,2122759,149.02286,-366.6604,0.5075984873860055,0.0,8.681835,1.3005756,0.6602046941209176,0.0,-8.681835,1.0418983,-0.7482716504977354,0.0,1101.2805,1408.8385,-0.33397597818360625,0.0,370.0,350.0
105.0,20.0,9188,375228,78.52182,78.52182,-0.024829591172055965,4.5688408e-05,5.2302117,-1.3037661,0.7360341516624327,0.0,-5.2302117,1.2402847,-0.7338493270826499,0.0,1008.4136,873.2938,0.004457498518886327,0.46468443,370.0,350.0
105.0,21.0,9396,375228,78.52182,78.52182,-0.014914270281750186,0.013300362,5.718506,-1.3037661,0.7557108930388459,0.0,-5.718506,1.2402847,-0.7537389272430919,0.0,672.70764,873.2938,-0.18779447740728938,0.0,370.0,350.0
105.0,56.0,883,375228,78.33461,78.52182,-0.07414170025319211,0.00013606186,8.617054,-1.3037661,0.9453430902157958,0.0,-8.617054,1.2402847,-0.9453430902157959,0.0,1092.1466,873.2938,0.240168547549515,5.0835235e-35,370.0,350.0
105.0,94.0,80,375228,1404.1631,78.52182,0.3483303484814566,6.625104e-08,8.864415,-1.3037661,0.9048979220633855,1.1e-44,-8.864415,1.2402847,-0.9041104008762673,1.4e-44,1161.6213,873.2938,0.5453656510175147,2.9669873e-17,370.0,350.0
105.0,98.0,4390,375228,175.89764,78.52182,0.5303882234286443,0.0,8.739864,-1.3037661,0.9610586005925557,0.0,-8.739864,1.2402847,-0.9610477012208923,0.0,1138.146,873.2938,0.2799336921906226,0.0,370.0,350.0
105.0,99.0,11208,375228,-993.96265,78.52182,-0.9674666289691014,0.0,-3.0510757,-1.3037661,-0.09903722053527264,0.0,2.942501,1.2402847,0.08200014462584337,0.0,1369.22,873.2938,0.7157496935653274,0.0,370.0,350.0
105.0,106.0,30,375228,-1313.2152,78.52182,-0.9865306782365211,7.398735e-21,8.457518,-1.3037661,0.9548040124937371,1.3324039e-19,-8.457518,1.2402847,-0.9548040124937371,1.3324039e-19,1218.0599,873.2938,0.46344489217222606,1.1003978e-05,370.0,350.0
106.0,20.0,208,13790,726.7814,200.60565,0.64264796117588,0.0,8.344606,8.620687,-0.23546187315222844,5.2908815e-09,-8.344606,-8.620687,0.23546187315222844,5.2908815e-09,1028.4185,1010.42865,0.15320536062921852,0.00014564245,370.0,350.0
106.0,21.0,674,13790,123.910416,200.60565,-0.20739193024662006,8.584793e-20,8.296858,8.620687,-0.27455193739066064,1.8434712e-33,-8.296858,-8.620687,0.27455193739066064,1.8434712e-33,1013.8993,1010.42865,-0.017726581210742776,0.436404,370.0,350.0
106.0,94.0,803,13790,1613.9169,200.60565,0.7574552281735369,0.0,8.882976,8.620687,0.6303243727970798,0.0,-8.882976,-8.620687,-0.6303243727970799,0.0,1130.3638,1010.42865,0.760650822649293,0.0,370.0,350.0
106.0,98.0,1834,13790,555.5364,200.60565,0.38653011404119897,0.0,6.6672916,8.620687,-0.5594819630491015,0.0,-6.6672916,-8.620687,0.5594819630491015,0.0,745.5493,1010.42865,-0.6252498333390007,0.0,370.0,350.0
106.0,99.0,23761,13790,307.65234,200.60565,0.0671158999706376,1.8099637e-27,7.508634,8.620687,-0.46766526119317464,0.0,-7.508634,-8.620687,0.46766526119317464,0.0,866.4992,1010.42865,-0.36341909074653533,0.0,370.0,350.0
106.0,105.0,1788,13790,4057.4778,200.60565,0.596893722228441,0.0,2.12457,8.620687,-0.5287096070329471,0.0,-2.12457,-8.620687,0.5287096070329471,0.0,441.22974,1010.42865,-0.5213210542282528,0.0,370.0,350.0
94.0,20.0,217512,86204,-6.8878784,-6.8878784,0.027070876279372325,2.0065211e-31,0.35875273,2.6254091,-0.2009563865382068,0.0,2.6293113,-2.4724503,0.3206674390237665,0.0,789.53467,569.7788,0.41544426807448875,0.0,383.0,370.0
94.0,21.0,354008,86204,-6.8878784,-6.8878784,0.037823003515456755,0.0,1.4897019,2.6254091,-0.04011426501631754,0.0,1.6538215,-2.4724503,0.15166504772183442,0.0,660.94385,569.7788,0.14166674731486095,0.0,383.0,370.0
94.0,56.0,34337,86204,-6.8878784,-6.8878784,-0.03395980913357788,1.7600621e-20,-0.65320206,2.6254091,0.011907156011361941,0.0012301226,0.47839096,-2.4724503,0.26483827420162487,0.0,885.04626,569.7788,0.6524541663252068,0.0,383.0,370.0
94.0,98.0,127,86204,135.96985,-6.8878784,0.5519474588204432,1.8853202e-27,3.536426,2.6254091,0.3310504618781962,1.0676105e-10,-3.536426,-2.4724503,-0.4159921694628782,4.9052753e-16,571.6958,569.7788,0.017356649325149576,0.73495984,383.0,370.0
94.0,99.0,68072,86204,-1435.5933,-6.8878784,-0.9069441824090277,0.0,1.233206,2.6254091,0.06148949838349549,0.0,0.89757085,-2.4724503,0.17607104129548445,0.0,706.6576,569.7788,0.21225873598919276,0.0,383.0,370.0
94.0,105.0,9604,86204,-6.8878784,-6.8878784,0.12604946687391538,0.0,-7.138975,2.6254091,-0.8512795763798555,0.0,7.138975,-2.4724503,0.7676697066967306,0.0,892.23535,569.7788,0.7020221636631496,0.0,383.0,370.0
98.0,20.0,3913,12750,277.5639,-6.8851776,0.37364800088192696,0.0,-1.6724775,0.4666057,-0.25878985583499947,0.0,-2.1202333,-0.4666057,-0.5405730320750841,0.0,386.52426,552.08716,-0.7917090843493032,0.0,383.0,370.0
98.0,21.0,24266,12750,-34.850365,-6.8851776,-0.12177496472915383,0.0,-1.3946574,0.4666057,-0.09459511977543011,0.0,-1.7322822,-0.4666057,-0.34528965081458285,0.0,438.40674,552.08716,-0.6793312098102242,0.0,383.0,370.0
98.0,56.0,2435,12750,50.48236,-6.8851776,0.09480033820509726,1.13413294e-13,-2.8926778,0.4666057,-0.7839370294318959,0.0,-1.6576959,-0.4666057,0.19226711760679627,0.0,488.31015,552.08716,0.11760193260055551,3.2621754e-20,383.0,370.0
98.0,94.0,3631,12750,-137.51616,-6.8851776,-0.18675933276092038,0.0,7.9042187,0.4666057,0.7583703295694482,0.0,-4.011069,-0.4666057,-0.5551833935446941,0.0,1056.824,552.08716,0.23943497443042205,0.0,383.0,370.0
98.0,99.0,19075,12750,-1142.3473,-6.8851776,-0.8792107192968931,0.0,1.1558275,0.4666057,0.2240112702695758,0.0,-2.0575435,-0.4666057,-0.3516536273224886,0.0,860.45435,552.08716,0.38620141957700516,0.0,383.0,370.0
98.0,105.0,53386,12750,-1.8511887,-6.8851776,0.023676033152556064,3.17866e-05,0.78933007,0.4666057,0.0796021443530397,2e-44,-0.56389165,-0.4666057,0.007370740511392082,0.19526729,880.563,552.08716,0.6690058802226919,0.0,383.0,370.0
98.0,106.0,1705,12750,-185.26413,-6.8851776,-0.6692707722385142,0.0,0.92003316,0.4666057,0.1947032833074578,4.423625e-39,-0.92003316,-0.4666057,-0.1947032833074579,4.423625e-39,466.23834,552.08716,-0.41348812604220575,0.0,383.0,370.0
99.0,20.0,21693,1889716,1647.741,-367.05103,0.8601878065257609,0.0,0.99605024,0.12347436,0.05902788295372474,0.0,1.2444729,-0.7220136,0.21943205241448194,0.0,638.8757,933.4608,-0.22715315307552475,0.0,383.0,370.0
99.0,21.0,39156,1889716,3582.754,-367.05103,0.8932471322910529,0.0,-0.3926965,0.12347436,-0.03247288987324548,3.1971034e-28,0.12874639,-0.7220136,0.044237846961178606,0.0,819.5951,933.4608,-0.21451329807735098,0.0,383.0,370.0
99.0,56.0,1767,1889716,807.4608,-367.05103,0.8046146876089428,0.0,-1.3120729,0.12347436,-0.005618188051991879,0.6826469,-1.2699813,-0.7220136,0.050179034876532524,0.0002604767,601.2556,933.4608,-0.33428151646285476,0.0,383.0,370.0
99.0,94.0,11200,1889716,2937.9749,-367.05103,0.8891723966156064,0.0,4.3887424,0.12347436,0.27205018221936905,0.0,-0.8779665,-0.7220136,0.015449965147824152,0.004747704,721.54346,933.4608,-0.3132001169657995,0.0,383.0,370.0
99.0,98.0,51,1889716,220.80414,-367.05103,0.6148970657651265,2.8321128e-14,-1.9859058,0.12347436,-0.25245826958788997,0.0017920409,1.9859058,-0.7220136,0.3510201283902854,1.4130774e-05,598.2835,933.4608,-0.6327858208302615,4.9956898e-15,383.0,370.0
99.0,105.0,5223,1889716,161.50562,-367.05103,0.6061266696940992,0.0,1.8211362,0.12347436,0.12062102412558184,0.0,-1.8211362,-0.7220136,-0.09287068593231862,3.70394e-31,856.0721,933.4608,-0.29067563032294863,0.0,383.0,370.0
99.0,106.0,417,1889716,-1.2812157,-367.05103,0.44024260598041076,0.0,-2.4689386,0.12347436,-0.2873182400422921,2.9549714e-24,2.4689386,-0.7220136,0.3904881691255164,2.21e-43,600.5477,933.4608,-0.6301077796862607,0.0,383.0,370.0
105.0,20.0,35500,340674,-6.8878784,-6.8878784,-0.22813930983707775,0.0,-0.57082725,-5.140084,0.4392662948932964,0.0,1.1280208,5.140084,-0.3469871989470418,0.0,451.45404,848.51764,-0.8354227182783558,0.0,383.0,370.0
105.0,21.0,38327,340674,-6.8878784,-6.8878784,-0.04271420229986367,5.6e-43,-1.7937301,-5.140084,0.457971893089107,0.0,2.3448894,5.140084,-0.39157760773690886,0.0,442.4236,848.51764,-0.8824747654957384,0.0,383.0,370.0
105.0,56.0,9496,340674,-8.024063,-6.8878784,-0.09913296925650916,0.0,-1.8793473,-5.140084,0.3982728485351199,0.0,-1.3717839,5.140084,-0.1822313809417071,0.0,489.70917,848.51764,-0.5050411189560252,0.0,383.0,370.0
105.0,94.0,3900,340674,-57.280327,-6.8878784,-0.22649682010458005,0.0,8.294288,-5.140084,0.8602808136148807,0.0,-8.294288,5.140084,-0.8343436021172508,0.0,1179.815,848.51764,0.4086037783621397,0.0,383.0,370.0
105.0,98.0,5977,340674,-7.2210236,-6.8878784,-0.09457012098178563,3.325533e-36,-2.6716692,-5.140084,0.39399002105529957,0.0,2.6716692,5.140084,-0.39399002105529957,0.0,632.8674,848.51764,-0.793889526827817,0.0,383.0,370.0
105.0,99.0,11289,340674,-1221.7268,-6.8878784,-0.9353535469267568,0.0,3.00586,-5.140084,0.6318200711489381,0.0,-2.139669,5.140084,-0.6417407395656269,0.0,855.8808,848.51764,0.03853194147950312,3.0291186e-12,383.0,370.0
105.0,106.0,261,340674,-319.55695,-6.8878784,-0.863210819606488,0.0,-2.2036877,-5.140084,0.41975397115076607,7.8459863e-32,2.2036877,5.140084,-0.41975397115076607,7.8459863e-32,597.3915,848.51764,-0.8463416233903865,0.0,383.0,370.0
106.0,20.0,1502,43623,2637.7756,82.27197,0.8812034099335508,0.0,-3.2652817,0.624392,-0.8390364933193325,0.0,-3.2904868,-0.624392,-0.43791430710652923,0.0,474.4491,535.7228,-0.23020454918890587,0.0,383.0,370.0
106.0,21.0,5846,43623,3067.647,82.27197,0.8953812017406098,0.0,-2.2170472,0.624392,-0.2917647560098978,0.0,-2.8280456,-0.624392,-0.4121719790370372,0.0,527.09106,535.7228,0.09095563769340842,1.1559047e-29,383.0,370.0
106.0,56.0,148,43623,5556.4395,82.27197,0.8508132642648838,0.0,-4.738507,0.624392,-0.7366086945208051,0.0,-0.2925743,-0.624392,-0.23168660717660094,1.0957164e-06,876.9833,535.7228,0.23014483433299193,1.2906492e-06,383.0,370.0
106.0,94.0,5321,43623,4170.8267,82.27197,0.9542022041437437,0.0,7.716515,0.624392,0.6698456189842044,0.0,-2.6904929,-0.624392,-0.10823155825888764,3.9704365e-38,895.6702,535.7228,0.7709180335243564,0.0,383.0,370.0
106.0,98.0,2506,43623,529.26697,82.27197,0.6535879348152793,0.0,0.1486242,0.624392,-0.11240227452006202,2.6052187e-21,-0.1486242,-0.624392,0.11240227452006213,2.605528e-21,555.38873,535.7228,0.06030256083563268,3.684989e-07,383.0,370.0
106.0,99.0,471160,43623,-4.1624146,82.27197,-0.06730968324039899,0.0,2.4737525,0.624392,0.06945105838258292,0.0,-4.413807,-0.624392,-0.2219279040914971,0.0,864.599,535.7228,0.6197505538043817,0.0,383.0,370.0
106.0,105.0,13057,43623,363.76166,82.27197,0.5572791755933553,0.0,2.5801768,0.624392,0.22655496586183355,0.0,-0.7863054,-0.624392,0.01273638085923845,0.027009368,887.584,535.7228,0.6489248723182497,0.0,383.0,370.0
94.0,98.0,16049,624205,4.6451015,2.0663757,-0.017664602441786803,0.00012765599,-3.11228,-1.1579075,-0.07985573218951936,0.0,4.8703427,0.01379815,0.3699883843875056,0.0,807.87195,993.77527,-0.32276163560939286,0.0,393.0,383.0
94.0,99.0,96728,624205,-2007.981,2.0663757,-0.9082979123674079,0.0,1.0282466,-1.1579075,0.237403700192941,0.0,-0.55806804,0.01379815,-0.04585066489580125,0.0,1007.10754,993.77527,-0.019953541387648932,1.4985147e-23,393.0,383.0
94.0,105.0,130816,624205,2.0663757,2.0663757,-0.050830397116404136,0.0,-5.3881874,-1.1579075,-0.49426823378976026,0.0,5.186753,0.01379815,0.4617527854775698,0.0,998.19806,993.77527,-0.05413101862339931,0.0,393.0,383.0
94.0,106.0,3385,624205,-514.603,2.0663757,-0.7569108645931746,0.0,-2.1131065,-1.1579075,-0.10998613835025628,2.1065425e-28,4.174298,0.01379815,0.4392610057600357,0.0,995.63257,993.77527,-0.14373103598116543,0.0,393.0,383.0
98.0,94.0,38,39866,309.99594,-9.12545,0.5740876673698998,8.9785784e-10,8.69688,-1.1897221,0.7167814811196456,2.0194356e-14,-8.69688,-0.06628391,-0.6752013983687458,5.776868e-13,1034.7805,1008.94165,0.4771167622060217,3.548368e-07,393.0,383.0
98.0,99.0,100,39866,-58.243515,-9.12545,-0.28204836201274264,1.0659996e-06,-1.62588,-1.1897221,0.2133045703105403,0.00022437026,1.62588,-0.06628391,-0.11415441729794817,0.048301257,1024.3435,1008.94165,0.04109140621080609,0.4771959,393.0,383.0
98.0,105.0,11903,39866,-6.7525244,-9.12545,-0.022397915904948773,0.0002038923,-1.7602224,-1.1897221,0.10382003731655876,0.0,-0.22773963,-0.06628391,-0.0891592627960982,0.0,854.2168,1008.94165,-0.19384383201662225,0.0,393.0,383.0
98.0,106.0,11278,39866,-767.7243,-9.12545,-0.7434825578616189,0.0,0.5303204,-1.1897221,-0.01055949872220907,0.08637924,-2.3411748,-0.06628391,-0.0734747002742927,8.059357e-33,1035.3079,1008.94165,0.29570229358615596,0.0,393.0,383.0
99.0,94.0,114777,1831964,3822.4768,-281.2904,0.8757743538424614,0.0,-1.5058838,-1.8384047,0.058043310747742716,0.0,0.6003872,0.12557316,0.0315314799358235,0.0,1004.15674,961.72864,0.1099663963250408,0.0,393.0,383.0
99.0,98.0,8595,1831964,3330.7827,-281.2904,0.8208026600820957,0.0,-2.31755,-1.8384047,0.06521879177231549,1.493982e-25,1.2395326,0.12557316,0.1309603329310871,0.0,745.1296,961.72864,-0.45483996303714225,0.0,393.0,383.0
99.0,105.0,13718,1831964,3798.537,-281.2904,0.8303347628144973,0.0,-2.1910396,-1.8384047,-0.003158905426393188,0.5231821,0.2547173,0.12557316,0.06331262541348459,1.7249425e-37,711.3544,961.72864,-0.4052173778623034,0.0,393.0,383.0
99.0,106.0,210638,1831964,-317.1034,-281.2904,-0.037724233603225854,0.0,0.7931911,-1.8384047,0.38227557770804355,0.0,1.221687,0.12557316,0.26814295364661955,0.0,825.0039,961.72864,-0.16536418037647438,0.0,393.0,383.0
105.0,94.0,26293,294362,-61.269287,2.0663757,-0.23804354704071318,0.0,15.556531,-4.780326,0.7701015398833151,0.0,-15.556531,4.35526,-0.8503811689240668,0.0,1960.0436,940.3844,0.7391752674167125,0.0,393.0,383.0
105.0,98.0,41772,294362,-4.1404114,2.0663757,-0.04943702506229586,0.0,2.0667577,-4.780326,0.5870994545164607,0.0,-1.678222,4.35526,-0.43238028981211385,0.0,974.4133,940.3844,0.1308308521753938,0.0,393.0,383.0
105.0,99.0,11638,294362,-418.11984,2.0663757,-0.8427311763815218,0.0,-0.2801349,-4.780326,0.3880610525980721,0.0,0.14765531,4.35526,-0.3274953411874344,0.0,828.27295,940.3844,-0.21972800268202242,0.0,393.0,383.0
105.0,106.0,10640,294362,-991.559,2.0663757,-0.9248926303493223,0.0,1.5962993,-4.780326,0.6972511791526907,0.0,-1.413157,4.35526,-0.47369327562660946,0.0,788.29175,940.3844,-0.2698907508544157,0.0,393.0,383.0
106.0,94.0,933,345701,997.7538,-93.89209,0.7741878949578174,0.0,4.4133034,-0.9730766,0.22249543979999475,6.626298e-32,-6.14073,-3.142308,-0.21848047457871556,7.9848275e-31,1018.31836,871.3894,0.4060954755823305,0.0,393.0,383.0
106.0,98.0,15397,345701,2602.7383,-93.89209,0.8662116285833672,0.0,-0.50434,-0.9730766,0.24602031821322057,0.0,-5.256016,-3.142308,-0.18878131636492756,0.0,829.71674,871.3894,-0.017293827535223905,0.00027615434,393.0,383.0
106.0,99.0,11286,345701,-145.1919,-93.89209,0.056491993257320905,1.4674609e-24,-5.6475625,-0.9730766,-0.30705733772287025,0.0,-6.879072,-3.142308,-0.5341201475549548,0.0,807.5132,871.3894,-0.13082500566284472,0.0,393.0,383.0
106.0,105.0,4987,345701,4055.6465,-93.89209,0.9545998418048274,0.0,5.0699205,-0.9730766,0.2770506147041518,0.0,-7.227613,-3.142308,-0.39289790169405114,0.0,1027.7139,871.3894,0.16039661239099812,0.0,393.0,383.0
94.0,98.0,6588,704974,-40.342712,-47.526367,-0.044066626207174386,6.366902e-10,-0.6437241,2.8818982,-0.359779936223117,0.0,0.7799045,-0.041019913,0.2867555959885211,0.0,1145.7307,1368.8176,-0.3562435326732517,0.0,408.0,393.0
94.0,99.0,93561,704974,-702.4617,-47.526367,-0.8362408790662692,0.0,1.3139149,2.8818982,-0.05243781086097765,0.0,0.8849234,-0.041019913,0.056111214936209075,0.0,1612.8228,1368.8176,0.16093259935454007,0.0,408.0,393.0
94.0,105.0,60145,704974,-47.526367,-47.526367,-0.03680357609366458,0.0,0.6941439,2.8818982,-0.2175266354212939,0.0,5.053027,-0.041019913,0.5513822382670421,0.0,1506.7423,1368.8176,0.06967130356707418,0.0,408.0,393.0
94.0,106.0,2409,704974,-986.1087,-47.526367,-0.8306077223909655,0.0,-0.27551633,2.8818982,0.14291818537318557,7.4140123e-34,11.503873,-0.041019913,0.5835084034547409,0.0,1653.2797,1368.8176,-0.04015548790076762,0.0006547275,408.0,393.0
98.0,94.0,8327,30587,-21.039024,-15.966789,0.08889846615922292,1.2834346e-35,8.964455,0.21548241,0.762823484691665,0.0,-8.964455,1.5963225,-0.762823484691665,0.0,1001.9969,1179.4835,-0.5102957739168916,0.0,408.0,393.0
98.0,99.0,4646,30587,-123.645164,-15.966789,-0.5595468975597733,0.0,4.3181386,0.21548241,0.17930105329918455,0.0,-4.1462946,1.5963225,-0.10717915619786811,4.418567e-32,1101.0457,1179.4835,-0.269286957039658,0.0,408.0,393.0
98.0,105.0,21506,30587,11.029175,-15.966789,0.08089518643897864,0.0,-2.989272,0.21548241,-0.23197069020049255,0.0,2.989272,1.5963225,0.07699404276369726,0.0,1178.5442,1179.4835,-0.15369981273845112,0.0,408.0,393.0
98.0,106.0,9023,30587,-423.7653,-15.966789,-0.7792616603375104,0.0,4.218193,0.21548241,0.012620309280996223,0.06806176,1.2404441,1.5963225,0.02111709079568347,0.0022654543,1107.6918,1179.4835,-0.1499273002486451,0.0,408.0,393.0
99.0,94.0,88291,1943851,3161.995,-311.06934,0.8521961224261594,0.0,-1.6486505,-3.4795713,0.11178060611905383,0.0,-1.6191354,-1.2374235,-0.023795070916937555,4.672278e-33,1782.6816,1446.0939,0.18284094698853304,0.0,408.0,393.0
99.0,98.0,3981,1943851,4266.946,-311.06934,0.8892970226665187,0.0,-7.8734384,-3.4795713,-0.13892108821983873,0.0,9.255437,-1.2374235,0.5019046613758569,0.0,1268.3212,1446.0939,-0.13164423660021163,0.0,408.0,393.0
99.0,105.0,13840,1943851,4530.8,-311.06934,0.889930053720934,0.0,-4.151353,-3.4795713,-0.057693160723090386,1.0781126e-31,5.7784634,-1.2374235,0.41371069262477644,0.0,1169.4294,1446.0939,-0.19954577023365005,0.0,408.0,393.0
99.0,106.0,146156,1943851,-251.6128,-311.06934,0.01881043947802996,3.0587482e-33,3.1426642,-3.4795713,0.12564920012494651,0.0,9.244074,-1.2374235,0.5761802272040877,0.0,1133.8162,1446.0939,-0.3198097620516339,0.0,408.0,393.0
105.0,94.0,61546,262857,-47.526367,-47.526367,-0.03990370543730326,0.0,8.212786,4.2997303,0.3607481162075623,0.0,-8.212786,-3.9666846,-0.37252787434884826,0.0,1193.363,1173.7281,0.20529206609606865,0.0,408.0,393.0
105.0,98.0,16395,262857,-46.660583,-47.526367,0.05301946047489481,3.3780266e-30,-6.223405,4.2997303,-0.623763908621706,0.0,6.223405,-3.9666846,0.7378174389897805,0.0,1119.3759,1173.7281,-0.17812944125436536,0.0,408.0,393.0
105.0,99.0,16999,262857,-806.0206,-47.526367,-0.7932050339819341,0.0,3.6868615,4.2997303,-0.1523382318076767,0.0,-1.9311249,-3.9666846,0.19397183726048017,0.0,928.80176,1173.7281,-0.4078087563124253,0.0,408.0,393.0
105.0,106.0,5832,262857,-2438.681,-47.526367,-0.9435083617131834,0.0,-7.4864283,4.2997303,-0.8648259602814494,0.0,7.4864283,-3.9666846,0.860683353975193,0.0,959.57855,1173.7281,-0.26887179924296356,0.0,408.0,393.0
106.0,94.0,1993,200304,353.6317,-149.88937,0.7830716177441397,0.0,6.564664,1.9407815,0.1433449180326687,2.7621066e-28,-6.98345,3.5492113,-0.6536117334466462,0.0,1015.10474,1153.2748,-0.30798245623000253,0.0,408.0,393.0
106.0,98.0,7868,200304,696.9867,-149.88937,0.8287067073147951,0.0,-2.9185715,1.9407815,-0.2238874624094508,0.0,2.8424692,3.5492113,-0.18068474277004398,0.0,1193.9773,1153.2748,0.13977782177292863,0.0,408.0,393.0
106.0,99.0,35249,200304,-37.910095,-149.88937,0.31271265854572783,0.0,-7.3198156,1.9407815,-0.34216439606085114,0.0,-9.860114,3.5492113,-0.5796633501315851,0.0,1188.1384,1153.2748,0.3663055149732508,0.0,408.0,393.0
106.0,105.0,3967,200304,540.9147,-149.88937,0.8315004689217236,0.0,-4.352455,1.9407815,-0.5236653420151509,0.0,1.7193384,3.5492113,-0.20337956736816254,0.0,1197.5753,1153.2748,0.3588084968926384,0.0,408.0,393.0
94.0,98.0,2498,736639,-9.585487,-18.59729,0.19180128590253398,0.0,-6.6557302,-1.9905827,-0.09533241011812521,1.7400876e-16,6.6557302,0.07862176,0.19441375681212025,0.0,1220.8025,1103.894,0.21897008864002654,0.0,420.0,408.0
94.0,99.0,74860,736639,-817.62976,-18.59729,-0.8242373707420949,0.0,-2.970842,-1.9905827,0.0027110774740575216,0.22091451,-3.3648248,0.07862176,-0.20613445447911072,0.0,1180.8099,1103.894,0.20369424931228974,0.0,420.0,408.0
94.0,105.0,16270,736639,-18.59729,-18.59729,-0.0407602646813815,4.903756e-19,-5.9382052,-1.9905827,-0.43844127838446645,0.0,4.8934894,0.07862176,0.5010879809943742,0.0,1101.0177,1103.894,0.2598996352019616,0.0,420.0,408.0
94.0,106.0,1290,736639,-2733.4585,-18.59729,-0.8154517957219714,0.0,-10.649113,-1.9905827,-0.19523264953515929,6.9190566e-34,10.649113,0.07862176,0.44180034500085563,0.0,1224.1948,1103.894,0.19289570814250623,4.0377816e-33,420.0,408.0
98.0,94.0,7080,32386,-0.3064804,-18.46019,0.20508449717235,0.0,10.421143,-6.969295,0.6499181483524477,0.0,-10.421143,6.969295,-0.6499181483524478,0.0,1216.561,1209.7046,0.2884829044844306,0.0,420.0,408.0
98.0,99.0,2291,32386,-188.3624,-18.46019,-0.7228921550643896,0.0,-10.116772,-6.969295,-0.17811252540995093,0.0,10.116772,6.969295,0.17811252540995093,0.0,1213.1588,1209.7046,0.1536444405616526,8.049124e-35,420.0,408.0
98.0,105.0,14960,32386,3.8457508,-18.46019,0.18078536526808464,0.0,-6.799368,-6.969295,-0.08681867759258222,0.0,6.799368,6.969295,0.08681867759258233,0.0,1186.7388,1209.7046,-0.37333278004194725,0.0,420.0,408.0
98.0,106.0,4753,32386,-162.5059,-18.46019,-0.6779200800921672,0.0,-7.932214,-6.969295,-0.04729552315692698,1.336356e-07,7.932214,6.969295,0.04729552315692698,1.336356e-07,1213.755,1209.7046,0.1579835057938881,0.0,420.0,408.0
99.0,94.0,73824,2100155,4050.6172,-279.5547,0.8774268229943545,0.0,-4.3399553,-7.0486035,0.04005567933177612,0.0,0.32651767,-4.19732,0.22683727313222435,0.0,1356.3303,1497.048,0.013475304726434878,4.57616e-10,420.0,408.0
99.0,98.0,7377,2100155,3909.7244,-279.5547,0.9173091620414997,0.0,-3.585515,-7.0486035,0.09626233049194943,0.0,1.1034772,-4.19732,0.31219888481368363,0.0,1740.5302,1497.048,0.12450744604068231,0.0,420.0,408.0
99.0,105.0,25144,2100155,4778.344,-279.5547,0.9243817951332172,0.0,-11.4537735,-7.0486035,-0.2349089752464394,0.0,11.441023,-4.19732,0.5987014788296086,0.0,1968.6638,1497.048,0.26981863999397704,0.0,420.0,408.0
99.0,106.0,128225,2100155,-86.99951,-279.5547,0.13678381334450318,0.0,5.6419487,-7.0486035,0.44159571437624057,0.0,7.401519,-4.19732,0.5020020105424456,0.0,1169.3422,1497.048,-0.27721341346056183,0.0,420.0,408.0
105.0,94.0,55273,317589,-18.316437,-18.59729,0.11073337355256019,0.0,5.0731955,-0.5627603,0.37468233245267557,0.0,-5.0731955,0.2464925,-0.4110328398800386,0.0,1062.6619,1133.1678,-0.34003262514879706,0.0,420.0,408.0
105.0,98.0,24501,317589,-36.822205,-18.59729,-0.14124880962910524,0.0,0.7009603,-0.5627603,-0.01638762208086697,1.861777e-05,-0.175065,0.2464925,0.03372330505320309,1.2588322e-18,1146.3759,1133.1678,0.1456194195378262,0.0,420.0,408.0
105.0,99.0,8602,317589,-700.5702,-18.59729,-0.8197584667006867,0.0,-7.42397,-0.5627603,-0.3433835512003761,0.0,7.42397,0.2464925,0.33774626918359263,0.0,1162.3656,1133.1678,0.11220642525154156,0.0,420.0,408.0
105.0,106.0,4401,317589,-322.70956,-18.59729,-0.7816788661035268,0.0,-6.9818163,-0.5627603,-0.2002836571463651,0.0,6.9818163,0.2464925,0.18084164287482563,0.0,1178.293,1133.1678,0.3650135715033924,0.0,420.0,408.0
106.0,94.0,675,71812,249.27151,4.0305176,0.43225900551027263,0.0,10.77962,-8.205228,0.8433500230024489,0.0,-10.77962,8.335352,-0.8524951364777578,0.0,1232.123,1206.3245,0.5348667198920638,0.0,420.0,408.0
106.0,98.0,4781,71812,2560.608,4.0305176,0.7092991643697044,0.0,-10.805569,-8.205228,-0.31428912729702685,0.0,10.805569,8.335352,0.30998420391490744,0.0,1636.3674,1206.3245,0.40688123197137505,0.0,420.0,408.0
106.0,99.0,13247,71812,-19.412918,4.0305176,-0.17949285631874623,0.0,-9.578161,-8.205228,-0.031658021392857894,6.6789614e-09,9.578161,8.335352,0.02164497456854453,7.3486844e-05,1224.4233,1206.3245,0.35685408778819405,0.0,420.0,408.0
106.0,105.0,3157,71812,3485.549,4.0305176,0.7804780126533539,0.0,-10.589581,-8.205228,-0.36454771540252195,0.0,10.589581,8.335352,0.3555921436787193,0.0,1232.0547,1206.3245,0.16269223791167953,0.0,420.0,408.0
94.0,98.0,7340,677701,45.55802,45.460022,-0.01472780789203465,0.029649386,-11.382963,-4.8500667,-0.44654214374325585,0.0,11.382963,-0.1781818,0.7174416454634227,0.0,1271.9425,1293.3859,0.024149675541728755,0.00036475083,444.0,420.0
94.0,99.0,70917,677701,-1491.1271,45.460022,-0.9058185014046412,0.0,7.549156,-4.8500667,0.14797992244196445,0.0,4.280445,-0.1781818,0.17143109143450186,0.0,2152.0164,1293.3859,0.3630694857297163,0.0,444.0,420.0
94.0,105.0,72152,677701,45.460022,45.460022,-0.07356165052413066,0.0,-5.9237385,-4.8500667,0.10846381272000838,0.0,9.898455,-0.1781818,0.6017012824885521,0.0,1135.7795,1293.3859,-0.06664752510590555,0.0,444.0,420.0
94.0,106.0,1672,677701,-2475.4268,45.460022,-0.9265892417771654,0.0,-15.366413,-4.8500667,-0.6198428125375668,0.0,15.366413,-0.1781818,0.7957701547807541,0.0,1776.4774,1293.3859,0.3575408504134252,0.0,444.0,420.0
98.0,94.0,1576,28450,34.177273,31.253597,0.06876116260605025,4.180198e-06,10.348766,6.48182,0.4913459359638872,0.0,-10.348766,-6.48182,-0.4913459359638871,0.0,1243.5547,1415.6302,-0.5634521111933841,0.0,444.0,420.0
98.0,99.0,3723,28450,-454.74435,31.253597,-0.8010347306700806,0.0,9.980049,6.48182,0.5248390591520813,0.0,-9.980049,-6.48182,-0.5248390591520813,0.0,1389.8677,1415.6302,-0.1395744120408594,9.5e-44,444.0,420.0
98.0,105.0,40143,28450,39.84984,31.253597,0.10482812521684881,0.0,-2.9744823,6.48182,-0.02138811481817182,1.7522725e-06,2.9744823,-6.48182,0.02138811481817182,1.7522725e-06,1419.6461,1415.6302,0.04613409258736567,6.3084e-25,444.0,420.0
98.0,106.0,4686,28450,-367.3686,31.253597,-0.795679963575456,0.0,9.950922,6.48182,0.25909895759496004,0.0,-9.950922,-6.48182,-0.25909895759495993,0.0,1426.7656,1415.6302,0.04144172485517572,5.2920827e-06,444.0,420.0
99.0,94.0,162486,1927643,4204.5903,-345.19775,0.8627433176391739,0.0,-8.427298,-4.7404466,-0.11492109479676671,0.0,-4.3320627,-3.963136,0.040703048007693976,0.0,1495.9114,1486.25,-0.06861905036102267,0.0,444.0,420.0
99.0,98.0,8260,1927643,4185.834,-345.19775,0.8780985796578564,0.0,-12.397818,-4.7404466,-0.5436123077801727,0.0,12.397818,-3.963136,0.8069468242903362,0.0,1593.1355,1486.25,0.22999014187067046,0.0,444.0,420.0
99.0,105.0,18911,1927643,4692.268,-345.19775,0.8722353544665609,0.0,-12.621262,-4.7404466,-0.43003412158669696,0.0,15.735998,-3.963136,0.7831419017513994,0.0,1929.3114,1486.25,0.34275300411711584,0.0,444.0,420.0
99.0,106.0,79145,1927643,-91.26636,-345.19775,0.1931728233706289,0.0,-12.067718,-4.7404466,-0.31561459942042136,0.0,12.067718,-3.963136,0.6806871196716571,0.0,1430.2423,1486.25,0.004289256410589859,0.040521763,444.0,420.0
105.0,94.0,15536,275386,45.460022,45.381126,0.02073896441981704,1.30645185e-05,2.115008,-5.0005016,0.5936823447527109,0.0,-2.115008,5.0005016,-0.5936823447527109,0.0,741.68774,1229.154,-0.8773792233977911,0.0,444.0,420.0
105.0,98.0,11315,275386,35.488167,45.381126,-0.0482051659821181,3.0382356e-18,-11.953996,-5.0005016,-0.4251173877149689,0.0,11.953996,5.0005016,0.42511738771496876,0.0,1406.383,1229.154,0.633937640397277,0.0,444.0,420.0
105.0,99.0,4724,275386,-856.6654,45.381126,-0.8922225043363504,0.0,10.553787,-5.0005016,0.7011027468100153,0.0,-10.553787,5.0005016,-0.7011027468100153,0.0,1303.0803,1229.154,0.19549385112789386,0.0,444.0,420.0
105.0,106.0,1724,275386,-870.3529,45.381126,-0.9340868315560544,0.0,10.5246935,-5.0005016,0.20087550007639132,0.0,-10.5246935,5.0005016,-0.20087550007639143,0.0,1277.3889,1229.154,0.4727652767935959,0.0,444.0,420.0
106.0,94.0,507,33647,101.95936,85.51509,0.23059231565876348,4.395467e-19,10.281849,5.5890064,0.5894626241622545,0.0,-10.281849,-5.5890064,-0.5894626241622545,0.0,1251.1113,1409.8088,-0.349523762460337,1.0448e-41,444.0,420.0
106.0,98.0,6046,33647,137.67752,85.51509,0.3634349579586098,0.0,6.8418922,5.5890064,0.13196116800254631,0.0,-6.8418922,-5.5890064,-0.1319611680025462,0.0,1312.8162,1409.8088,-0.04237397180851055,1.4869623e-07,444.0,420.0
106.0,99.0,25255,33647,86.227005,85.51509,-0.0035710340669552476,0.45753503,8.4489155,5.5890064,0.32054458968546085,0.0,-8.4489155,-5.5890064,-0.32054458968546096,0.0,1424.1528,1409.8088,0.23423946021334618,0.0,444.0,420.0
106.0,105.0,6161,33647,207.14313,85.51509,0.556507296529561,0.0,-4.9744616,5.5890064,-0.061851739134098915,1.06931955e-14,4.9744616,-5.5890064,0.061851739134098915,1.06931955e-14,1435.5281,1409.8088,0.5508817650000495,0.0,444.0,420.0
94.0,98.0,4234,719259,82.7602,84.72089,-0.017664244047291944,0.047029994,-5.8912873,-4.4611697,-0.18664384587800953,0.0,5.8912873,4.439192,0.14357914217550594,0.0,667.6934,1487.9366,-0.9529617331994862,0.0,463.0,444.0
94.0,99.0,148397,719259,-1857.5945,84.72089,-0.9053936202525515,0.0,-2.4892788,-4.4611697,0.1491791120077235,0.0,1.4813688,4.439192,-0.27516245720772314,0.0,1392.8435,1487.9366,-0.15418993543381565,0.0,463.0,444.0
94.0,105.0,106871,719259,84.19684,84.72089,-0.04525134208570003,0.0,-7.2081084,-4.4611697,-0.49350347967394737,0.0,7.2081084,4.439192,0.432856707221865,0.0,1251.8231,1487.9366,-0.6760118415163867,0.0,463.0,444.0
94.0,106.0,3394,719259,-4071.8792,84.72089,-0.9005182314903586,0.0,-4.2869253,-4.4611697,-0.027002954227946074,0.006560808,4.2869253,4.439192,-0.01679931230671894,0.09080543,501.90564,1487.9366,-0.9518023592084482,0.0,463.0,444.0
98.0,94.0,5,28710,-81.80316,54.704086,-0.6262068965517241,0.015307856,5.283743,0.17515807,1.0,0.00010770183,-5.283743,-0.17515807,-1.0,0.00010770183,1328.0967,1172.0411,0.7068895855102753,0.0061915936,463.0,444.0
98.0,99.0,1607,28710,-491.74945,54.704086,-0.8725266093547106,0.0,0.5474531,0.17515807,0.1816329507551102,1.2741673e-34,-0.5474531,-0.17515807,-0.18163295075511032,1.2742575e-34,407.16632,1172.0411,-0.18028585318888524,3.906375e-34,463.0,444.0
98.0,105.0,13163,28710,42.63229,54.704086,-0.03023122744153739,6.5463075e-07,0.49705836,0.17515807,0.15650611589175023,0.0,-0.49705836,-0.17515807,-0.15650611589175012,0.0,1141.5929,1172.0411,-0.045789699566613384,4.90519e-14,463.0,444.0
98.0,106.0,10024,28710,-384.92303,54.704086,-0.8346545546001335,0.0,1.1561605,0.17515807,0.2579678503392624,0.0,-1.1561605,-0.17515807,-0.2579678503392624,0.0,1130.8204,1172.0411,-0.04764801328083934,1.130371e-12,463.0,444.0
99.0,94.0,146842,2328144,3398.302,-101.74048,0.7788704787225997,0.0,-0.4392259,-2.438847,0.12223763271722499,0.0,1.899513,-0.6588481,0.15963602204132932,0.0,2173.9927,1489.5715,0.2294144432928078,0.0,463.0,444.0
99.0,98.0,6048,2328144,1316.8678,-101.74048,0.7061002443527375,0.0,-1.6703403,-2.438847,0.15131693859365458,0.0,1.6703403,-0.6588481,0.28821731411327733,0.0,1094.3925,1489.5715,-0.42730672393237024,0.0,463.0,444.0
99.0,105.0,20557,2328144,444.87387,-101.74048,0.5760651673964903,0.0,-3.074703,-2.438847,0.05229862095377125,3.020587e-38,3.074703,-0.6588481,0.4359586564792819,0.0,1111.4598,1489.5715,-0.40383519181588523,0.0,463.0,444.0
99.0,106.0,16565,2328144,191.05908,-101.74048,0.2172598422299412,0.0,-1.6585791,-2.438847,0.16010459042204328,0.0,1.6585791,-0.6588481,0.258729708321352,0.0,1081.9338,1489.5715,-0.49132032610643794,0.0,463.0,444.0
105.0,94.0,428,177211,-350.04636,84.72089,-0.5464796651670902,0.0,6.141307,-4.3813205,0.7321775767912131,0.0,-6.141307,4.3813205,-0.7321775767912131,0.0,1301.0571,1163.6572,0.5791745196087856,0.0,463.0,444.0
105.0,98.0,31753,177211,31.432007,84.72089,-0.14613749897113348,0.0,-1.9511558,-4.3813205,0.1186745963572522,0.0,1.9511558,4.3813205,-0.1186745963572523,0.0,888.0242,1163.6572,-0.4527567182068921,0.0,463.0,444.0
105.0,99.0,16988,177211,-1566.2695,84.72089,-0.9298937437500342,0.0,6.7302113,-4.3813205,0.6301211924766588,0.0,-6.7302113,4.3813205,-0.6301211924766588,0.0,1067.2544,1163.6572,-0.3044007110343493,0.0,463.0,444.0
105.0,106.0,6003,177211,-551.2702,84.72089,-0.8516721694942895,0.0,5.001911,-4.3813205,0.5624900041491256,0.0,-5.001911,4.3813205,-0.5624900041491256,0.0,885.0351,1163.6572,-0.476664703201121,0.0,463.0,444.0
106.0,98.0,22277,50347,323.13892,92.67766,0.6319037507832288,0.0,-0.41064125,-0.7445628,0.05200332728080381,4.3904116e-29,0.41064125,0.7445628,-0.052003327280803924,4.3904116e-29,717.6172,770.4023,-0.15784121526497918,0.0,463.0,444.0
106.0,99.0,7103,50347,-46.015564,92.67766,-0.349014782363236,0.0,3.0414963,-0.7445628,0.5187662300531397,0.0,-3.0414963,0.7445628,-0.5187662300531397,0.0,467.7621,770.4023,-0.5181771631723648,0.0,463.0,444.0
106.0,105.0,8332,50347,298.4842,92.67766,0.614954081373301,0.0,1.6894698,-0.7445628,0.41654674837949646,0.0,-1.6894698,0.7445628,-0.41654674837949646,0.0,1256.9048,770.4023,0.08136031858250825,9.90032e-33,463.0,444.0
94.0,98.0,4598,830241,-20.334673,-13.775757,-0.14263586175082632,0.0,-5.5966473,-1.4387974,-0.3742993549179128,0.0,5.5966473,2.8546548,0.08260979357205245,3.8289269e-22,798.0214,818.01624,-0.23285813546713408,0.0,475.0,463.0
94.0,99.0,92094,830241,-1816.6603,-13.775757,-0.8840847014345082,0.0,0.55447495,-1.4387974,-0.0005101826639714035,0.79915917,-1.933857,2.8546548,-0.3561420313325714,0.0,837.39545,818.01624,0.08567741327492184,0.0,475.0,463.0
94.0,105.0,33070,830241,-14.900604,-13.775757,-0.09581537013330743,0.0,-4.110941,-1.4387974,-0.3337461519214877,0.0,4.110941,2.8546548,0.04610881087475893,0.0,825.33777,818.01624,0.06672068259126984,0.0,475.0,463.0
94.0,106.0,5809,830241,-530.513,-13.775757,-0.7683648374970319,0.0,-6.040995,-1.4387974,-0.6308960839827278,0.0,6.040995,2.8546548,0.3077010677332652,0.0,734.9665,818.01624,-0.2605261110244127,0.0,475.0,463.0
98.0,94.0,2456,23126,-26.357048,-27.512035,-0.013265030743630501,0.27898785,-5.688299,2.1342888,-0.6346199907263452,0.0,5.688299,-2.1342888,0.6346199907263452,0.0,761.8823,755.4524,0.17800497965965234,0.0,475.0,463.0
98.0,99.0,2034,23126,-243.92316,-27.512035,-0.6199508255870898,0.0,0.62076896,2.1342888,-0.09214186044712003,5.18265e-12,-0.62076896,-2.1342888,0.09214186044712003,5.18265e-12,666.27844,755.4524,-0.10848255008622343,4.501922e-16,475.0,463.0
98.0,105.0,12480,23126,-19.724915,-27.512035,0.043570122123617105,1.086846e-11,1.8549502,2.1342888,-0.06231283207157223,2.55433e-22,-1.8549502,-2.1342888,0.06231283207157223,2.55433e-22,784.99554,755.4524,0.30494395114168316,0.0,475.0,463.0
98.0,106.0,13728,23126,-294.33014,-27.512035,-0.6325718895391559,0.0,2.7348652,2.1342888,-0.035410933278863355,1.2519601e-08,-2.7348652,-2.1342888,0.035410933278863244,1.2518412e-08,764.2464,755.4524,0.1362192118145915,0.0,475.0,463.0
99.0,94.0,127542,2374901,2694.5974,-215.24072,0.8363814320493808,0.0,-5.0227532,-3.0214546,-0.1097677950542032,0.0,0.039880425,-2.3753645,0.1738248140558165,0.0,838.4565,1081.5044,-0.10328411251828085,0.0,475.0,463.0
99.0,98.0,3689,2374901,729.21783,-215.24072,0.717847308183164,0.0,-4.0575156,-3.0214546,-0.019306432828367637,0.042412434,4.0575156,-2.3753645,0.4622194399422328,0.0,728.0013,1081.5044,-0.3318195648691108,0.0,475.0,463.0
99.0,105.0,6576,2374901,2907.7534,-215.24072,0.814957404778428,0.0,-0.872407,-3.0214546,0.1876383629835845,0.0,0.872407,-2.3753645,0.250604717741437,0.0,725.35187,1081.5044,-0.32757840379067416,0.0,475.0,463.0
99.0,106.0,14138,2374901,-9.728912,-215.24072,0.36247399686040294,0.0,-3.6274486,-3.0214546,0.05580282202022091,2.1352025e-30,3.6274486,-2.3753645,0.35655134725738935,0.0,766.4771,1081.5044,-0.26580375919831456,0.0,475.0,463.0
105.0,94.0,28591,189230,-14.012573,-13.775757,-0.09152926355999436,0.0,1.7341566,-0.5702549,0.31955497925130394,0.0,-1.7341566,0.5702549,-0.31955497925130394,0.0,830.2235,795.8936,0.3840028469680745,0.0,475.0,463.0
105.0,98.0,18849,189230,-21.66829,-13.775757,-0.0720377811205909,0.0,1.326244,-0.5702549,0.08579867220731385,0.0,-1.326244,0.5702549,-0.08579867220731396,0.0,774.6874,795.8936,-0.22828240761842,0.0,475.0,463.0
105.0,99.0,19255,189230,-740.4916,-13.775757,-0.8361116313426059,0.0,-0.8459866,-0.5702549,0.016043043852786543,0.00023930176,0.8459866,0.5702549,-0.016043043852786543,0.00023928659,736.8692,795.8936,-0.18056248372413541,0.0,475.0,463.0
105.0,106.0,8576,189230,-383.38025,-13.775757,-0.755625704199107,0.0,-4.599151,-0.5702549,-0.2913727771266271,0.0,4.599151,0.5702549,0.291372777126627,0.0,729.9465,795.8936,-0.39025557337730044,0.0,475.0,463.0
106.0,94.0,101,43550,130.95349,-26.03682,0.7719798569983289,4.4906e-41,-6.043462,-4.521264,-0.5617662638824158,1.5574021e-22,6.043462,4.521264,0.5617662638824159,1.5574021e-22,713.89856,739.16895,-0.12609428106989806,0.028354956,475.0,463.0
106.0,98.0,1568,43550,276.01752,-26.03682,0.8699961632184448,0.0,-3.7660403,-4.521264,0.16261981888047994,6.0997456e-28,3.7660403,4.521264,-0.16261981888047983,6.0997456e-28,578.0488,739.16895,-0.5815673691979661,0.0,475.0,463.0
106.0,99.0,3871,43550,-47.379013,-26.03682,-0.07638937834722026,3.0518728e-15,-2.592005,-4.521264,0.2363080055082969,0.0,2.592005,4.521264,-0.236308005508297,0.0,633.1376,739.16895,-0.5731193445565528,0.0,475.0,463.0
106.0,105.0,673,43550,475.08594,-26.03682,0.9208432861410174,0.0,0.23661985,-4.521264,0.47077233560168064,0.0,-0.23661985,4.521264,-0.47077233560168075,0.0,599.14716,739.16895,-0.39037839718995604,0.0,475.0,463.0
94.0,98.0,531,777187,106.05408,-13.086945,0.2606655849297559,2.208464e-25,-8.160932,0.37933174,-0.7799147447825242,0.0,8.160932,0.8599717,0.7207025921677259,0.0,978.67145,816.50415,0.3413122801118835,3.133e-42,489.0,475.0
94.0,99.0,100358,777187,-1089.6697,-13.086945,-0.8646498714082911,0.0,-2.8456244,0.37933174,-0.30927787681986174,0.0,-0.4510365,0.8599717,-0.06875705245631747,0.0,918.8365,816.50415,-0.0010305555996111826,0.59462184,489.0,475.0
94.0,105.0,17220,777187,-13.086975,-13.086945,-0.02834282426811041,1.791769e-10,-8.476782,0.37933174,-0.5523579625193067,0.0,8.476782,0.8599717,0.4484137087371054,0.0,972.93933,816.50415,0.344127559471914,0.0,489.0,475.0
94.0,106.0,2248,777187,-2722.4214,-13.086945,-0.8705594698174817,0.0,-6.1721087,0.37933174,-0.385265843332694,0.0,6.1721087,0.8599717,0.31867310480752997,0.0,969.30164,816.50415,0.36988144171570636,0.0,489.0,475.0
98.0,94.0,1795,10016,-19.77478,-75.10995,0.20197616960495512,2.066e-42,6.9195333,-8.406088,0.8040020646631127,0.0,-6.9195333,8.406088,-0.8040020646631129,0.0,960.14734,943.34216,0.2928106672777595,0.0,489.0,475.0
98.0,99.0,1278,10016,-295.2143,-75.10995,-0.6740543768468104,0.0,-8.518648,-8.406088,-0.15161586531971383,9.533116e-19,8.518648,8.406088,0.15161586531971372,9.533116e-19,948.59314,943.34216,0.027834572664956703,0.10459348,489.0,475.0
98.0,105.0,3689,10016,-62.23224,-75.10995,0.06143250224958585,3.3013034e-08,-7.4550767,-8.406088,0.23286788305964445,0.0,7.4550767,8.406088,-0.23286788305964456,0.0,945.3972,943.34216,-0.06050568480509799,5.2894453e-08,489.0,475.0
98.0,106.0,4883,10016,-256.072,-75.10995,-0.5511084783290008,0.0,-8.273652,-8.406088,0.07869855497229428,5.7406294e-15,8.273652,8.406088,-0.07869855497229417,5.7406294e-15,942.9452,943.34216,-0.05618969918456085,2.4626337e-08,489.0,475.0
99.0,94.0,111855,2306155,3306.7573,-249.54045,0.8710107715457145,0.0,-1.1913666,-2.0844676,-0.00884377551976745,5.6401024e-07,-0.6165546,0.06730212,-0.08415633383720778,0.0,978.61804,974.7437,-0.0031096674652030254,0.07853353,489.0,475.0
99.0,98.0,4521,2306155,1271.6305,-249.54045,0.8124590394930413,0.0,-6.200836,-2.0844676,-0.0509102678754072,3.1568401e-09,6.200836,0.06730212,0.2453684843005728,0.0,978.1859,974.7437,0.17114621986964318,0.0,489.0,475.0
99.0,105.0,20893,2306155,3480.478,-249.54045,0.8489530125563545,0.0,-6.349419,-2.0844676,-0.334980484572304,0.0,6.349419,0.06730212,0.45521334700233185,0.0,1276.6017,974.7437,0.21002834232245338,0.0,489.0,475.0
99.0,106.0,19458,2306155,-12.998367,-249.54045,0.26909224523795383,0.0,-6.720544,-2.0844676,-0.1196902699394432,0.0,6.720544,0.06730212,0.31975942008897773,0.0,975.406,974.7437,0.08036922062825114,0.0,489.0,475.0
105.0,94.0,68419,222558,-32.978363,-23.78064,-0.08316539647002297,0.0,0.362682,-0.4144591,0.1403427488414719,0.0,-0.362682,0.4144591,-0.1403427488414718,0.0,907.29004,932.73627,-0.1281601031060282,0.0,489.0,475.0
105.0,98.0,33302,222558,-68.01743,-23.78064,-0.16090542169461908,0.0,5.2431097,-0.4144591,0.3061876831085588,0.0,-5.2431097,0.4144591,-0.3061876831085588,0.0,965.1224,932.73627,0.416875298874005,0.0,489.0,475.0
105.0,99.0,25022,222558,-1691.0466,-23.78064,-0.853754668806376,0.0,0.31644326,-0.4144591,0.1269158005035942,0.0,-0.31644326,0.4144591,-0.1269158005035943,0.0,873.7308,932.73627,-0.29713119701851864,0.0,489.0,475.0
105.0,106.0,16256,222558,-773.83374,-23.78064,-0.8091846616661831,0.0,5.521367,-0.4144591,0.30698016106595016,0.0,-5.521367,0.4144591,-0.30698016106595016,0.0,973.22034,932.73627,0.5659429382223147,0.0,489.0,475.0
106.0,94.0,174,11511,264.08606,-14.972961,0.7768671046285562,0.0,6.23829,-8.497969,0.8716549986669422,0.0,-6.23829,8.497969,-0.8716549986669423,0.0,937.8263,949.5009,-0.23330058105340523,1.2216947e-07,489.0,475.0
106.0,98.0,1233,11511,233.73999,-14.972961,0.7512168444542238,0.0,-8.238639,-8.497969,0.24474463334658636,3e-45,8.238639,8.497969,-0.24474463334658625,3e-45,949.4923,949.5009,-0.25396470092467005,0.0,489.0,475.0
106.0,99.0,27750,11511,69.56244,-14.972961,0.10452337873448125,0.0,-8.58218,-8.497969,-0.08696187352324958,4.848e-42,-8.480349,8.497969,-0.8969897058904096,0.0,1720.919,949.5009,0.4925549537027254,0.0,489.0,475.0
106.0,105.0,444,11511,209.42992,-14.972961,0.6949287050928958,0.0,-7.4982643,-8.497969,0.6924768787552211,0.0,7.4982643,8.497969,-0.6924768787552212,0.0,941.66223,949.5009,-0.25163376824831085,2.0375024e-19,489.0,475.0
94.0,98.0,2656,784313,-649.2687,16.530884,-0.6239965375883636,0.0,-9.460093,-0.64393,-0.8973980369267684,0.0,9.460093,0.3441919,0.9859462591764945,0.0,1056.3633,638.3967,0.5866038708935957,0.0,500.0,489.0
94.0,99.0,73083,784313,-791.2993,16.530884,-0.8600659394374769,0.0,-0.71811044,-0.64393,-0.05752923008125099,0.0,0.5283048,0.3441919,0.0520655079652006,0.0,933.2581,638.3967,0.21229005566697556,0.0,500.0,489.0
94.0,105.0,61984,784313,4.0729027,16.530884,-0.11712778173834848,0.0,-7.006792,-0.64393,-0.48204647823722635,0.0,7.006792,0.3441919,0.6274911092717999,0.0,1055.0801,638.3967,0.5112466000895564,0.0,500.0,489.0
94.0,106.0,469,784313,-453.6914,16.530884,-0.8023672487462084,0.0,-9.383296,-0.64393,-0.888061796137332,0.0,9.383296,0.3441919,0.9852393059092577,0.0,1045.3638,638.3967,0.5648363314288305,0.0,500.0,489.0
98.0,94.0,2110,543,546.2615,204.5087,0.2673701482897366,6.45989e-22,10.2454815,9.861014,0.856932261527585,0.0,-10.2454815,-9.861014,-0.8569322615275851,0.0,1421.737,1418.1904,0.08921997329213682,0.0013238001,500.0,489.0
98.0,99.0,4996,543,-4133.44,204.5087,-0.9892908802179865,0.0,9.257683,9.861014,-0.06307661230273354,0.015623653,-9.257683,-9.861014,0.06307661230273354,0.015623653,1111.7347,1418.1904,-0.07330652735816645,0.0049590305,500.0,489.0
98.0,105.0,5305,543,306.58655,204.5087,0.08455034775560089,0.0011542726,9.104676,9.861014,-0.41717862331481304,0.0,-9.104676,-9.861014,0.4171786233148129,0.0,1085.1416,1418.1904,-0.8568878520732552,0.0,500.0,489.0
98.0,106.0,1640,543,-3796.6606,204.5087,-0.9907065534743745,0.0,9.711868,9.861014,-0.2477170641872165,4.56159e-18,-9.711868,-9.861014,0.2477170641872164,4.56159e-18,1420.8337,1418.1904,0.08857409154202034,0.0019494428,500.0,489.0
99.0,94.0,116517,2346661,1582.2158,-176.8086,0.78920294892898,0.0,-0.6380622,-0.64582187,-0.09738205806988831,0.0,0.58638245,0.2088969,-0.004062798038037108,0.019050695,605.613,749.51733,-0.13782650209526004,0.0,500.0,489.0
99.0,98.0,2446,2346661,3201.3418,-176.8086,0.8644435033827118,0.0,-9.268548,-0.64582187,-0.6160236771942449,0.0,9.268548,0.2088969,0.76720632311179,0.0,1059.7668,749.51733,0.5390940912697506,0.0,500.0,489.0
99.0,105.0,31014,2346661,4222.0312,-176.8086,0.9177838679321277,0.0,-8.816103,-0.64582187,-0.5299288269264708,0.0,8.816103,0.2088969,0.6452598195320915,0.0,1354.8323,749.51733,0.6056292813544755,0.0,500.0,489.0
99.0,106.0,10229,2346661,-146.79825,-176.8086,-0.0339065362448413,3.0893648e-09,-9.05268,-0.64582187,-0.1827805710071998,0.0,9.05268,0.2088969,0.6187592543940221,0.0,1029.2137,749.51733,0.33379741408997776,0.0,500.0,489.0
105.0,94.0,12049,279896,173.45633,16.530884,0.15885369678931038,0.0,7.5229983,-3.0678458,0.7970797483028464,0.0,-7.5229983,3.0678458,-0.7970797483028464,0.0,1254.2773,1076.05,0.4055952194453323,0.0,500.0,489.0
105.0,98.0,16821,279896,-153.50516,16.530884,-0.2940625458212649,0.0,-9.048453,-3.0678458,-0.44382547818422713,0.0,9.048453,3.0678458,0.44382547818422724,0.0,1044.948,1076.05,-0.2163105865285535,0.0,500.0,489.0
105.0,99.0,22563,279896,-839.0754,16.530884,-0.8665431378700361,0.0,-4.5405703,-3.0678458,0.04591663940680912,1.4482974e-30,4.5405703,3.0678458,-0.04591663940680912,1.4479616e-30,1078.2751,1076.05,0.10034931760783006,0.0,500.0,489.0
105.0,106.0,12714,279896,-526.5506,16.530884,-0.8615539877102782,0.0,-9.136349,-3.0678458,-0.2690296068484216,0.0,9.136349,3.0678458,0.2690296068484215,0.0,1049.1809,1076.05,-0.13230781051155527,0.0,500.0,489.0
106.0,94.0,1439,28045,952.5564,-315.8003,0.9415971873853584,0.0,10.368491,3.902651,0.978448217652782,0.0,-10.368491,3.6777413,-0.9966284702523778,0.0,1430.2467,977.95874,0.9941409560803389,0.0,500.0,489.0
106.0,98.0,294,28045,4933.3477,-315.8003,0.9998185617623765,0.0,2.1499965,3.902651,-0.4086158906422259,1.4858184e-33,-2.1499965,3.6777413,-0.2750261666442294,4.4649796e-16,1230.2792,977.95874,0.8080708482358891,0.0,500.0,489.0
106.0,99.0,127934,28045,-300.10315,-315.8003,0.06757108443187043,0.0,-9.118542,3.902651,-0.6693186867115191,0.0,-10.237819,3.6777413,-0.678182091757215,0.0,1684.8788,977.95874,0.4766237222575289,0.0,500.0,489.0
106.0,105.0,7110,28045,4678.717,-315.8003,0.9929398979287607,0.0,0.98063195,3.902651,-0.4002659128048929,0.0,-0.98063195,3.6777413,-0.11332840855777548,0.0,1396.8267,977.95874,0.9401443179900497,0.0,500.0,489.0
94.0,99.0,145266,785960,-1073.7129,36.505768,-0.9109319367284846,0.0,-1.2011603,-0.17262688,-0.050431253961641054,0.0,0.29956192,0.42626137,-0.051719221661753134,0.0,690.2077,613.18585,0.08810834488512698,0.0,518.0,500.0
94.0,105.0,29617,785960,36.505768,36.505768,0.0035845991158403034,0.29351944,-6.7324076,-0.17262688,-0.5407059522468187,0.0,6.7324076,0.42626137,0.5900414392313638,0.0,902.85016,613.18585,0.5259465342286382,0.0,518.0,500.0
98.0,94.0,296,2252,57.834194,-653.1183,0.6001302145840335,0.0,6.9765453,5.915947,0.7224089097978974,0.0,-6.9765453,-5.915947,-0.7224089097978974,0.0,895.54114,949.52515,-0.9975577264653641,0.0,518.0,500.0
98.0,99.0,1600,2252,-593.95166,-653.1183,-0.061076265541740726,0.001216379,-1.9274416,5.915947,-0.9078846580817052,0.0,1.9274416,-5.915947,0.907884658081705,0.0,974.4224,949.52515,0.604932004884547,0.0,518.0,500.0
98.0,105.0,15725,2252,-94.54977,-653.1183,0.22120970725191813,0.0,-2.0552256,5.915947,-0.8913476238750505,0.0,2.0552256,-5.915947,0.8913476238750504,0.0,960.63007,949.52515,0.2429091822990057,0.0,518.0,500.0
98.0,106.0,709,2252,-2007.7849,-653.1183,-0.554652563964456,0.0,6.377256,5.915947,0.686261639865019,0.0,-6.377256,-5.915947,-0.686261639865019,0.0,981.66376,949.52515,0.7483064732305025,0.0,518.0,500.0
99.0,94.0,119455,2094209,3006.6487,-81.475586,0.7776805007026293,0.0,0.18752736,-0.82294345,0.010472634566846661,1.0752581e-09,-0.96763295,-0.8712448,-0.020045942718474707,1.7732696e-31,982.4441,782.6283,0.19609446435662048,0.0,518.0,500.0
99.0,98.0,4773,2094209,4578.597,-81.475586,0.9620755364027451,0.0,-4.566506,-0.82294345,-0.319166292710103,0.0,4.566506,-0.8712448,0.5035872126592076,0.0,1165.7365,782.6283,0.176477614402609,0.0,518.0,500.0
99.0,105.0,35366,2094209,4306.9663,-81.475586,0.8799994171279002,0.0,-7.6053896,-0.82294345,-0.44725514859258775,0.0,7.5450873,-0.8712448,0.598891575865746,0.0,981.4068,782.6283,0.24221131597898293,0.0,518.0,500.0
99.0,106.0,42313,2094209,-638.4509,-81.475586,-0.3370613754590903,0.0,-4.1585345,-0.82294345,-0.13173738574525218,0.0,4.35743,-0.8712448,0.5849731300634986,0.0,1326.116,782.6283,0.43132392131199815,0.0,518.0,500.0
105.0,94.0,25530,290424,36.505768,36.505768,0.1254091486797282,0.0,-0.26389018,-5.3357644,0.41009436515844544,0.0,0.26389018,5.3357644,-0.41009436515844533,0.0,796.87537,934.87463,-0.5876121725304599,0.0,518.0,500.0
105.0,98.0,5673,290424,36.505768,36.505768,-0.007534387416594512,0.3298541,5.173599,-5.3357644,0.6593616016901909,0.0,-5.173599,5.3357644,-0.6593616016901909,0.0,975.0895,934.87463,0.28715719583064025,0.0,518.0,500.0
105.0,99.0,17585,290424,-615.54614,36.505768,-0.8003676583147664,0.0,1.0358785,-5.3357644,0.38595047871768884,0.0,-1.0358785,5.3357644,-0.38595047871768884,0.0,931.3329,934.87463,-0.011138110419966929,0.012986738,518.0,500.0
105.0,106.0,259,290424,-1950.6237,36.505768,-0.9576076734885924,0.0,6.3763337,-5.3357644,0.9698385861512875,0.0,-6.3763337,5.3357644,-0.9698385861512876,0.0,983.7888,934.87463,0.8432721505194853,0.0,518.0,500.0
106.0,94.0,700,78292,1710.6553,-621.29333,0.9899676120895402,0.0,6.9570556,-2.8526587,0.9138155877995198,0.0,-6.9570556,-2.8822708,-0.5342129828991833,0.0,922.7635,816.33777,0.05847764048142112,0.0076335077,518.0,500.0
106.0,98.0,3769,78292,4554.099,-621.29333,0.9946023442904526,0.0,-4.411984,-2.8526587,0.19536188565106194,0.0,4.411984,-2.8822708,0.32804486966813107,0.0,875.924,816.33777,-0.30485489097782903,0.0,518.0,500.0
106.0,99.0,115550,78292,-537.91455,-621.29333,0.11269222997540096,0.0,-12.174667,-2.8526587,-0.6917270478281187,0.0,-12.174667,-2.8822708,-0.6662172233303929,0.0,1425.1531,816.33777,0.46197380130255206,0.0,518.0,500.0
106.0,105.0,10377,78292,4703.307,-621.29333,0.992561883797372,0.0,-4.2634964,-2.8526587,0.11504857039313876,0.0,4.2634964,-2.8822708,0.46093684583315486,0.0,941.1356,816.33777,0.05719051740198178,2.4990861e-21,518.0,500.0
94.0,98.0,706,830933,197.85526,-88.164856,0.48534504452346927,0.0,6.416888,4.5762143,0.12452455702129628,1.0138158e-08,-6.416888,-1.8258524,-0.27480126447437325,1.2472178e-36,3377.4614,1062.4596,0.5778807998104483,0.0,535.0,518.0
94.0,99.0,144183,830933,-1073.8735,-88.164856,-0.7534486726236441,0.0,5.2464514,4.5762143,0.09982378872368058,0.0,-4.9844637,-1.8258524,-0.19109735538844996,0.0,1361.813,1062.4596,0.1672653053026154,0.0,535.0,518.0
94.0,105.0,74600,830933,-88.16484,-88.164856,0.07605230572091592,0.0,-7.367552,4.5762143,-0.6341584206601779,0.0,7.367552,-1.8258524,0.5584820203997631,0.0,976.1537,1062.4596,-0.18878975863202374,0.0,535.0,518.0
94.0,106.0,769,830933,-1222.3188,-88.164856,-0.8491229946279526,0.0,4.775192,4.5762143,0.026078553336030375,0.21056788,-4.775192,-1.8258524,-0.1766503023344853,2.2364406e-17,3374.8108,1062.4596,0.5472498266190591,0.0,535.0,518.0
98.0,94.0,1806,2522,35.93206,751.013,-0.4620390398381288,0.0,10.708696,10.169182,0.2810068737304412,0.0,-10.708696,-10.169182,-0.2810068737304412,0.0,1509.4976,3484.1616,-0.9444661068971786,0.0,535.0,518.0
98.0,99.0,2354,2522,-4423.413,751.013,-0.9863279605065904,0.0,10.898626,10.169182,0.4492892452956043,0.0,-10.898626,-10.169182,-0.4492892452956043,0.0,1620.9432,3484.1616,-0.8492536705033091,0.0,535.0,518.0
98.0,105.0,20356,2522,-87.07286,751.013,-0.565648545501493,0.0,3.4089463,10.169182,-0.7620549695203335,0.0,-3.4089463,-10.169182,0.7620549695203334,0.0,1013.7676,3484.1616,-0.8189557751484324,0.0,535.0,518.0
98.0,106.0,1906,2522,-2200.9438,751.013,-0.8938216725345813,0.0,10.780836,10.169182,0.24249146857080572,1.51e-43,-10.780836,-10.169182,-0.2424914685708056,1.51e-43,1559.5096,3484.1616,-0.6075243003229502,0.0,535.0,518.0
99.0,94.0,93744,1927381,2957.402,-122.62109,0.8108609575820991,0.0,-2.6441698,2.248474,-0.19807512446725073,0.0,-2.8064973,-1.8941509,-0.05745730836610152,0.0,1335.3932,1669.1813,-0.20664682435133297,0.0,535.0,518.0
99.0,98.0,1198,1927381,1068.2622,-122.62109,0.7337614110392723,0.0,-3.9115825,2.248474,-0.0696081833240576,3.0231844e-05,3.9115825,-1.8941509,0.11409869373208514,8.026001e-12,1065.8528,1669.1813,-0.13691221360243533,2.2995674e-16,535.0,518.0
99.0,105.0,12141,1927381,1063.7812,-122.62109,0.7528262153379832,0.0,-5.3165383,2.248474,-0.1946453051888638,0.0,5.3165383,-1.8941509,0.26351260281296063,0.0,1057.2551,1669.1813,-0.2778773111274857,0.0,535.0,518.0
99.0,106.0,108071,1927381,-752.46094,-122.62109,-0.3440626912390867,0.0,4.794776,2.248474,0.12593640704037812,0.0,5.973754,-1.8941509,0.3679526073763779,0.0,1826.1196,1669.1813,0.3773835400243011,0.0,535.0,518.0
105.0,94.0,28335,234083,-70.10614,-88.164856,0.19049992674937233,0.0,10.361138,-7.008345,0.902516121536258,0.0,-10.361138,7.008345,-0.9025161215362582,0.0,1482.1483,1038.862,0.6946128990769602,0.0,535.0,518.0
105.0,98.0,13700,234083,-95.691086,-88.164856,-0.08814067790727798,0.0,-5.6352825,-7.008345,0.19931334075744744,0.0,5.6352825,7.008345,-0.19931334075744733,0.0,1040.1384,1038.862,0.15462577703815894,0.0,535.0,518.0
105.0,99.0,18643,234083,-830.7289,-88.164856,-0.7651872428874247,0.0,-4.6808352,-7.008345,0.13261941945203004,0.0,4.6808352,7.008345,-0.13261941945203004,0.0,1072.4003,1038.862,0.3345104142923758,0.0,535.0,518.0
105.0,106.0,3135,234083,-680.69104,-88.164856,-0.6803601124564651,0.0,2.7500503,-7.008345,0.5431614425998559,0.0,-2.7500503,7.008345,-0.5431614425998559,0.0,1071.241,1038.862,0.32681162227106,0.0,535.0,518.0
106.0,94.0,1360,622,4572.363,910.09894,0.9017874030641195,0.0,22.72498,4.782875,0.8240755627009646,0.0,-22.72498,-4.782875,-0.8240755627009646,0.0,3131.9507,3283.7542,-0.006073860412332155,0.8280196,535.0,518.0
106.0,98.0,616,622,2593.2021,910.09894,0.5904601829039129,0.0,6.976465,4.782875,0.2956789994571345,2.1390144e-19,-6.976465,-4.782875,-0.2956789994571345,2.1390144e-19,3322.4668,3283.7542,0.03922203198730534,0.23225495,535.0,518.0
106.0,99.0,2559,622,924.1715,910.09894,-0.07129493157621614,0.0057479767,20.856152,4.782875,0.6469380498059305,0.0,-20.856152,-4.782875,-0.6469380498059305,0.0,2923.5603,3283.7542,-0.34472368502065087,1.12264e-40,535.0,518.0
106.0,105.0,4936,622,3383.7651,910.09894,0.6589841938224059,0.0,10.178343,4.782875,0.2543404451578273,4.0620642e-25,-10.178343,-4.782875,-0.2543404451578273,4.0620642e-25,2923.8499,3283.7542,-0.27409263003747,6.6302895e-29,535.0,518.0
94.0,99.0,84242,711435,-1719.3344,143.26788,-0.9322040070758846,0.0,-8.50872,-5.852158,-0.009786961489283597,3.2817884e-06,-11.326836,-5.783601,-0.15172572452023658,0.0,1605.4502,1472.8971,0.1561089684444017,0.0,545.0,535.0
94.0,105.0,149931,711435,143.26788,143.26788,0.0011442452683485538,0.48475415,-13.611488,-5.852158,-0.5442066339592282,0.0,13.611488,-5.783601,0.6734773826921752,0.0,1606.5371,1472.8971,0.21744758110551765,0.0,545.0,535.0
94.0,106.0,120,711435,-1442.5659,143.26788,-0.9461551418377411,0.0,8.394569,-5.852158,0.39984698766108884,3.3013644e-14,-8.394569,-5.783601,-0.23554994482981584,7.863542e-06,1751.1931,1472.8971,0.5633631439742679,1.1564722e-26,545.0,535.0
98.0,94.0,19140,16427,136.0463,84.838104,0.07856785592494053,1.7535314e-37,18.785273,4.514532,0.808858507596288,0.0,-18.785273,-4.514532,-0.808858507596288,0.0,2237.9873,1115.7524,0.6378646345100858,0.0,545.0,535.0
98.0,99.0,10485,16427,-2687.9783,84.838104,-0.8140487970956547,0.0,-11.917328,4.514532,-0.47669505805355117,0.0,11.917328,-4.514532,0.47669505805355117,0.0,1654.7601,1115.7524,0.40909082332118984,0.0,545.0,535.0
98.0,105.0,31553,16427,103.18889,84.838104,-0.00532074390769921,0.33814836,-8.493048,4.514532,-0.4469404701927925,0.0,8.493048,-4.514532,0.4469404701927926,0.0,1540.2137,1115.7524,0.13236987631129393,0.0,545.0,535.0
98.0,106.0,13202,16427,-4243.091,84.838104,-0.8637676274756771,0.0,-2.0272226,4.514532,-0.40443943704440466,0.0,2.0272226,-4.514532,0.40443943704440466,0.0,1652.4696,1115.7524,0.3351019181354311,0.0,545.0,535.0
99.0,94.0,213673,2222700,1408.1008,-151.32788,0.7922459332269991,0.0,-1.7763568e-15,0.34664708,-0.1166628163850717,0.0,-8.521293,0.0,-0.28031182023313006,0.0,1385.5914,1533.7422,0.027175849875722857,0.0,545.0,535.0
99.0,98.0,5259,2222700,1106.2865,-151.32788,0.8286577955049419,0.0,-6.0720096,0.34664708,-0.5232370481304877,0.0,6.0720096,0.0,0.4572247382671253,0.0,1476.1879,1533.7422,-0.06313812630113391,2.35235e-15,545.0,535.0
99.0,105.0,19126,2222700,493.34613,-151.32788,0.719194448899332,0.0,-11.209341,0.34664708,-0.5194828871648289,0.0,11.209341,0.0,0.4680464117683065,0.0,1504.7556,1533.7422,-0.06824291646636138,0.0,545.0,535.0
99.0,106.0,3468,2222700,-435.4729,-151.32788,-0.4097700607691146,0.0,6.761282,0.34664708,0.21413486312380559,0.0,-6.761282,0.0,-0.3642318982301158,0.0,849.02246,1533.7422,-0.4109355651597191,0.0,545.0,535.0
105.0,94.0,65986,80883,143.26788,143.26788,-0.0459278062893288,0.0,19.083948,-8.732003,0.844057381894513,0.0,-19.083948,8.732003,-0.955701427872484,0.0,2233.5247,1462.2325,0.6606822032162802,0.0,545.0,535.0
105.0,98.0,8609,80883,137.35075,143.26788,-0.15351160072270442,0.0,-2.6235745,-8.732003,0.3663839440591248,0.0,2.6235745,8.732003,-0.3663839440591248,0.0,1449.1409,1462.2325,0.03382408218825894,2.3699376e-07,545.0,535.0
105.0,99.0,8408,80883,-3115.297,143.26788,-0.9504370869280083,0.0,-10.683039,-8.732003,0.02710851602694997,4.1734154e-05,-11.215749,8.732003,-0.8596066797593117,0.0,1704.7714,1462.2325,0.7973534689362827,0.0,545.0,535.0
105.0,106.0,1328,80883,-3580.935,143.26788,-0.9616083487542395,0.0,-1.2183828,-8.732003,0.5906213407466891,0.0,1.2183828,8.732003,-0.5906213407466891,0.0,1446.4431,1462.2325,-0.0978279796981778,9.0863567e-10,545.0,535.0
106.0,94.0,4714,53789,1207.8479,-276.2871,0.8963941530741046,0.0,6.2799487,6.2607884,0.08262798068598354,4.431156e-21,-6.2799487,-6.2607884,-0.08262798068598354,4.4318003e-21,708.9625,776.29645,-0.06260325262668387,9.435505e-13,545.0,535.0
106.0,98.0,4183,53789,1427.0256,-276.2871,0.8815199172075967,0.0,5.4838576,6.2607884,-0.14990162173197386,0.0,-5.4838576,-6.2607884,0.14990162173197397,0.0,1009.7969,776.29645,0.24596859012775885,0.0,545.0,535.0
106.0,99.0,87322,53789,-170.47107,-276.2871,0.0693773025199722,0.0,0.414495,6.2607884,-0.17103802224539444,0.0,-0.414495,-6.2607884,0.17103802224539444,0.0,676.4363,776.29645,-0.0844041699082062,0.0,545.0,535.0
106.0,105.0,17331,53789,1365.8186,-276.2871,0.903143069049644,0.0,-6.020919,6.2607884,-0.6555823963330416,0.0,6.020919,-6.2607884,0.6555823963330416,0.0,978.79224,776.29645,0.2749411695821402,0.0,545.0,535.0
